No,施設名,〒,所在地1,所在地2,℡,開　 設 年月日,開設者,管理者,歯科,矯正,小歯,口腔,備考,緯度,経度
1,佐久間歯科医院,958-0051,村上市,岩船上町4-30,0254-56-7700,平成9年9月1日,医療法人社団　一真会,佐久間　秀治,1,0,1,0,,38.190235,139.437775
2,高原歯科医院,958-0876,村上市,塩町1-15,0254-52-2309,平成30年4月24日,高原　繁,高原　繁,1,0,0,0,,38.226555,139.477432
3,緑町歯科クリニック,958-0033,村上市,緑町4-2-73,0254-53-6677,平成4年4月1日,医療法人社団　佐久間歯科医院,佐久間　利則,1,1,1,1,,38.21907,139.457352
4,中野歯科医院,958-0857,村上市,飯野3-10-11,0254-53-7500,平成7年5月1日,医療法人社団　中野医院,中野　久士,1,1,1,0,,38.220379,139.469803
5,いいの歯科医院,958-0857,村上市,飯野2-5-6,0254-52-5756,平成18年5月1日,佐藤　雅人,佐藤　雅人,1,0,1,1,,38.22147,139.47435
6,新町歯科医院,958-0834,村上市,新町2-46,0254-52-1182,平成8年10月1日,佐藤　鶴英,佐藤　鶴英,1,1,1,0,,38.225632,139.484314
7,丹田矯正歯科,958-0854,村上市,田端町10-8 清水屋ﾋﾞﾙ2階,0254-50-1515,平成9年7月16日,医療法人社団　丹田会,丹田　薫,1,1,1,0,,38.220745,139.4655
8,ふじかわ歯科,958-0823,村上市,仲間町518-70,0254-52-7740,平成9年10月1日,藤川　圭次郎,藤川　圭次郎,1,0,0,0,,38.216835,139.485565
9,さとう歯科クリニック,958-0854,村上市,田端町8-10,0254-53-8330,平成14年12月4日,医療法人社団　幸仁会,佐藤　聡,1,0,0,0,,38.219292,139.465057
10,いわふね歯科クリニック,958-0051,村上市,岩船上町1-16,0254-56-7744,平成16年10月1日,百瀬　学,百瀬　学,1,0,1,1,,38.192665,139.43779
11,まきの歯科医院,958-0834,村上市,新町15-15,0254-52-2880,平成21年4月24日,牧野　和彦,牧野　和彦,1,0,1,0,,38.22356,139.492279
12,渡辺歯科医院,958-0851,村上市,羽黒町11-15,0254-53-5099,平成20年8月1日,渡邉　賢一,渡邉　賢一,1,0,0,0,,38.216949,139.474274
13,お城山歯科クリニック,958-0834,村上市,新町9-86,0254-52-1111,平成21年6月23日,医療法人社団 佐藤クリニック,佐藤　哲,1,0,1,1,,38.223846,139.489548
14,前川歯科クリニック,959-3134,村上市,羽ｹ榎185,0254-62-2867,平成3年11月25日,前川　隆志,前川　隆志,1,1,1,0,,38.122448,139.450104
15,加藤歯科クリニック,959-3133,村上市,山口468-1,0254-50-5115,平成10年9月1日,加藤　英敏,加藤　英敏,1,1,1,0,,38.124027,139.442368
16,鈴木歯科医院,959-3111,村上市,長政253,0254-62-3040,平成18年7月18日,鈴木　英雄,鈴木　英雄,1,0,0,0,,38.10342,139.427338
17,藤原歯科診療所,959-3449,村上市,岩船駅前30-8,0254-56-6393,平成2年1月4日,藤原　喜栄門,藤原　喜栄門,1,1,1,1,,38.182468,139.456421
18,さくらい歯科クリニック,959-3443,村上市,北新保字正樹院屋敷571-55,0254-60-1230,平成28年10月1日,医療法人社団　さくらい歯科クリニック,櫻井　正憲,1,1,1,0,,38.168171,139.437149
19,あさひ歯科医院,958-0251,村上市,岩沢5564-1,0254-72-1313,平成16年1月1日,小田　正美,小田　正美,1,0,0,0,,38.266048,139.531906
20,エクセレント歯科クリニック村上医院,958-0261,村上市,猿沢2586-1,0254-72-6642,平成22年6月1日,佐藤　理江,佐藤　理江,1,1,1,1,,38.282295,139.520935
21,本図歯科医院,959-3907,村上市,府屋176-143,0254-77-2473,平成7年12月6日,本図　悟,本図　悟,1,0,0,0,,38.514324,139.533585
22,医療法人 徳真会 松村歯科　関川診療所,959-3265,関川村,大字下関字宮越1417-1,0254-64-1201,昭和61年12月1日,医療法人　徳真会,髙松　麗子,1,1,1,0,,38.083347,139.555481
23,おおしま歯科医院,958-0873,村上市,上片町3-30,0254-53-2417,令和2年1月1日,大島　賢,大島　賢,1,0,0,0,,38.228302,139.49118
24,関川ファミリー歯科 阿部医院,959-3265,関川村,大字下関891-1,0254-75-5841,令和4年12月15日,阿部　満,阿部　満,1,0,1,1,,38.083347,139.555481
25,あらかわ歯科クリニック,959-3132,村上市,坂町1569-2,0254-62-1717,令和7年8月6日,桐生　繁喜,桐生　繁喜,1,0,0,0,,38.114491,139.445465
26,赤松歯科医院,959-2334,新発田市,月岡温泉590,0254-32-3166,昭和59年5月1日,赤松　俊嗣,赤松　俊嗣,1,0,1,0,,37.881218,139.31073
27,阿部矯正歯科医院,957-0018,新発田市,緑町2-16-23,0254-24-0508,平成6年7月20日,阿部　裕子,阿部　裕子,0,1,0,0,,37.960625,139.333496
28,有田歯科医院,957-0056,新発田市,大栄町3-3-18,0254-23-5411,昭和60年9月17日,有田　美智子,有田　美智子,1,0,0,0,,37.944,139.323471
29,飯島歯科医院,957-0341,新発田市,下羽津2112-1,0254-25-3391,平成3年10月1日,飯島　のぞみ,飯島　のぞみ,1,0,0,0,,37.92717,139.392258
30,石井歯科クリニック,957-0016,新発田市,豊町4-5-3,0254-26-6298,平成6年9月10日,石井　史郎,石井　史郎,1,1,1,1,,37.940746,139.340591
31,石橋歯科医院,959-2453,新発田市,大字三日市473-3,0254-21-1484,平成7年10月16日,石橋　国幸,石橋　国幸,1,1,1,0,,37.964245,139.362595
32,稲富歯科医院,957-0051,新発田市,城北町3-8-2,0254-26-8008,平成4年4月8日,稲富　道知,稲富　道知,1,1,1,0,,37.962845,139.318604
33,うがむら歯科医院,957-0018,新発田市,緑町1-13-21-3,0254-22-2232,平成30年5月16日,羽田  亮子,羽田  亮子,1,0,1,0,,37.961033,139.330933
34,遠藤歯科クリニック,959-2311,新発田市,荒町甲1456-3,0254-24-0100,令和2年5月1日,医療法人社団　遠藤歯科クリニック,遠藤　雄,1,1,1,1,,37.931179,139.321411
35,大平歯科医院,957-0057,新発田市,御幸町2-4-6,0254-23-2117,平成元年8月1日,医療法人社団　大平歯科医院,大平　弘司,1,0,0,0,,37.947731,139.318115
36,おぐま歯科医院,957-0054,新発田市,本町2丁目8-17,0254-28-8834,平成28年4月20日,小熊　崇泰,小熊　崇泰,1,1,1,1,,37.950562,139.332642
37,片桐歯科医院,957-0067,新発田市,中曽根町3丁目13-4,0254-20-0648,平成27年3月16日,片桐　正央,片桐　正央,1,0,0,0,,37.961952,139.309219
38,片山歯科医院,957-0016,新発田市,豊町2-1-20,0254-22-1188,令和4年1月1日,片山　直人,片山　直人,1,1,1,0,,37.942169,139.335236
39,河内歯科医院,957-0204,新発田市,稲荷岡2068,0254-41-2016,平成27年7月1日,河内　康之,河内　康之,1,0,1,1,,38.016861,139.324432
40,北村歯科医院,959-2331,新発田市,下飯塚82,0254-23-5055,昭和62年5月11日,北村　伸,北村　伸,1,0,0,0,,37.913944,139.302368
41,木戸歯科医院,957-0065,新発田市,舟入町2-5-4,0254-23-8020,平成11年7月21日,木戸　寿明,木戸　寿明,1,0,1,0,,37.956562,139.308792
42,キフネ歯科医院,957-0061,新発田市,住吉町3-3-30,0254-23-5588,平成5年4月1日,貴船　亮英,貴船　亮英,1,0,1,0,,37.950867,139.308472
43,貴船歯科クリニック,957-0052,新発田市,大手町5-2-12,0254-26-5366,平成13年6月5日,貴舩　彩子,貴舩　彩子,1,1,1,0,,37.9548,139.327362
44,休日救急歯科診療所,957-0054,新発田市,本町1丁目16番14号,0254-23-8350,令和2年4月1日,下越福祉行政組合,山崎　太亮,1,0,0,0,,37.946014,139.336395
45,くまくら歯科医院,957-0056,新発田市,大栄町2-2-20,0254-26-8148,平成17年11月1日,医療法人　熊倉医院,熊倉　清志,1,0,0,0,,37.944485,139.326233
46,小宮歯科医院,957-0061,新発田市,住吉町4-2-20,0254-24-5959,平成4年11月2日,小宮　隆瑞,小宮　隆瑞,1,0,0,0,,37.947098,139.313477
47,斎藤歯科医院,957-0204,新発田市,稲荷岡2400-5,0254-41-2700,昭和60年7月1日,斎藤　宏之,斎藤　宏之,1,0,0,0,,38.013077,139.321014
48,齋藤デンタルクリニック,957-0015,新発田市,東新町4-8-18-7,0254-21-0031,令和2年10月1日,医療法人社団　健優会,齋藤　健,1,0,1,0,,37.947163,139.347839
49,佐藤歯科医院,959-2477,新発田市,下小中山1024,0254-33-2903,昭和60年7月3日,佐藤　武寛,佐藤　武寛,1,0,0,0,,38.018883,139.380829
50,佐藤歯科医院,957-0052,新発田市,大手町2-5-2,0254-22-2134,昭和62年9月3日,医療法人社団　佐藤歯科医院,佐藤　隆,1,0,1,0,,37.950878,139.321594
51,歯科小林クリニック,957-0007,新発田市,小舟町2-1-21,0254-24-0808,令和7年12月1日,医療法人社団小舟会,小林　千里,1,0,1,1,,37.968132,139.328262
52,白勢歯科医院,957-0055,新発田市,諏訪町1-4-9,0254-23-2130,昭和58年4月5日,白勢　信男,白勢　信男,1,0,0,0,,37.945965,139.331268
53,スズキ歯科医院,957-0018,新発田市,緑町2-4-12,0254-26-5506,昭和56年7月15日,鈴木　英彦,鈴木　英彦,1,0,0,0,,37.959805,139.337326
54,鈴木歯科医院,957-0053,新発田市,中央町4丁目11-15,0254-22-5505,平成28年6月15日,鈴木　正晴,鈴木　正晴,1,1,1,1,,37.952614,139.327667
55,田上歯科医院,957-0021,新発田市,五十公野5083-3,0254-22-8148,平成6年3月10日,田上　正幸,田上　正幸,1,0,1,0,,37.926281,139.355545
56,田崎歯科医院,959-2452,新発田市,上館甲701,0254-24-6880,昭和59年7月16日,田崎　卓,田崎　卓,1,1,1,0,,37.970776,139.377319
57,豊島歯科医院,957-0053,新発田市,中央町1-1-2,0254-22-2169,令和5年5月9日,豊島　絋一郎,豊島　絋一郎,1,1,1,1,,37.947083,139.330276
58,長島歯科医院,957-0053,新発田市,中央町1-3-6,0254-22-2282,平成7年4月1日,長島　節志,長島　節志,1,1,1,0,,37.947639,139.328537
59,西方歯科医院,957-0052,新発田市,大手町2-9-10,0254-22-2755,平成27年2月22日,西方　純一,西方　純一,1,0,0,0,,37.951309,139.319168
60,西方歯科診療所,957-0056,新発田市,大栄町3丁目1番16号,0254-23-6480,平成23年7月20日,医療法人 社団西方歯科診療所,西方　俊彌,1,0,0,0,,37.94334,139.325623
61,布村歯科医院,957-0056,新発田市,大栄町6-6-21,0254-26-1579,平成22年8月1日,布村　玲輔,布村　玲輔,1,0,0,0,,37.939445,139.324387
62,野田歯科医院,957-0082,新発田市,佐々木164,0254-27-8301,平成8年9月5日,原田　恵子,原田　恵子,1,0,0,0,,37.952335,139.263901
63,ハート歯科クリニック,957-0067,新発田市,中曽根町1-3-10,0254-21-7667,平成27年4月1日,医療法人　新発田中曽根会,村上　心平,1,0,1,1,,37.959957,139.31662
64,HARADA DENTAL CLINIC,957-0016,新発田市,豊町2丁目6番27号,0254-23-2333,平成18年4月1日,HARADA DENTAL CLINIC,原田　健一,1,1,1,1,,37.940132,139.338135
65,星野歯科医院,957-0061,新発田市,住吉町4丁目19番2号,0254-21-0960,平成18年5月8日,星野　建介,星野　建介,1,0,0,0,,37.941498,139.311569
66,まるやま歯科医院,956-0062,新発田市,富塚町1-24-15,0254-28-9242,令和2年1月15日,丸山　拓,丸山　拓,1,1,1,1,,37.944611,139.303391
67,村山歯科医院,957-0056,新発田市,大栄町7-1-8,0254-23-1019,平成15年9月1日,医療法人社団　M.D.C,村山　良雄,1,1,0,0,,37.94627,139.327148
68,メディケア歯科クリニック,957-0061,新発田市,住吉町5丁目11番5号ｲｵﾝﾓｰﾙ新発田1階,0254-28-7838,平成26年5月15日,医療法人社団 伸詠会,鈴木　理恵,1,1,1,1,,37.941456,139.309586
69,柳川歯科医院,957-0017,新発田市,新富町1-5-10,0254-22-6655,平成28年9月1日,医療法人社団　柳川歯科医院,柳川　俊明,1,0,1,1,,37.954685,139.336807
70,山崎歯科医院,957-0052,新発田市,大手町2-2-2,0254-24-2171,昭和61年12月1日,医療法人社団　山崎歯科医院,山崎　太亮,1,1,1,0,,37.951427,139.322556
71,山田歯科医院,957-0053,新発田市,中央町1-6-19,0254-24-8318,平成元年4月14日,山田　一夫,山田　一夫,1,0,0,0,,37.949715,139.328735
72,山城歯科医院,957-0058,新発田市,西園町3-1-33,0254-23-6222,平成21年4月1日,山城　秀樹,山城　秀樹,1,0,1,0,,37.95472,139.320465
73,いいじま歯科クリニック,957-0063,新発田市,新栄町2丁目2番3号,0254-23-0648,令和5年4月18日,医療法人社団 友和会,飯島　浩,1,0,0,0,,37.951328,139.299286
74,アイザワ歯科医院,959-2015,阿賀野市,北本町4-5,0250-62-1224,昭和61年6月25日,相沢　雄司,相沢　雄司,1,0,0,0,,37.840878,139.227127
75,阿部歯科医院,959-2022,阿賀野市,外城町17-32,0250-62-2148,平成15年10月25日,阿部　高道,阿部　高道,1,0,0,0,,37.836201,139.234695
76,猪股歯科医院,959-2025,阿賀野市,岡山町13-37,0250-62-1222,昭和58年5月6日,猪股　文明,猪股　文明,1,1,1,0,,37.833477,139.223114
77,かねこ歯科医院,959-2037,阿賀野市,百津町4-29,0250-63-9200,平成19年7月13日,金子　進,金子　進,1,0,1,0,,37.82888,139.218307
78,京ヶ瀬歯科医院,959-2112,阿賀野市,姥ｹ橋998-1,0250-67-2611,平成13年3月1日,田尻　博志,田尻　博志,1,0,0,0,,37.842884,139.186172
79,こばやし歯科医院,959-1968,阿賀野市,榎舟渡111,0250-63-2626,平成6年4月11日,小林　秀人,小林　秀人,1,1,1,0,,37.879055,139.240341
80,斎藤歯科医院,959-2021,阿賀野市,中央町1-11-22,0250-62-2023,平成19年8月29日,斎藤　和俊,斎藤　和俊,1,0,0,0,,37.838463,139.228882
81,さの歯科クリニック,959-2221,阿賀野市,保田1768-1,0250-68-1110,平成10年11月20日,佐野　俊哉,佐野　俊哉,1,0,1,0,,37.773476,139.234467
82,医療法人厚徳会まつむらデンタルクリニック,959-2033,阿賀野市,百津町9-36,0250-62-2151,平成6年4月1日,医療法人　厚徳会,唐澤　康太,1,1,1,0,,37.827503,139.226807
83,たかはし歯科クリニック,959-2024,阿賀野市,中島町7-4,0250-25-7581,平成28年4月11日,高橋　希,高橋　希,1,1,1,1,,37.834873,139.227478
84,冨田歯科医院,959-2021,阿賀野市,中央町1-5-1,0250-62-6480,平成5年10月1日,冨田　直志,冨田　直志,1,0,0,0,,37.840557,139.23024
85,にらさわ歯科医院,959-2021,阿賀野市,中央町2-13-14,0250-63-2888,平成9年6月23日,韮澤　敏,韮澤　敏,1,0,0,0,,37.839676,139.221817
86,緑岡歯科医院,959-2113,阿賀野市,緑岡3-1,0250-67-2777,昭和61年11月1日,渡辺　他鶴,渡辺　他鶴,1,0,0,0,,37.841305,139.188034
87,山浦歯科医院,959-2205,阿賀野市,寺社甲160-3,0250-68-5763,平成5年10月1日,山浦　薫,山浦　薫,1,0,0,0,,37.784607,139.229904
88,よしだ歯科医院,959-2005,阿賀野市,山口1-6-8,0250-62-0139,平成元年10月26日,吉田　常男,吉田　常男,1,1,1,0,,37.847195,139.213837
89,有松歯科医院,959-2644,胎内市,大川町14-49,0254-43-5385,平成29年10月1日,医療法人社団　有松歯科医院,有松　圭,1,0,1,1,,38.049568,139.40657
90,黒川歯科診療所,959-2807,胎内市,黒川1410番地,0254-47-2356,平成17年9月1日,胎内市長,田邊　義浩,1,1,1,0,,38.073917,139.440308
91,小林歯科医院,959-2643,胎内市,東本町22-27,0254-39-1182,平成11年4月1日,医療法人社団　小林歯科医院,小林　豊,1,0,1,0,,38.057743,139.411224
92,斎藤歯科医院,959-2648,胎内市,住吉町10-12,0254-43-3462,昭和61年5月8日,斎藤　栄喜,斎藤　栄喜,1,0,0,0,,38.06245,139.410217
93,佐藤歯科クリニック,959-2655,胎内市,本郷546-5,0254-43-5188,昭和62年4月9日,佐藤　宜紀,佐藤　宜紀,1,1,1,0,,38.060455,139.398132
94,新栄町歯科医院,959-2632,胎内市,新栄町2-54,0254-43-6480,平成20年4月1日,医療法人社団　尽誠会,佐久間　利喜,1,1,1,0,,38.049133,139.402359
95,鈴木歯科医院,959-2645,胎内市,本町1-19,0254-43-2013,平成30年1月18日,鈴木　次郎,鈴木　次郎,1,0,0,0,,38.052757,139.402878
96,丹呉歯科医院,959-2645,胎内市,本町2-26,0254-43-2179,平成8年6月1日,丹呉　寿宏,丹呉　寿宏,1,0,0,0,,38.053177,139.403763
97,NOZAWA Dental　Clinic 野沢歯科医院,959-2643,胎内市,東本町1-4,0254-43-2141,平成25年6月1日,野沢　一禎,野沢　一禎,1,0,1,1,,38.053825,139.403885
98,舟山歯科医院,959-2602,胎内市,乙719-5,0254-46-2703,平成9年4月5日,三浦　友介,三浦　友介,1,0,0,0,,38.116982,139.406067
99,村山歯科医院,959-2643,胎内市,東本町21-13,0254-39-1000,平成8年1月4日,村山　文隆,村山　文隆,1,1,1,0,,38.057983,139.41304
100,さとう歯科医院,957-0127,聖籠町,藤寄1361-22,0254-27-5168,平成11年4月2日,佐藤　格夫,佐藤　格夫,1,1,1,1,,37.956005,139.239395
101,鈴木歯科医院,957-0117,聖籠町,諏訪山1646-8,0254-27-3560,昭和60年6月14日,鈴木　和彦,鈴木　和彦,1,0,0,0,,37.973797,139.274612
102,にしかた歯科医院,957-0121,聖籠町,大字大夫2180-6,0254-20-8548,平成24年6月1日,西方　昭二,西方　昭二,1,0,0,0,,37.965279,139.282623
103,みどり歯科,957-0117,聖籠町,諏訪山1118-1,0254-27-8383,平成19年11月1日,大浦　寿郎,大浦　寿郎,1,1,1,1,,37.974323,139.275314
104,胎内ついじ歯科医院,959-2712,胎内市,築地2025-1,0254-20-8815,令和5年1月18日,医療法人愛広会,西村　安義,1,0,0,0,,38.059566,139.356979
105,笹川歯科医院,959-1876,五泉市,泉町1-4-12,0250-43-5109,昭和61年7月1日,笹川真司,笹川真司,1,0,0,0,,37.741669,139.171692
106,浅井歯科医院,959-1823,五泉市,駅前2-6-12,0250-43-0170,昭和61年12月1日,医療法人社団　浅井歯科医院,浅井豊,1,1,1,0,,37.735229,139.181595
107,長谷川歯科医院,959-1813,五泉市,伊勢の川4-13,0250-43-5800,平成元年5月8日,長谷川寛,長谷川寛,1,1,1,0,,37.747749,139.174667
108,亀嶋歯科医院,959-1865,五泉市,本町2-3-30,0250-42-3042,平成6年3月18日,北村旬子,北村旬子,1,0,0,0,,37.740303,139.17598
109,河辺歯科医院,959-1863,五泉市,東本町2-8-44,0250-42-2425,平成9年3月1日,河辺昌秀,河辺昌秀,1,0,1,0,,37.740658,139.182007
110,武田歯科クリニック,959-1834,五泉市,木越1998-1,0250-41-0313,平成10年9月1日,武田明義,武田明義,1,1,1,1,,37.717278,139.183197
111,はらだ歯科医院,959-1865,五泉市,本町1-9-7,0250-42-0163,平成11年11月15日,原田　学,原田　学,1,0,1,0,,37.736095,139.177261
112,川上歯科,959-1604,五泉市,論瀬5975-14,0250-42-2461,平成12年11月1日,医療法人社団　大翔会　川上歯科,村山千江子,1,0,1,0,,37.746986,139.204636
113,小林歯科医院,959-1863,五泉市,東本町2-5-4,0250-42-4362,平成13年4月1日,小林信之,小林信之,1,1,1,1,,37.741093,139.180939
114,あおば歯科,959-1821,五泉市,赤海字下島841-1,0250-58-9720,平成12年7月13日,長谷川敏樹,長谷川敏樹,1,0,1,0,,37.741669,139.193085
115,わたなべ歯科クリニック,959-1836,五泉市,南本町2丁目3-12,0250-42-1366,平成17年4月1日,渡邊大,渡邊大,1,0,1,0,,37.73127,139.176865
116,佐藤歯科医院,959-1705,五泉市,村松乙633,0250-58-6251,昭和57年1月1日,佐藤典,佐藤典,1,0,1,1,,37.690784,139.167587
117,鈴木歯科医院,959-1704,五泉市,村松甲2583-1,0250-58-2822,昭和61年4月7日,鈴木和久,鈴木和久,1,1,1,1,,37.684532,139.172745
118,いいはま歯科クリニック,959-1704,五泉市,村松甲2190-1,0250-58-1182,平成13年4月1日,医療法人社団　いいはま歯科クリニック,飯濱 剛,1,1,1,1,,37.684532,139.172745
119,大歯科医院,959-1811,五泉市,三本木早出3033,0250-47-5017,平成29年11月1日,医療法人 大歯科医院,五十嵐　大,1,1,1,1,,37.749847,139.183365
120,加藤歯科医院,959-1862,五泉市,旭町8-33,0250-43-0398,平成26年4月2日,加藤健介,加藤健介,1,0,1,1,,37.747082,139.180923
121,あこみ歯科クリニック,959-1821,五泉市,赤海2丁目156-4,0250-41-1631,平成26年6月2日,石井多恵子,石井多恵子,1,0,1,0,,37.73587,139.192398
122,鈴木歯科医院,959-4402,阿賀町,津川3540,0254-92-2226,平成26年12月1日,鈴木靖,鈴木靖,1,0,0,0,,37.68256,139.455505
123,倉田歯科医院,959-4402,阿賀町,津川3548,0254-92-3039,昭和58年11月7日,倉田一良,倉田一良,1,1,1,0,,37.68256,139.455505
124,岡村歯科医院,959-4402,阿賀町,津川3357-1,0254-92-5225,昭和63年11月12日,岡村雅弘,岡村雅弘,1,0,1,0,,37.682812,139.452148
125,医療法人厚徳会まつむらデンタルクリニック津川診療所,959-4402,阿賀町,津川674,0254-92-0150,平成6年7月5日,医療法人厚徳まつむらデンタルクリニック,大橋　雄高,1,1,1,0,,37.675423,139.461716
126,小野里歯科医院,959-4402,阿賀町,津川576-1,0254-92-0023,平成8年4月1日,小野里　靖史,小野里　靖史,1,0,0,0,,37.676025,139.458664
127,阿賀町鹿瀬歯科診療所,959-4301,阿賀町,向鹿瀬1154,0254-92-3377,平成17年4月1日,阿賀町長,渡邊　賢一,1,1,1,0,,37.700062,139.481934
128,三川インターデンタルクリニック,959-4626,阿賀町,あが野南4324-14,0254-99-1600,平成24年8月1日,山本　幸司,山本　幸司,1,0,1,0,,37.71032,139.36673
129,上川歯科診療所,959-4507,阿賀町,両郷2150番地,0254-95-2946,平成24年9月1日,山本　幸司,山本　幸司,1,0,1,0,,37.636635,139.467056
130,金丸歯科医院,959-1823,五泉市,駅前2-7-52,0250-43-3870,令和4年12月1日,医療法人社団　泉会,金丸　祥平,1,0,0,1,"R4,12,1移転",37.733837,139.183563
131,あいば歯科医院,955-0844,三条市,桜木町26-5,0256-34-8008,昭和61年7月24日,相場  剛,相場  剛,1,0,0,0,,37.61887,138.946671
132,あおぞら歯科クリニック,955-0808,三条市,新保232-1,0256-32-6667,平成15年10月20日,遠藤　憲之,遠藤　憲之,1,1,1,1,,37.613045,138.962067
133,青葉デンタルクリニック,955-0845,三条市,西本成寺1丁目24番25号,0256-55-7875,平成28年12月19日,小柳　しのぶ,小柳　しのぶ,1,0,1,1,,37.620041,138.941559
134,青栁歯科医院,955-0851,三条市,西四日町4-14-16,0256-34-1901,昭和60年11月9日,青柳  房枝,青柳  房枝,1,1,1,0,,37.621269,138.951416
135,旭町歯科クリニック,955-0065,三条市,旭町2-2-26,0256-33-3341,令和元年6月19日,医療法人社団　結愛会,瀧　豊,1,1,1,1,,37.635326,138.96138
136,市川歯科医院,955-0081,三条市,東裏館2-10-11,0256-35-4057,平成30年11月1日,市川　晋,市川　晋,1,0,0,0,,37.636021,138.958344
137,一ノ木戸大渓歯科医院,955-0045,三条市,一ﾉ門2-4-43,0256-35-7536,昭和58年11月1日,大溪  利夫,大溪  利夫,1,0,0,0,,37.630939,138.967407
138,駅南歯科小林,955-0033,三条市,西大崎1-5-55,0256-38-0007,平成19年5月1日,医療法人社団　駅南歯科小林,小林　弘,1,1,1,0,,37.625793,138.985977
139,大滝歯科医院,955-0151,三条市,荻堀742-1,0256-46-2072,平成9年1月30日,大滝  和昭,大滝  和昭,1,0,0,0,,37.571781,139.033508
140,おかべ歯科医院,955-0803,三条市,月岡1-26-54,0256-31-1711,平成9年5月20日,岡部  清幸,岡部  清幸,1,0,0,0,,37.613483,138.971741
141,きずな歯科クリニック,955-0852,三条市,南四日町1丁目5番7-1号,0256-33-3455,平成24年9月1日,大橋　桂,大橋　桂,1,0,1,1,,37.623077,138.956207
142,北入蔵歯科ワタナベ,955-0053,三条市,北入蔵1丁目3-16,0256-31-5418,平成15年9月1日,医療法人社団憲和会北入蔵歯科ワタナベ,渡辺  和宏,1,0,1,0,,37.631462,138.980972
143,桐生歯科医院,955-0041,三条市,三竹2丁目4番31-3号,0256-31-2282,平成10年7月28日,桐生  尚明,桐生  尚明,1,0,1,0,,37.625748,138.981613
144,くまがい歯科医院,955-0061,三条市,林町2-2-5,0256-35-4317,平成4年7月1日,医療法人社団　くまがい歯科医院,熊谷  淳平,1,1,1,1,,37.632824,138.965027
145,桑原歯科医院,955-0071,三条市,本町3丁目4-1,0256-33-0336,平成元年8月1日,医療法人社団　桑成会桑原歯科医院,桑原  良昭,1,0,1,1,,37.630489,138.955933
146,後藤歯科医院,955-0862,三条市,南新保4番18号,0256-32-3451,昭和61年5月16日,後藤  昭弘,後藤  昭弘,1,0,0,0,,37.621174,138.959946
147,小林歯科クリニック,955-0083,三条市,荒町2丁目22番17号,0256-32-8451,平成8年8月1日,小林  敏栄,小林  敏栄,1,0,0,0,,37.640331,138.953217
148,小山歯科医院,959-1156,三条市,福島新田乙1372-16,0256-45-5234,昭和61年6月25日,小山  良郎,小山  良郎,1,1,1,0,,37.599392,138.929245
149,こもれびの森歯科医院,955-0083,三条市,荒町2丁目25番70号,0256-47-1616,令和5年4月14日,石村　里佳子,石村　里佳子,1,1,1,1,,37.642483,138.955612
150,近藤歯科医院,955-0842,三条市,島田2丁目7-18,0256-34-3722,平成5年9月1日,医療法人社団　近藤歯科医院,近藤  鉄也,1,1,1,0,,37.625988,138.945374
151,佐藤歯科医院,955-0065,三条市,旭町1-6-4,0256-32-5685,昭和49年1月28日,佐藤　隆年,佐藤　隆年,1,0,0,0,,37.631359,138.960876
152,佐藤歯科診療所,955-0071,三条市,本町4-2-28,0256-35-1247,昭和54年4月2日,医療法人社団　腔友会,佐藤　寿祐,1,1,1,0,,37.629726,138.953491
153,歯科榎本医院,955-0045,三条市,一ﾉ門2-8-15,0256-32-1522,昭和54年3月26日,榎本  弘昭,榎本  弘昭,1,1,0,0,,37.62994,138.969818
154,しただ歯科,955-0151,三条市,大字荻堀字七ﾂ新田1275-2,0256-41-2210,平成18年9月1日,医療法人社団　しただ歯科,笹川弘康,1,0,1,1,,37.571781,139.033508
155,じろう歯科診療所,955-0132,三条市,長野337,0256-46-0388,平成25年3月1日,医療法人社団　しただ,奥山　次郎,1,0,1,0,,37.53149,139.121094
156,土田歯科矯正歯科医院,955-0842,三条市,島田2-7-1,0256-32-1182,平成3年10月1日,医療法人社団　土田歯科医院,土田  泰明,1,1,1,0,,37.626457,138.946609
157,ナオ歯科,955-0053,三条市,北入蔵1-1-1,0256-46-0623,平成22年9月1日,山邊　尚之,山邊　尚之,1,0,0,0,,37.631355,138.978745
158,新光歯科クリニック,955-0057,三条市,新光町14-1,0256-64-8218,平成28年12月14日,石田　光平,石田　光平,1,1,1,1,,37.641434,138.966934
159,日本歯科大学在宅ケア新潟クリニック,955-0092,三条市,須頃1丁目65番地,0256-47-1210,平成30年3月19日,学校法人 日本歯科大学,田中　彰,1,0,0,0,,37.647243,138.936234
160,野島歯科医院,955-0072,三条市,元町18番3号,0256-35-5839,平成12年12月1日,野島　真介,野島　真介,1,0,0,0,,37.633087,138.955414
161,はなみ矯正歯科,955-0091,三条市,上須頃597,0256-34-8282,平成16年4月1日,花見　由香里,花見　由香里,0,1,0,0,,37.635864,138.936752
162,羽生歯科医院,955-0055,三条市,塚野目4丁目13-5,0256-33-3551,平成2年8月1日,医療法人社団　羽生歯科医院,羽生  好太,1,0,0,0,,37.636982,138.974747
163,林町歯科医院,955-0061,三条市,林町2-14-3,0256-32-6480,昭和61年5月1日,目黒  宣行,目黒  宣行,1,0,0,0,,37.636433,138.966751
164,東三条歯科,955-0047,三条市,東三条1-18-9,0256-35-1240,昭和53年12月12日,石田　光錫,石田　光錫,1,1,1,0,,37.628338,138.97226
165,ファミリー歯科診療所,955-0082,三条市,西裏館2-4-21,0256-32-3806,令和8年2月11日,佐藤　勇資,佐藤  武,1,1,0,0,,37.636795,138.955856
166,ふるかわ歯科医院,955-0084,三条市,石上2-14-15,0256-36-7755,平成14年7月15日,古川　達也,古川　達也,1,0,1,1,,37.644432,138.954697
167,星野歯科医院,955-0033,三条市,西大崎1-20-22,0256-38-7680,平成2年4月1日,医療法人社団　星野歯科医院,星野  正宏,1,0,0,0,,37.621117,138.986465
168,本成寺歯科クリニック,955-0823,三条市,東本成寺488-1,0256-33-7544,平成10年7月2日,近藤  慎也,近藤  慎也,1,0,1,1,,37.614292,138.947983
169,森山歯科医院,955-0071,三条市,本町5-1-10,0256-32-0825,昭和56年9月2日,森山　静子,-,1,0,0,0,,37.630253,138.952591
170,やちだ歯科医院,955-0022,三条市,上保内乙216番地2,0256-38-6480,平成8年5月24日,谷地田  弘,谷地田  弘,1,0,1,0,,37.639847,139.012955
171,横山歯科医院,955-0842,三条市,島田2-6-25,0256-33-7575,平成4年10月5日,横山  茂,横山  茂,1,0,1,0,,37.626534,138.943527
172,吉野矯正歯科,955-0047,三条市,東三条1-5-1 川商ﾋﾞﾙ4のA,0256-34-8525,平成18年2月1日,吉野　登志也,吉野　登志也,0,1,0,0,,37.631371,138.972397
173,嵐南歯科金子,955-0852,三条市,南四日町4丁目11-48,0256-34-1181,平成4年4月2日,金子  昭彦,金子  昭彦,1,0,1,0,,37.617733,138.952728
174,川崎歯科医院,955-0071,三条市,本町2丁目4-1,0256-35-3916,令和6年6月1日,川嵜　隆憲,川嵜　隆憲,1,0,1,0,,37.630108,138.956909
175,こころ歯科県央クリニック,955-0091,三条市,上須頃1597番地1ﾒﾃﾞｨｶﾙﾌﾟﾗｻﾞ21 3階2号室,0256-47-4360,令和6年9月9日,近藤　元,近藤　元,1,1,1,1,,37.636944,138.937607
176,田巻歯科医院,955-0072,三条市,元町2-29,0256-33-1137,令和6年1月1日,田巻  友一,田巻  友一,1,0,1,1,,37.631405,138.955353
177,愛育デンタルクリニック　矯正歯科・小児歯科,955-0081,三条市,東裏館1丁目9番5号,0256-33-8088,令和8年4月1日,医療法人社団　愛育会,大平　育代,1,1,1,1,,37.633163,138.95575
178,あおやぎ歯科医院,959-1361,加茂市,大字下条甲503番地16,0256-53-5010,平成13年5月1日,青柳  敏彦,青柳  敏彦,1,0,1,0,,37.658276,139.027054
179,ささおか歯科医院,959-1384,加茂市,寿町20-18,0256-52-2020,平成6年4月11日,笹岡  栄作,笹岡  栄作,1,0,0,0,,37.658379,139.043335
180,上条渡辺歯科医院,959-1332,加茂市,上条4番36号,0256-52-0151,平成10年8月9日,渡辺  敏彦,渡辺  敏彦,1,0,1,0,,37.658123,139.062714
181,すぎもと歯科,959-1353,加茂市,五番町4-6,0256-52-3100,平成18年11月24日,杉本  優,杉本  優,1,1,0,0,,37.656879,139.06073
182,武内歯科医院,959-1383,加茂市,旭町10-18,0256-53-0648,平成10年9月1日,医療法人社団　佐武会,武内  宏二郎,1,1,1,1,,37.659603,139.043884
183,永井こども歯科医院,959-1381,加茂市,新栄町2番2号,0256-52-1182,平成14年7月1日,医療法人社団　永井歯科医院,永井  正志,1,1,1,0,,37.6646,139.041412
184,皆川歯科医院,959-1371,加茂市,穀町6-17,0256-52-0232,令和2年12月17日,皆川  佳徳,皆川  佳徳,1,0,0,0,,37.659809,139.053009
185,米山歯科医院,959-1383,加茂市,旭町13-25,0256-53-4184,平成10年10月28日,米山  博義,米山  博義,1,1,1,1,,37.660465,139.042404
186,ロイヤル歯科クリニック,959-1378,加茂市,駅前5番18号 2階,0256-57-1700,平成25年3月21日,医療法人社団　心愛会,白鳥　美歩,1,1,1,0,,37.658951,139.051132
187,渡辺歯科医院,959-1373,加茂市,松坂町2-24,0256-52-0645,令和元年10月31日,野田  眞理子,野田  眞理子,1,0,0,0,,37.658161,139.052063
188,さくま歯科医院,959-1313,加茂市,幸町1-12-14,0256-47-5422,令和7年5月21日,佐久間　慎,佐久間　慎,1,0,1,1,,37.663155,139.044418
189,東町歯科医院,959-0265,燕市,吉田東町3257-4,0256-92-7300,平成29年7月1日,医療法人社団　結愛会,小林　章人,1,1,1,1,,37.695625,138.881454
190,いからし歯科医院,959-1289,燕市,東太田2971番地1,0256-64-2174,令和5年12月1日,五十嵐　友樹,五十嵐　友樹,1,0,0,0,,37.669083,138.914597
191,石田歯科医院,959-0231,燕市,吉田日之出町2-11,0256-93-4194,令和3年11月1日,医療法人社団　石田歯科医院,石田　健太,1,0,1,1,,37.686165,138.879257
192,井手口歯科クリニック,959-1289,燕市,東太田7047番,0256-66-5788,平成20年7月14日,井手口　孝,井手口　孝,1,0,1,0,,37.669083,138.914597
193,いとう歯科医院,959-0111,燕市,横田519-3,0256-66-5533,平成8年7月10日,伊藤　直之,伊藤　直之,1,1,1,0,,37.626907,138.882324
194,江村歯科医院,959-1264,燕市,八王寺703,0256-61-5884,平成13年10月11日,江村　兼太郎,江村　兼太郎,1,0,1,0,,37.645,138.920319
195,奥山歯科医院,959-1284,燕市,杣木3167-1,0256-61-2250,平成11年3月1日,奥山　克史,奥山　克史,1,1,1,0,,37.677166,138.905563
196,亀倉歯科医院,959-0237,燕市,吉田堤町11-5,0256-92-7393,昭和61年4月1日,医療法人社団　亀倉歯科医院,亀倉　陽一,1,0,0,0,,37.688229,138.8797
197,河田歯科醫院,959-0251,燕市,吉田本所字本地99-3,0256-93-4608,平成4年11月4日,河田　良二,河田　良二,1,0,1,1,,37.697727,138.87851
198,県央ランドマーク歯科,959-1234,燕市,南7丁目17番9-5号,0256-47-7031,平成30年10月15日,安部　祐策,安部　祐策,1,0,1,0,,37.657669,138.935593
199,小司歯科医院,959-0232,燕市,吉田東栄町51-17,0256-92-2211,平成25年1月10日,小司　利昭,小司　利昭,1,0,0,1,,37.680878,138.876892
200,齋藤歯科医院,959-1261,燕市,秋葉町4-6-27,0256-64-5210,昭和63年10月17日,医療法人社団　信和会,齋藤　信平,1,0,0,0,,37.663246,138.915649
201,佐藤歯科医院,959-0127,燕市,分水文京町2-1,0256-98-4181,平成5年8月2日,佐藤　和之,佐藤　和之,1,0,0,0,,37.634815,138.842438
202,さとう歯科クリニック,959-0266,燕市,吉田文京町2-15,0256-93-3022,平成元年5月22日,佐藤　浩之,佐藤　浩之,1,0,0,0,,37.70166,138.881256
203,さとう歯科クリニック,959-1232,燕市,井土巻5丁目33,0256-62-4422,平成元年10月9日,佐藤　俊弘,佐藤　俊弘,1,1,1,0,,37.65237,138.938477
204,七里歯科医院,959-1234,燕市,南1-16-13,0256-64-2004,平成元年4月14日,七里　俊雄,七里　俊雄,1,0,0,0,,37.659702,138.924835
205,篠原歯科医院,959-1244,燕市,中央通3丁目6-20,0256-66-3111,平成4年5月6日,篠原　哲也,篠原　哲也,1,0,1,0,,37.668362,138.933182
206,親水公園前歯科,959-0215,燕市,吉田下中野3406,0256-78-8422,平成29年9月14日,塙　健志,塙　健志,1,1,1,1,,37.677677,138.87442
207,高井歯科医院,959-1261,燕市,秋葉町3-7-23,0256-63-2492,平成28年5月15日,高井　晃,高井　晃,1,0,0,0,,37.661274,138.918198
208,高桑歯科医院,959-1255,燕市,新町2-37,0256-64-2785,令和4年5月1日,医療法人社団 高桑歯科医院,高桑　雅宣,1,1,1,0,,37.66391,138.931442
209,タグチ歯科医院,959-0116,燕市,新興野8番33号,0256-91-3200,平成10年3月16日,田口　智,田口　智,1,0,0,0,,37.625107,138.852798
210,田邊歯科医院,959-0123,燕市,大川津1126-10,0256-98-0300,平成14年4月2日,田邊　一之,田邊　一之,1,1,1,1,,37.607101,138.84198
211,筒井歯科医院,959-1253,燕市,本町2丁目3番10号,0256-62-2593,昭和55年9月1日,筒井　裕,筒井　裕,1,0,0,0,,37.666332,138.928665
212,デンタルクリニック　ツチヤ,959-0264,燕市,吉田3751,0256-93-1182,平成21年4月1日,医療法人　デンタルクリニックツチヤ,土屋　信人,1,1,1,0,,37.699081,138.884384
213,とさかデンタルクリニック,959-1232,燕市,井土巻2丁目237番地,0256-66-3748,平成28年6月11日,登坂　祐介,登坂　祐介,1,0,1,1,,37.652771,138.932007
214,なかじま歯科医院,959-0115,燕市,分水学校町一丁目1番19号,0256-97-1110,平成4年4月17日,医療法人社団　なかじま歯科医院,中島　正晴,1,0,0,1,,37.627514,138.845825
215,はすみ歯科医院,959-1265,燕市,道金860-1,0256-62-4182,平成3年5月27日,蓮實　記人,蓮實　記人,1,1,1,0,,37.639137,138.912384
216,歯のお医者さんしらとり,959-0264,燕市,吉田3738-2,0256-91-1811,平成19年4月18日,医療法人社団 心愛会,中川　由章,1,1,1,1,,37.694321,138.885544
217,穂苅歯科医院,959-0113,燕市,笈ｹ島1223-1,0256-98-6474,平成7年4月20日,穂苅　雅人,穂苅　雅人,1,0,0,0,,37.627632,138.852859
218,本多歯科医院,959-1251,燕市,白山町1-1-14,0256-63-8241,平成元年4月20日,本多　真一,本多　真一,1,1,1,1,,37.665295,138.919861
219,美樹歯科クリニック,959-1262,燕市,水道町4丁目484-1,0256-66-4618,平成12年7月25日,柳原　美樹,柳原　美樹,1,1,1,0,,37.659702,138.911011
220,八子歯科医院,959-0124,燕市,五千石3649-1,0256-98-2520,昭和61年4月18日,八子　誠一郎,八子　誠一郎,1,1,1,0,,37.620754,138.840866
221,よしだ歯科クリニック,959-0248,燕市,吉田浜首町29-18,0256-93-5205,平成11年5月18日,吉田　美奈子,吉田　美奈子,1,0,0,0,,37.691959,138.870209
222,渡部歯科医院,959-0264,燕市,吉田2780-2,0256-93-6483,平成6年7月20日,渡部　修也,渡部　修也,1,1,1,0,,37.693611,138.886734
223,わたべ歯科クリニック,959-1289,燕市,東太田1204-2,0256-63-8148,平成6年7月11日,渡部　正人,渡部　正人,1,0,1,0,,37.678585,138.936035
224,めぐみデンタルクリニック,959-1261,燕市,秋葉町1丁目8番11号,0256-62-2277,令和6年6月12日,荒澤　恵,荒澤　恵,1,0,0,0,,37.66151,138.922699
225,みや歯科医院,959-0129,燕市,地蔵堂本町3丁目6番1号,0256-97-2022,令和7年2月1日,宮本　隆道,宮本　隆道,1,0,0,0,,37.627495,138.842422
226,Bookmark Dental Clinic,959-0264,燕市,吉田2748-1,0256-78-8558,令和7年10月10日,坂詰　智美,坂詰　智美,1,1,1,1,,37.694321,138.885544
227,川名歯科医院,959-1513,田上町,大字川船河甲1073-17,0256-53-4180,平成9年5月8日,川名  豊,川名  豊,1,0,0,0,,37.679783,139.061264
228,櫻木歯科医院,959-1502,田上町,田上丙1209-8,0256-57-5097,平成31年3月11日,本間　加奈,本間　加奈,1,1,1,1,,37.712906,139.073029
229,潤歯科,959-1503,田上町,大字原ヶ崎新田2019-4,0256-46-8822,令和2年3月16日,石田　潤,石田　潤,1,0,0,0,,37.696651,139.062775
230,瀬髙歯科医院,959-1502,田上町,大字田上字横山丙2494-6,0256-57-5441,平成20年3月27日,瀬高  昌士,瀬高  昌士,1,0,1,0,,37.706715,139.068985
231,ひまわり歯科医院,959-1502,田上町,大字田上丁2402-49,0256-57-6480,平成14年6月1日,樋浦　健二,樋浦　健二,1,1,1,0,,37.70314,139.066727
232,大橋歯科医院,959-0305,弥彦村,矢作柿ﾉ浦7435,0256-94-5677,平成9年8月22日,大橋　勝美,大橋　勝美,1,1,1,1,,37.692013,138.856781
233,田村歯科医院,959-0323,弥彦村,弥彦2566-3,0256-94-2561,平成26年10月1日,高野　尚子,高野　尚子,1,0,0,0,,37.70446,138.829651
234,あおば歯科クリニック,940-2124,長岡市,希望が丘1-7-1,0258-21-3420,平成19年4月1日,(医社)あおば歯科クリニック,村松　瑞人,1,1,1,1,,37.442448,138.810486
235,青葉台歯科医院,940-2145,長岡市,青葉台1-甲120-8,0258-46-7992,平成11年5月12日,石上　晴海,石上　晴海,1,0,1,0,,37.446327,138.749207
236,あかしば矯正歯科クリニック,940-0062,長岡市,大手通1-4-1ﾎﾞﾜｰﾙﾋﾞﾙ3階,0258-35-3691,平成20年4月1日,医療法人社団スマイル,赤柴　豊英,1,1,0,0,,37.446819,138.851379
237,あけぼの歯科,940-0832,長岡市,曙1丁目3-21,0258-39-5200  ,平成14年5月1日,渡辺　泰典,渡辺　泰典,1,0,0,0,,37.426079,138.84874
238,阿部歯科医院,940-0076,長岡市,本町1-3-1,0258-32-1555,平成27年4月1日,医療法人社団　阿部歯科医院,阿部　幸作,1,0,1,1,,37.448162,138.845581
239,阿部歯科医院,940-2015,長岡市,江陽1-2-28,0258-29-1800,昭和58年12月14日,阿部　幸子,阿部　幸子,1,0,1,1,,37.474689,138.838013
240,いだ歯科医院,940-2106,長岡市,古正寺3-20,0258-27-7700,平成26年10月1日,依田　洋明,依田　洋明,1,0,0,0,,37.457733,138.823471
241,今井歯科医院,940-0093,長岡市,水道町4-2-25,0258-36-4657,平成8年4月15日,今井　英一,今井　英一,1,0,1,0,,37.457802,138.84613
242,入江歯科医院,940-0076,長岡市,本町2-4-24,0258-32-1522,平成2年8月1日,(医社)入江会,入江　修,1,0,0,0,,37.450832,138.846817
243,上野歯科医院,940-0003,長岡市,高見1-7-9,0258-24-1800,平成元年10月14日,上野　隆,上野　隆,1,0,1,0,,37.499954,138.867569
244,大竹矯正歯科医院,940-0048,長岡市,台町2-1-26,0258-32-2112,平成13年11月4日,(医社)大竹矯正歯科医院,大竹　正人,1,1,0,0,,37.445248,138.855759
245,大平歯科医院,940-0073,長岡市,船江町3-11,0258-34-3223,平成23年12月16日,高田　美由紀,高田　美由紀,1,0,0,0,,37.448875,138.844803
246,大塚歯科医院,940-0065,長岡市,坂之上町3-3-10,0258-32-4564,平成17年9月1日,大塚　優,大塚　優,1,1,1,1,,37.451275,138.850952
247,大野歯科医院,940-2141,長岡市,藤橋1-284-1,0258-46-8211,平成8年6月18日,大野　篤,大野　篤,1,0,0,0,,37.428688,138.786133
248,要町歯科,940-1153,長岡市,要町2-8-6,0258-33-5700,平成12年6月1日,永井　博美,永井　博美,1,1,1,0,,37.428547,138.840805
249,萱中歯科医院,940-0067,長岡市,関東町1-9,0258-32-8500,平成15年5月14日,萱中　智幸,萱中　智幸,1,0,0,0,,37.451599,138.851852
250,かさい歯科医院,940-1151,長岡市,三和3丁目8-3,0258-31-5665,平成14年4月15日,笠井　郁雄,笠井　郁雄,1,0,1,1,,37.433468,138.837418
251,かりや歯科医院,940-0035,長岡市,東神田1-3-23,0258-39-5977,平成26年4月1日,刈屋　功,刈屋　功,1,0,0,0,,37.455872,138.862198
252,神田歯科,940-0052,長岡市,神田町1-1-7,0258-33-0003,昭和61年12月1日,(医社)青樹会,山本　貴和子,1,0,0,0,,37.453602,138.852646
253,神成歯科医院,940-0094,長岡市,中島6-1-4,0258-37-0418,平成11年4月8日,神成　庸ニ,神成　庸ニ,1,0,1,1,,37.454414,138.850601
254,北島歯科医院,940-1106,長岡市,宮内2-8-6,0258-33-2131,平成17年4月1日,北島　匡,北島　匡,1,0,0,0,,37.419991,138.840668
255,鞍立歯科医院,940-0076,長岡市,本町2-3-2,0258-32-1511,平成10年5月21日,鞍立　暁則,鞍立　暁則,1,0,0,0,,37.450687,138.847321
256,小海歯科医院,940-1103,長岡市,曲新町542-1,0258-33-8881,平成元年11月8日,小海　潔,小海　潔,1,0,1,0,,37.421329,138.846405
257,小林歯科クリニック,940-0033,長岡市,今朝白2-8-5,0258-34-6644,平成11年4月1日,(医社）小林歯科クリニック,小林　茂広,1,0,1,0,,37.448692,138.85849
258,駒形歯科クリニック,940-0864,長岡市,川崎6-1349-3,0258-32-8148,平成元年9月1日,駒形　廉平,駒形　廉平,1,0,0,0,,37.454578,138.874924
259,斉藤歯科医院,940-0053,長岡市,長町1-3-9,0258-32-3074,平成5年7月1日,斉藤　正,斉藤　正,1,0,0,0,,37.454147,138.854034
260,さいとう歯科,940-0897,長岡市,新組町字筒場2196-3,0258-25-2582,平成15年4月22日,斎藤　了,斎藤　了,1,0,1,1,,37.49934,138.874069
261,さくら歯科,940-0805,長岡市,浦瀬町478-2,0258-44-7080,平成13年8月10日,能代谷　真理,能代谷　真理,1,0,1,0,,37.467464,138.903595
262,沢矯正歯科医院,940-0061,長岡市,城内町2-6-13,0258-36-5023,昭和61年12月1日,(医社）沢矯正歯科医院,澤　秀一郎,0,1,0,0,,37.448887,138.852859
263,しぶや歯科医院,940-0861,長岡市,川崎町581-4,0258-36-1820,平成11年9月1日,(医社）しぶや歯科医院,渋谷　佳伸,1,1,1,1,,37.457932,138.867767
264,しみず歯科医院,940-0029,長岡市,東蔵王2-6-12,0258-25-3003,平成8年4月1日,清水　雄介,清水　雄介,1,0,0,0,,37.47176,138.855453
265,すずき歯科医院,940-2005,長岡市,巻島2-5-1,0258-22-5677,平成15年7月23日,鈴木　英弘,鈴木　英弘,1,0,1,1,,37.481152,138.835632
266,関歯科医院,940-0097,長岡市,山田1-8-10,0258-33-3598,平成21年5月19日,関　晴夫,関　晴夫,1,0,0,0,,37.445621,138.841064
267,そりまち歯科医院,940-0016,長岡市,宝1-2-21,0258-25-1210,平成13年7月11日,反町　晋康,反町　晋康,1,0,1,0,,37.480957,138.857178
268,たかはし歯科医院,940-2023,長岡市,蓮潟1-17-12,0258-28-6480,平成8年4月15日,高橋　秀彦,高橋　秀彦,1,0,0,0,,37.46521,138.820465
269,高橋小児歯科医院,940-0062,長岡市,大手通1-5-2ﾀｶﾉﾋﾞﾙ4階,0258-36-5622,昭和60年4月1日,高橋　喜一,高橋　喜一,1,1,1,1,,37.447548,138.851273
270,田村歯科医院,940-2035,長岡市,関原町1-1060-4,0258-46-2180,昭和58年9月10日,田村　哲郎,田村　哲郎,1,0,0,0,,37.452606,138.776794
271,田村歯科クリニック,940-0025,長岡市,泉町1-2-1,0258-39-4155,平成24年5月1日,医療法人光有会　田村歯科クリニック,田村　宏,1,0,1,0,,37.463856,138.853714
272,中川歯科医院,940-0061,長岡市,城内町2-5-2,0258-32-2041,昭和60年4月1日,中川　昭,中川　昭,1,0,1,0,,37.449085,138.852097
273,なかじま歯科クリニック,940-1162,長岡市,西宮内2-33,0258-37-8200,平成12年11月13日,中島　幹夫,中島　幹夫,1,0,1,0,,37.428108,138.836838
274,中野歯科医院,940-2113,長岡市,大山2-3-10,0258-29-4199,平成4年8月18日,中野　陽介,中野　陽介,1,0,0,0,,37.441154,138.817581
275,永井歯科医院,940-0023,長岡市,新町1-1-8,0258-33-2934,平成17年6月22日,永井　恵子,永井　恵子,1,0,0,0,,37.459732,138.855713
276,一般社団法人長岡歯科医師会長岡休日急患歯科診療所,940-0084,長岡市,幸町2-1-1,0258-33-9644,平成26年5月18日,一般社団法人長岡歯科医師会,笠井　郁雄,1,0,0,0,,37.435719,138.839935
277,ながおか歯科,940-0088,長岡市,柏町1-4-22,0258-33-8644,平成13年3月1日,医療法人徳進会,山崎　和彦,1,1,1,0,,37.443569,138.847305
278,長束歯科医院,940-2112,長岡市,大島本町4-106-1,0258-27-1016,平成21年4月1日,橋本　りでや,橋本　りでや,1,0,0,0,,37.44413,138.819931
279,のざき歯科医院,940-2115,長岡市,下山5-88-5,0258-27-1105,平成元年3月17日,野崎　顕,野崎　顕,1,0,1,0,,37.436352,138.816177
280,ひまわり歯科,940-0864,長岡市,川崎2-2478-1,0258-37-7778,平成27年4月1日,医療法人社団　ひまわり歯科,北澤　敦,1,1,0,0,,37.451672,138.867157
281,ブレス・デザイン　デンタルオフィス,940-0064,長岡市,殿町2丁目3-12,0258-84-7654,平成21年3月3日,吉岡　秀樹,吉岡　秀樹,1,1,1,0,,37.445293,138.850082
282,堀歯科医院,940-0052,長岡市,神田町2-1-19,0258-32-0377,平成2年11月2日,堀　慧,堀　慧,1,0,0,0,R7.7.31開設者変更に伴い廃止→R7.8.1開設,37.456032,138.853714
283,ほりきり歯科医院,940-2106,長岡市,古正寺3-254,0258-20-5255,平成13年3月5日,堀切　隆志,堀切　隆志,1,1,1,0,,37.459286,138.819244
284,長岡デンタルオフィス,940-2108,長岡市,千秋2丁目278番地,0258-94-9774,平成22年3月21日,小松　直美,小松　直美,1,1,1,1,,37.460854,138.827026
285,松井歯科医院,940-0094,長岡市,中島7-3-36,0258-36-5555,昭和53年2月25日,松井　進一,松井　進一,1,0,0,0,,37.459576,138.850281
286,まつだ歯科医院,940-1131,長岡市,十日町字西野々1009-2,0258-22-2877,平成6年3月10日,松田　武之,松田　武之,1,0,0,0,,37.384647,138.838257
287,医療法人　厚徳会　まつむら第二歯科,940-0037,長岡市,東栄1-2-33,0258-31-7202,平成12年9月25日,医療法人　厚徳会,金山　元信,1,1,1,1,,37.458549,138.863525
288,医療法人　徳真会　松村歯科長岡診療所,940-2103,長岡市,古正寺町29-3,0258-28-4108,平成7年5月22日,医療法人徳真会,毛利　充伸,1,1,1,1,,37.452686,138.819
289,丸山歯科クリニック,940-2035,長岡市,関原町3-乙14,0258-47-2488,平成5年4月12日,丸山　敦,丸山　敦,1,0,0,0,,37.455475,138.7686
290,三井田歯科医院,940-0845,長岡市,花園2-8-15,0258-39-1181,平成6年5月7日,三井田　浩,三井田　浩,1,0,0,0,,37.435005,138.860016
291,みどり町歯科医院,940-2105,長岡市,緑町1-86-33,0258-22-5002,平成16年5月1日,木倉　一樹,木倉　一樹,1,1,1,1,,37.451736,138.821426
292,山下歯科医院,940-0853,長岡市,中沢4-342,0258-34-6480,平成3年10月1日,(医社)山下歯科医院,山下　智,1,0,0,0,,37.440945,138.873505
293,やまだ歯科医院,940-2033,長岡市,上除町甲3591‐52,0258-21-0778,平成14年9月1日,山田　潤造,山田　潤造,1,0,1,0,,37.450233,138.782059
294,山田歯科医院,940-0071,長岡市,表町1-4-1,0258-32-2928,昭和61年12月1日,(医社）山田歯科医院,山田　浩之,1,0,1,0,,37.447784,138.847717
295,山田歯科クリニック,940-0043,長岡市,土合5-8-23,0258-36-1777,平成18年4月1日,(医社)山田歯科クリニック,山田　正幸,1,1,1,0,,37.437809,138.855774
296,やまもと歯科医院,940-0875,長岡市,新保3-1-48,0258-24-2045,平成元年5月6日,山本　晃一,山本　晃一,1,1,1,0,,37.464909,138.866623
297,ゆきの歯科医院,940-0825,長岡市,高畑町76-1,0258-31-2575,平成12年1月24日,雪野　伸剛,雪野　伸剛,1,0,0,0,,37.424023,138.866791
298,横山歯科医院,940-1105,長岡市,摂田屋1-2-63,0258-37-5833,平成6年4月2日,横山　和義,横山　和義,1,0,0,0,,37.411152,138.844986
299,吉川歯科医院,940-0861,長岡市,川崎町字山崎765-1,0258-35-1184,平成11年4月20日,吉川　祐市,吉川　祐市,1,0,1,0,,37.461678,138.865875
300,吉原歯科クリニック,940-2116,長岡市,南七日町30-8,0258-47-3200,平成6年5月1日,吉原　芳樹,吉原　芳樹,1,0,0,0,,37.443962,138.800034
301,米山歯科医院,940-2112,長岡市,大島本町5-114-3,0258-27-2347,令和4年10月1日,米山　知宏,米山　知宏,1,0,0,0,,37.445103,138.818726
302,ワキヤ歯科医院,940-0061,長岡市,城内町3丁目字観光院町甲893-36丸山ﾋﾞﾙ3階,0258-35-5210,平成20年4月1日,脇屋　礼慈,脇屋　礼慈,1,1,1,0,,37.450153,138.853699
303,中之島歯科診療所,954-0124,長岡市,中之島225-1,0258-66-6826,平成9年10月1日,田代　智宏,田代　智宏,1,0,0,0,,37.544094,138.879868
304,長岡市山古志歯科診療所,947-0204,長岡市,山古志竹沢甲2835,0258-59-2037,平成17年4月1日,長岡市長,星野　勝美,1,0,0,0,,37.324604,138.882782
305,長岡市小国歯科診療所,949-5211,長岡市,小国町七日町2607-6,0258-95-2222,平成17年6月1日,長岡市長,庭山　圭司,1,0,1,0,,37.317764,138.726242
306,かわうち歯科医院,940-2306,長岡市,脇野町2136,0258-42-2534,平成21年10月18日,河内　隆樹,河内　隆樹,1,0,0,0,,37.498974,138.783661
307,和田歯科医院,940-2311,長岡市,三島新保字杉ﾉ木3082,0258-42-3511,平成8年4月20日,和田　一彦,和田　一彦,1,0,0,0,,37.491768,138.801041
308,すずらん歯科医院,949-5411,長岡市,来迎寺白山2394,0258-92-5518,平成11年5月28日,宮　江利,宮　江利,1,0,1,0,,37.390301,138.779739
309,永井歯科医院,949-5411,長岡市,来迎寺3862,0258-92-2171,平成6年9月1日,(医社）永仁会,永井　正紀,1,0,0,0,,37.394798,138.784164
310,さかいデンタルクリニック,940-0221,長岡市,金町2-3-27,0258-52-5420,昭和63年11月26日,坂井　能達,坂井　能達,1,0,0,0,,37.481167,138.994522
311,小坂井歯科医院,940-2406,長岡市,与板町江西3-1-12,0258-72-2223,平成26年1月1日,小坂井　渉,小坂井　渉,1,0,0,0,,37.535236,138.815811
312,丸山歯科医院,940-2402,長岡市,与板町与板甲1,0258-72-2418,平成20年2月25日,丸山　博吉,丸山　博吉,1,0,0,0,,37.541046,138.810989
313,おぐろ歯科医院,940-2507,長岡市,寺泊吉364-8,0258-75-5588,平成6年6月1日,小黒　一郎,小黒　一郎,1,0,0,0,,37.634789,138.783966
314,桐原歯科医院,959-0154,長岡市,寺泊五分一2862-1,0256-98-5577,平成元年3月6日,(医社）信和会,齋藤　幸雄,1,0,0,0,,37.600311,138.790466
315,桑原歯科医院,940-2502,長岡市,寺泊白岩7220-3,0258-75-4881,平成2年1月4日,桑原　直久,桑原　直久,1,0,0,0,,37.657505,138.774933
316,コロニーにいがた白岩の里歯科診療所,940-2502,長岡市,寺泊藪田6789-4,0258-75-3131,昭和62年6月1日,新潟県知事,大島　邦子,1,0,0,0,,37.658684,138.78595
317,歯科　斎藤医院,959-0165,長岡市,寺泊北曽根大溜2167-1,0256-98-6140,平成3年10月1日,斎藤　直樹,斎藤　直樹,1,0,0,0,,37.621857,138.823883
318,小見歯科医院,949-7504,長岡市,東川口1979-63,0258-89-4076,平成4年11月11日,小見　司,小見　司,1,0,0,0,,37.273361,138.856583
319,大原歯科医院,954-0104,見附市,坂井町1702,0258-61-2218,平成13年8月7日,大原　睦,大原　睦,1,0,0,0,,37.567551,138.89151
320,金子歯科医院,954-0052,見附市,学校町2-1-58,0258-62-2620,平成元年10月2日,金子  伝一郎,金子　伝一郎,1,0,0,0,,37.532757,138.92009
321,金安歯科医院,954-0111,見附市,今町5丁目40-7,0258-66-7337,平成4年1月6日,金安  儀則,金安　儀則,1,0,0,0,,37.5536,138.891083
322,小坂井歯科クリニック,954-0059,見附市,昭和町2-3-3,0258-63-4111,昭和63年9月9日,小坂井  隆,小坂井　隆,1,0,0,0,,37.53141,138.914597
323,坂田歯科医院,954-0057,見附市,新町2-1-44,0258-62-0176,昭和53年9月30日,坂田  康一,坂田　康一,1,0,0,0,,37.527012,138.920074
324,さくら歯科医院,954-0053,見附市,本町1-4-7,0258-62-6489,平成17年2月16日,金井　朋隆,金井　朋隆,1,0,0,0,,37.52829,138.922928
325,末広歯科,954-0053,見附市,本町4丁目2-37,0258-63-4555,平成元年12月1日,星野  弘志,星野　弘志,1,0,1,0,,37.529964,138.925705
326,関崎歯科医院,954-0111,見附市,今町5丁目17番18号,0258-66-7600,平成3年11月1日,関崎  和夫,関崎　和夫,1,1,1,0,,37.550522,138.890381
327,中央歯科水澤,954-0052,見附市,学校町2-6-36,0258-62-1626,平成元年10月1日,医療法人社団　中央歯科水澤,水沢　正美,1,1,0,0,,37.532703,138.91597
328,中島歯科医院,954-0004,見附市,元町2丁目1番18号,0258-62-0020,平成2年5月2日,中島  郁夫,中島　郁夫,1,0,1,0,,37.534286,138.928833
329,西澤歯科クリニック,954-0082,見附市,柳橋町266-15,0258-66-8555,平成10年5月23日,西澤  泰朋,西澤　泰朋,1,0,1,0,,37.542301,138.899536
330,はやかわ歯科医院,954-0111,見附市,今町4丁目10-21,0258-66-0369,平成3年5月11日,早川  智道,早川　智道,1,0,1,0,,37.546154,138.891861
331,ひまわり歯科,954-0057,見附市,新町3-11-24,0258-63-1001,平成9年2月12日,山田  貴行,山田　貴行,1,0,0,0,,37.523838,138.917709
332,村上歯科医院,954-0056,見附市,南本町2-16-7,0258-63-3535,平成3年4月1日,医療法人社団　村上歯科医院,村上　京子,1,0,0,0,,37.522095,138.9245
333,やまざき歯科医院,954-0053,見附市,本町2-2-7 山崎ﾋﾞﾙ2F,0258-62-2346,平成17年11月21日,山崎 勝之,山崎　勝之,1,0,1,0,,37.527096,138.925232
334,山田歯科医院,954-0112 ,見附市,上新田町429-25,0258-66-2116,平成22年12月12日,医療法人社団　ニイガタクリニック,鶴巻　友美,1,1,1,1,,37.542858,138.886093
335,山本歯科医院,954-0057,見附市,新町1-9-32,0258-62-0434,昭和48年2月1日,山本 俊子,山本  俊子,1,0,0,0,,37.527016,138.921844
336,堀井スマイル歯科,940-2013,長岡市,下柳2丁目5-38,0258-86-8062,平成26年10月1日,医療法人社団仁優会,堀井　信哉,1,1,1,1,,37.472191,138.834427
337,たぐち歯科クリニック,940-0856,長岡市,美沢3丁目637,0258-77-2000,平成24年10月1日,田口 裕哉,田口　裕哉,1,0,1,0,,37.443146,138.8694
338,佐藤歯科医院,947-0027,小千谷市,平成1-4-7,0258-82-2352,昭和60年5月1日,佐藤　眞,佐藤　眞,1,0,0,0,,37.309181,138.794205
339,安部歯科医院,947-0101,小千谷市,片貝町6513,0258-84-2052,平成11年1月1日,安部　恒,安部　恒,1,0,1,0,,37.368992,138.775879
340,城内歯科医院,947-0028,小千谷市,城内1-14-2,0258-82-2003,昭和63年10月20日,藤巻　秀敏,藤巻　秀敏,1,1,1,0,,37.312199,138.793793
341,野沢歯科医院,947-0011,小千谷市,栄町9-7,0258-82-0468,平成2年6月11日,野沢　健,野沢　健,1,1,1,1,,37.29937,138.799744
342,星野歯科医院,947-0053,小千谷市,千谷川4-741-2,0258-83-2033,平成4年4月6日,星野　薫,星野　薫,1,0,0,0,,37.319427,138.798233
343,医療法人社団阿部歯科医院,947-0028,小千谷市,城内2-9-11,0258-83-4650,平成9年5月1日,医療法人社団阿部歯科医院,阿部　隆士,1,1,1,0,,37.31509,138.796188
344,わかば歯科,947-0054,小千谷市,若葉2-101,0258-83-1010,平成9年12月15日,山下　克弥,山下　克弥,1,0,0,0,,37.305805,138.782166
345,平和歯科医院,947-0035,小千谷市,桜町4989-2,0258-81-1050,平成10年4月13日,陳　瑞彬,陳　瑞彬,1,0,1,1,,37.311855,138.785446
346,なおえ歯科クリニック,947-0051,小千谷市,三仏生3489-2 べｲｼｱ小千谷店,0258-83-4848,平成17年3月13日,医療法人社団恵誠会,直江　昌利,1,1,1,1,,37.331944,138.811203
347,鈴木歯科医院,947-0101,小千谷市,片貝町5248,0258-84-2044,平成17年8月1日,医療法人社団鈴木歯科医院,鈴木　俊之,1,0,0,0,,37.36655,138.776855
348,あおやぎ歯科クリニック,940-0033,長岡市,今朝白1-4-1,0258-89-7871,平成26年4月30日,青柳　誠司,青柳　誠司,1,0,1,0,,37.445751,138.860153
349,えぐち歯科クリニック,940-0094,長岡市,中島5-1-19,0258-86-0118,平成27年4月13日,江口　洋輔,江口　洋輔,1,0,1,1,,37.453114,138.848602
350,さつき歯科医院,940-0864,長岡市,川崎6丁目7839-1,0258-94-4012,平成27年11月16日,小林　康子,小林　康子,1,0,1,0,,37.455357,138.871155
351,とちお歯科クリニック,940-0204,長岡市,新栄町2丁目3-35,0258-53-0077,平成28年4月1日,医療法人社団　とちお歯科クリニック,廣瀬　大希,1,0,1,1,,37.487656,138.997162
352,たなか歯科,940-0835,長岡市,錦1丁目5番5号,0258-35-5600,平成28年6月7日,田中　慎一,田中　慎一,1,1,1,1,,37.42979,138.856277
353,中央歯科,940-0875,長岡市,新保6丁目250,0258-89-7778,平成28年9月1日,佐藤　健治,佐藤　健治,1,0,0,0,,37.468151,138.868912
354,木村歯科医院,947-0028,小千谷市,城内1-4-18,0258-77-9764,令和7年12月1日,医療法人社団　木村歯科医院,木村　勝年,1,1,1,1,R7.11.30開設者変更のため廃止→R7.12.1開設（法人化）,37.313004,138.798111
355,速水歯科医院,954-0059,見附市,昭和町2-9-7,0258-63-5118,平成28年12月1日,医療法人社団　速水歯科医院,速水  孝和,1,1,1,0,,37.529785,138.910172
356,近藤歯科医院,940-0041,長岡市,学校町3-11-2,0258-35-3590,平成29年1月1日,近藤　孝洋,近藤　孝洋,1,0,0,0,,37.444199,138.858368
357,生協ながおかデンタルクリニック,940-1101,長岡市,沢田1-2-1,0258-37-8810,平成29年4月11日,ながおか医療生活協同組合,後藤　基誉,1,1,1,1,,37.425663,138.84552
358,しんざわ矯正歯科クリニック,940-2106,長岡市,古正寺3丁目289番地,0258-86-8640,平成29年5月1日,医療法人社団 しんざわ矯正歯科クリニック,新澤　牧子,1,1,0,0,,37.458462,138.817825
359,ヒッポ歯科クリニック,940-2123,長岡市,七日町字川原374 ｱｸﾛｽﾌﾟﾗｻﾞ長岡七日町内,0258-89-8451,平成30年3月7日,野口　友美,野口　友美,1,0,1,0,,37.444237,138.805618
360,越後さんとう歯科診療所,949-5408,長岡市,越路中沢274番地1,0258-92-5810,平成30年8月1日,医療法人社団　越路会,佐藤　昭弘,1,0,0,0,,37.414043,138.797607
361,佐藤歯科,940-0066,長岡市,東坂之上町1-4-3ｽｶｲﾊｲﾂ102,0258-34-4180,平成30年9月1日,医療法人社団　慈誠会,佐藤　直久,1,0,1,0,,37.446831,138.850479
362,長岡おとな・こども歯科クリニック,940-0071,長岡市,表町2丁目2-21 ながおか町口御門 1階,0258-36-3280,平成30年10月1日,医療法人社団　智明会,廣澤　利明,1,0,1,1,,37.448784,138.847839
363,古正寺ファミリー歯科,940-2106,長岡市,古正寺一丁目3058番地2,0258-29-6480,平成30年10月1日,医療法人社団古正寺ファミリー歯科,渡邊　一也,1,0,1,1,,37.455387,138.817352
364,関歯科医院,940-1106,長岡市,宮内1丁目1番4号,0258-33-7695,平成31年1月1日,関　晋太郎,関　晋太郎,1,0,0,0,,37.417465,138.84201
365,北ながおか歯科診療所,940-0016,長岡市,宝2丁目2-16,0258-89-6693,平成31年2月15日,医療法人越路会,鷲津　聡,1,0,0,0,,37.482662,138.857788
366,つるがや歯科クリニック,954-0051,見附市,本所1丁目9番41号,0258-94-4120,平成31年3月18日,鶴谷　和明,鶴谷　和明,1,0,1,0,,37.538353,138.909592
367,医療法人みずほ　みずほ歯科口腔外科,954-0124,長岡市,中之島1909-15,0258-86-7785,令和7年12月1日,医療法人みずほ,山田　裕士,1,1,1,1,R7.11.30開設者変更のため廃止→R7.12.1開設（法人化）,37.537216,138.874512
368,河内歯科クリニック,940-0095,長岡市,日赤町1-4-16,0258-32-2945,令和2年9月1日,河内　崇,河内　崇,1,0,1,1,,37.45047,138.841614
369,加藤歯科医院,949-5411,長岡市,来迎寺前田3931,0258-92-3355,令和3年5月1日,加藤　和広,加藤　和広,1,0,0,0,,37.390301,138.779739
370,佐藤歯科医院,940-0053,長岡市,長町1丁目1番地7,0258-32-0210,令和3年6月1日,医療法人社団　慈誠会,佐藤　友秀,1,0,1,0,,37.451977,138.853119
371,エルク歯科,954-0067,見附市,葛巻町1665-1見附ｼｮｯﾋﾟﾝｸﾞｾﾝﾀｰMISC-K棟104号,0258-89-8848,令和3年12月16日,佐藤　英明,佐藤　英明,1,0,1,1,,37.530216,138.908844
372,キューアンドエー歯科医院,940-0840,長岡市,旭岡2丁目2番地,0258-89-7791,令和4年3月17日,内藤　俊幸,内藤　俊幸,1,1,1,1,,37.427273,138.85881
373,石原歯科医院,940-0226,長岡市,滝の下町8-49,0258-52-2204,令和5年10月1日,石原　紀彰,石原　紀彰,1,0,1,0,,37.472542,138.997437
374,大島通り歯科,940-2112,長岡市,大島本町5丁目118-18,0258-86-0500,令和5年12月1日,医療法人社団　大島通り歯科,松澤　貴宏,1,0,1,1,,37.446377,138.818069
375,長岡I’s歯科,940-0061,長岡市,城内町一丁目611番地1 CoCoLo長岡ﾒﾃﾞｨｶﾙﾍﾙｼｰﾓｰﾙD,0259-94-5056,令和6年4月1日,医療法人社団　新心会,佐藤　達也,1,1,1,1,,37.44659,138.853516
376,小坂井歯科クリニック,940-0836,長岡市,豊田町11-40,0258-37-1839,令和6年5月1日,小坂井　巌,小坂井　巌,1,0,1,0,,37.430984,138.853287
377,花園歯科,940-0845,長岡市,花園3-9-27,0258-89-8899,令和7年7月24日,源川　裕子,源川　裕子,1,0,1,0,,37.435261,138.863235
378,石上歯科医院,949-7413,魚沼市,堀之内4011-8,025-794-2201,平成元年10月1日,医療法人社団双也会,石上　也澄志,1,0,0,0,,37.240593,138.928116
379,黒岩歯科医院,946-0021,魚沼市,佐梨645-8,025-792-6175,昭和52年11月13日,黒岩茂,黒岩　茂,1,0,0,0,,37.227642,138.968063
380,医療法人社団　星歯科医院,946-0076,魚沼市,井口新田312-2,025-792-6655,昭和61年12月1日,医療法人社団　星歯科医院,関　明仁,1,1,1,0,,37.23307,138.96228
381,高木歯科クリニック,946-0002,魚沼市,稲荷町1-12,025-792-9330,平成4年10月1日,高木勝也,高木　勝也,1,1,1,0,,37.232899,138.958374
382,おがわ歯科クリニック,946-0011,魚沼市,小出島321-1,025-792-7751,平成18年4月1日,医療法人社団　おがわ歯科クリニック,小川　英幸,1,1,1,1,,37.231152,138.958511
383,かみむら歯科医院,946-0076,魚沼市,井口新田157-1,025-793-1220,平成9年9月11日,上村正人,上村　正人,1,0,0,0,,37.23111,138.972977
384,さとう歯科医院,946-0076,魚沼市,井口新田948-6,025-793-2172,平成12年1月13日,佐藤公彦,佐藤　公彦,1,0,1,0,,37.229294,138.969055
385,ゆのたに歯科,946-0076,魚沼市,井口新田547-12,025-792-6373,平成29年4月1日,磯貝　義人,磯貝　義人,1,0,0,0,,37.232643,138.968048
386,星歯科医院,946-0007,魚沼市,四日町19番2,025-792-0066,令和4年11月17日,医療法人　星仁会,星　嵩,1,1,1,0,,37.235268,138.952438
387,守門みまもり歯科,946-0216,魚沼市,須原1237-1,025-793-7878,令和6年11月5日,木多　伸彰,木多　伸彰,1,0,0,0,,37.317806,139.017715
388,腰越歯科医院,949-6102,湯沢町,大字神立196-6,025-784-4511,昭和59年4月3日,腰越　厚子,腰越　厚子,1,0,0,0,,36.936665,138.815674
389,斉藤デンタルクリニック,949-6101,湯沢町,湯沢2511-3ｼｬﾙﾏﾝ湯沢104号,025-784-4180,昭和63年1月1日,斉藤　貢,斉藤　貢,1,0,1,0,,36.935802,138.806931
390,齊藤歯科医院,949-6408,南魚沼市,塩沢1407,025-782-0107,平成16年1月1日,齊藤　香織,齊藤　香織,1,0,1,0,,37.038548,138.848022
391,髙橋デンタルクリニック,949-6543,南魚沼市,早川260-2,025-782-4710,平成10年12月21日,髙橋　俊男,髙橋　俊男,1,0,0,0,,37.024654,138.871475
392,五日町病院付属歯科診療所,949-7101,南魚沼市,五日町2324,025-776-2790,昭和60年12月7日,医療法人　越南会,星野　研,1,0,0,0,,37.124699,138.902969
393,小嶋歯科医院,949-6680,南魚沼市,六日町123-16,025-772-2149,平成元年10月1日,医療法人社団　小嶋歯科医院,小嶋　誠,1,0,0,0,,37.065247,138.877975
394,中沢歯科医院,949-7101,南魚沼市,五日町575-3,025-776-2035,昭和63年11月16日,中澤　文憲,中澤　文憲,1,0,0,0,,37.118355,138.90419
395,中島歯科医院,949-6680,南魚沼市,六日町2792,025-772-8148,昭和63年11月8日,中島　雅之,中島　雅之,1,0,0,0,,37.06715,138.872345
396,さわた歯科医院,949-7302,南魚沼市,浦佐1137 USﾋﾞﾙ1F,025-777-4925,平成11年9月1日,医療法人社団　恵誠会,長野　龍嗣,1,1,0,0,,37.16621,138.92485
397,ながおか歯科ピア,949-6608,南魚沼市,美佐島1873-1,025-773-2040,平成25年10月1日,大島　丈,大島　丈,1,1,1,0,,37.084442,138.888016
398,わがた歯科医院,949-6680,南魚沼市,六日町892-48,025-778-1515,平成26年10月1日,医療法人社団　わがた歯科医院,我田　健,1,0,1,1,,37.057697,138.874481
399,はっとり歯科医院,949-7316,南魚沼市,一村尾1625-1,025-780-4130,平成28年9月1日,医療法人社団　ファイブラック,服部　幸男,1,0,1,1,,37.15033,138.91188
400,なかむら歯科クリニック,949-6680,南魚沼市,六日町790-12ｶﾐﾑﾗﾋﾞﾙ1階,025-788-0118,令和3年5月19日,中村　貴文,中村　貴文,1,0,1,1,,37.05941,138.873611
401,うおぬま矯正歯科クリニック,949-7302,南魚沼市,浦佐918-1,025-777-3770,令和5年10月12日,西野　和臣,西野　和臣,0,1,0,0,,37.167477,138.922089
402,グッドモーニングデンタル,949-6680,南魚沼市,六日町字屋敷1818番地2 六日町第四ﾋﾞﾙ 1階,025-788-1943,令和8年3月1日,河原田　壮史,河原田　壮史,1,0,0,0,,37.06958,138.879044
403,田村歯科医院,948-0062,十日町市,昭和町3丁目22番地,025-757-8920,平成元年8月1日,医療法人社団　田村歯科医院,田村　隆英,1,0,1,0,,37.133446,138.758255
404,中林歯科医院,948-0084,十日町市,七軒町259-7,025-757-2335,平成28年1月1日,中林　靖,中林　靖,1,0,0,0,,37.131992,138.758423
405,中町歯科医院,949-8603,十日町市,下条3-482,025-755-2019,平成17年12月20日,中町　忠詩,中町　忠詩,1,0,0,0,,37.196285,138.777969
406,蕪木歯科医院,948-0082,十日町市,本町3丁目2番地3,025-752-5380,令和8年1月1日,川村　文子,川村　文子,1,0,0,0,,37.132828,138.760803
407,二瓶歯科医院,948-0006,十日町市,四日町1462,025-752-4888,平成3年8月1日,二瓶　広之,二瓶　広之,1,0,0,0,,37.149273,138.764343
408,和歯科医院,948-0013,十日町市,卯123,025-752-5622,昭和63年10月8日,関口　和明,関口　和明,1,0,0,0,,37.121265,138.790115
409,西野歯科医院,948-0088,十日町市,駅通り238番地1,025-752-4346,昭和59年6月6日,西野　和之,西野　和之,1,1,1,0,,37.134563,138.757965
410,鈴木歯科医院,948-0053,十日町市,錦町1-48-1,025-757-2263,昭和62年5月25日,鈴木　宏,鈴木　宏,1,1,1,0,,37.128551,138.750061
411,中央歯科医院,948-0082,十日町市,本町4丁目62番地,025-752-2797,昭和59年4月3日,中林　弘,中林　弘,1,0,0,0,,37.134365,138.760956
412,水沢歯科医院,949-8524,十日町市,馬場丙1507,025-758-3358,平成3年6月1日,服部　純一,服部　純一,1,0,0,0,,37.091362,138.727722
413,ホープ歯科クリニック,948-0051,十日町市,寿町2-6-25,025-752-0525,平成7年10月2日,阿部　正彦,阿部　正彦,1,0,0,0,,37.127789,138.752899
414,田中歯科医院,948-0144,十日町市,水口沢66,025-768-4329,昭和57年10月19日,田中　溶一,田中　溶一,1,1,0,0,,37.160793,138.736389
415,津南デンタルクリニック,949-8201,津南町,大字下船渡丁7962-1 ,025-765-3478,平成20年4月1日,医療法人社団津南デンタルクリニック,山田　陽子,1,0,0,0,,37.026825,138.672546
416,村山歯科医院,949-8201,津南町,大字下船渡甲4592,025-765-4911,平成7年4月5日,村山　正徳,村山　正徳,1,0,0,0,,37.026825,138.672546
417,伊藤歯科クリニック,942-1406,十日町市,松之山1603-2             ,025-596-2067,平成22年11月1日,伊藤　淳一,伊藤淳一,1,1,1,1,,37.082775,138.60112
418,ひまわり歯科クリニック,949-8406,十日町市,山崎己1415,025-763-2020,平成18年12月13日,日笠　理絵,日笠　理絵,1,0,0,0,,37.051147,138.694412
419,Nakajima Dental Studio,949-8206,津南町,大字外丸丁1481-1,025-765-5676,平成19年5月9日,中島　大和,中島　大和,1,0,0,0,,37.030327,138.638916
420,中条歯科クリニック,949-8615,十日町市,中条甲826-9,025-761-7205,令和5年11月1日,医療法人　雅美会,小野島　寛子,1,1,1,0,,37.162502,138.770966
421,つまり歯科,948-0055,十日町市,高山3丁目493-9,025-757-1777,令和7年10月1日,医療法人　雅美会,大久保　雅基,1,1,1,1,,37.132156,138.74707
422,井比歯科医院,945-0076,柏崎市,小倉町7-8,0257-22-2955,昭和60年1月1日,井比　陽,井比　陽,1,1,1,1,,37.371704,138.564331
423,岡島歯科医院,945-0051,柏崎市,東本町2-7-55,0257-22-2854,昭和59年10月1日,岡島　元久,岡島　元久,1,0,1,1,,37.370041,138.557907
424,静雅堂歯科医院,945-0066,柏崎市,西本町2-7-4,0257-23-8840,平成4年1月1日,布施　眞也,布施　眞也,1,0,0,0,,37.367348,138.548935
425,大塚歯科医院,945-0842,柏崎市,米山台4-1-7,0257-24-0968,昭和54年9月1日,大塚　誠之輔,大塚　誠之輔,1,0,0,0,,37.354061,138.539581
426,勝海歯科医院,945-0063,柏崎市,諏訪町12-4,0257-22-2316,平成17年3月1日,勝海　昭,勝海　昭,1,0,0,0,,37.372921,138.561813
427,阿部歯科医院,945-0043,柏崎市,日吉町1-2,0257-24-5800,平成元年10月1日,医療法人社団　阿部歯科医院,阿部　晴弘,1,1,1,1,,37.369415,138.571259
428,きたざわ歯科,945-0821,柏崎市,幸町1-7,0257-22-6231,平成4年9月1日,医療法人社団　北沢歯科医院,北澤　智昭,1,1,1,1,,37.362202,138.557159
429,刈羽村歯科診療所,945-0307,刈羽村,大字刈羽1026,0257-45-3553,昭和57年10月8日,刈羽村長,西山　正吾,1,0,0,0,,37.427818,138.616623
430,柏崎歯科休日急患診療所,945-0061,柏崎市,栄町18-3,0257-23-1463,昭和58年11月1日,柏崎市長,平田　伸明,1,0,0,0,,37.374725,138.554871
431,（医）高橋歯科医院,945-0064,柏崎市,中央町8-13,0257-23-7727,平成元年10月1日,医療法人社団　高橋歯科医院,高橋　堅護,1,0,0,0,,37.373611,138.558289
432,（医）新沢歯科医院,945-0822,柏崎市,穂波町2-2,0257-22-4500,平成3年8月1日,医療法人社団　新沢歯科医院,新澤　秀樹,1,1,1,1,,37.359997,138.556366
433,安田歯科,945-1352,柏崎市,大字安田1921-2,0257-22-0663,令和3年1月1日,水嶌　一尊,水嶌　一尊,1,0,0,0,,37.348652,138.607132
434,（医）いしかわ歯科,945-0033,柏崎市,東長浜8-45,0257-22-1177,昭和61年12月1日,医療法人社団　いしかわ歯科,石川　繁,1,0,1,0,,37.369377,138.578918
435,まえかわ歯科クリニック,945-0053,柏崎市,鏡町7番12号,0257-24-4624,令和3年4月20日,医療法人社団　前川歯科医院,前川　雄哉,1,1,1,1,,37.36797,138.559494
436,ひまわり歯科医院,949-4141,柏崎市,西山町西山206-11,0257-48-2152,昭和61年4月1日,鈴木　公子,鈴木　公子,1,1,1,1,,37.44875,138.641357
437,まつなみ歯科,945-0011,柏崎市,松波1-19-43,0257-24-4337,平成2年4月1日,医療法人社団　高野会　,高野　清,1,1,1,1,,37.390366,138.571762
438,ばんば歯科クリニック,945-0041,柏崎市,松美1-1-31,0257-23-0204,平成3年8月1日,医療法人社団　ばんば歯科クリニック,萬羽　加津雄,1,1,0,0,,37.373814,138.574554
439,登内歯科医院,945-0816,柏崎市,田中23-7,0257-22-7766,平成2年4月2日,登内　敏夫,登内　敏夫,1,0,1,0,,37.358425,138.566833
440,平田歯科医院,945-0026,柏崎市,藤元町9-2,0257-21-4151,平成3年12月2日,平田　伸明,平田　伸明,1,0,1,0,,37.380493,138.577042
441,医療法人社団　祐志会　久代歯科医院,945-0026,柏崎市,藤元町13-4,0257-21-0978,平成16年4月1日,医療法人社団　祐志会　,久代　繁,1,0,1,0,,37.378197,138.577469
442,山川歯科医院,945-0063,柏崎市,諏訪町5-22,0257-21-2131,平成6年3月10日,山川　尚人,山川　尚人,1,0,0,0,,37.372341,138.561203
443,ほほえみ歯科医院,945-0074,柏崎市,春日1-1-10,0257-23-8430,平成6年12月9日,山口　憲司,山口　憲司,1,0,0,0,,37.377754,138.568481
444,せきや歯科医院,945-0834,柏崎市,常盤台22-18,0257-22-8885,平成7年7月1日,関矢　一仁,関矢　一仁,1,0,1,0,,37.35696,138.548462
445,犬井歯科クリニック,945-0811,柏崎市,岩上10-30,0257-21-7650,令和2年4月1日,医療法人社団　犬井歯科クリニック,犬井　正,1,1,1,1,,37.358387,138.570572
446,ホワイト歯科,945-0812,柏崎市,半田2-6-11,0257-21-5038,平成8年11月1日,土井　彰夫,土井　彰夫,1,0,0,0,,37.35696,138.577621
447,山本歯科医院,945-0106,柏崎市,大字土合659,0257-20-0220,平成10年4月11日,山本　大輔,山本　大輔,1,0,0,0,,37.393375,138.599503
448,医療法人厚徳会　まつむら歯科柏崎診療所,945-0041,柏崎市,松美2ｰ2-38,0257-20-0310,平成10年7月9日,医療法人社団　厚徳会,梅津　達,1,1,1,1,,37.375309,138.578995
449,ながおか歯科ミュ,945-4135,柏崎市,西山町坂田5369-2,0257-48-2095,令和3年1月1日,関　恵子,関　恵子,1,1,1,0,,37.444889,138.67392
450,クオリス歯科医院,945-1352,柏崎市,大字安田2060-1,0257-21-3115,平成18年4月27日,村山　剛,村山　剛,1,0,1,1,,37.338638,138.61203
451,ながおか歯科ユウ,945-1431,柏崎市,大字加納5898,0257-27-2230,平成25年9月1日,小坂井　滋,小坂井　滋,1,1,1,0,,37.31781,138.613129
452,おだ歯科クリニック,945-0035,柏崎市,北半田2-5-13,0257-41-4618,平成19年11月13日,小田　太郎,小田　太郎,1,0,1,0,,37.363174,138.576126
453,柏崎市国民健康保険高柳歯科診療所,945-1502,柏崎市,高柳町岡野町1849-1,0257-41-2002,平成23年4月1日,柏崎市長,高橋　明彦,1,0,0,0,,37.225124,138.636169
454,駅南歯科,945-0821,柏崎市,幸町2-4,0257-20-4618,平成27年6月16日,山本　雅春,山本　雅春,1,0,1,1,,37.362495,138.557022
455,五十嵐歯科医院,949-3115,上越市,大潟区渋柿浜160,025-534-2735,昭和38年8月1日,五十嵐　晴敏,五十嵐　晴敏,1,0,0,0,,37.217911,138.309235
456,小菅歯科医院,942-0306,上越市,浦川原区有島12,025-599-2354,昭和54年8月1日,小菅　浩,小菅　浩,1,0,0,0,,37.151726,138.427826
457,中嶋歯科医院,943-0832,上越市,本町4-3-18,025-525-2148,昭和60年3月13日,中嶋　謙介,中嶋　謙介,1,0,0,0,,37.111423,138.244675
458,古館歯科医院,943-0837,上越市,南城町1-9-18,025-522-0066,昭和61年10月1日,古館　厚,古館　厚,1,0,0,0,,37.101562,138.250443
459,医療法人社団　佐藤歯科医院,943-0832,上越市,本町6-2-1,025-523-8445,昭和61年12月1日,医療法人社団　佐藤歯科医院,竹中　高子,1,0,0,0,,37.115574,138.245209
460,須藤歯科医院,942-0004,上越市,西本町4-6-15,025-544-6281,昭和62年5月11日,須藤　亜希雄,須藤　亜希雄,1,1,1,0,,37.173458,138.240097
461,神岡歯科医院,943-0834,上越市,西城町3-1-14,025-525-1817,昭和63年8月6日,神岡　真佐志,神岡　真佐志,1,0,1,0,,37.115643,138.247177
462,小林歯科医院,942-0001,上越市,中央1-18-11,025-543-3335,平成元年8月1日,増井　弘美,増井　弘美,1,0,0,0,,37.173965,138.245193
463,三上歯科医院,943-0831,上越市,仲町2-3-12,025-522-5288,平成元年10月1日,医療法人社団　三上歯科医院,三上　敦,1,0,0,0,,37.107937,138.242416
464,藤戸歯科,942-0061,上越市,春日新田1-19-4,025-544-6161,平成元年10月2日,藤戸　信之,藤戸　信之,1,0,0,0,,37.172234,138.255508
465,小山歯科医院,949-3103,上越市,大潟区潟町85,025-534-2411,平成2年4月1日,医療法人社団　小山歯科医院,小山　敏,1,0,0,0,,37.234085,138.332596
466,長谷川歯科医院,943-0861,上越市,大和1-7-6,025-526-0533,平成3年4月20日,長谷川　栄子,長谷川　栄子,1,0,0,0,,37.079201,138.252731
467,小林歯科医院,943-0832,上越市,本町1-5-2,025-526-1000,平成3年4月23日,小林　由明,小林　由明,1,0,1,0,,37.102554,138.243317
468,くびき歯科医院,942-0127,上越市,頸城区百間町725,025-530-2700,平成3年5月1日,五十嵐　文雄,五十嵐　文雄,1,0,0,0,,37.184536,138.329681
469,つばめ歯科医院,943-0802,上越市,大豆2-4-12,025-545-1262,平成3年9月9日,小島　雅之,小島　雅之,1,0,0,0,,37.154961,138.224594
470,さかもと歯科医院,943-0824,上越市,北城町1-3-28,025-526-4618,平成3年10月1日,坂本　廣一朗,坂本　廣一朗,1,0,1,1,,37.114979,138.262405
471,佐藤歯科医院,944-0131,上越市,板倉区針420-21,0255-78-3151,平成3年12月2日,佐藤　哲也,佐藤　哲也,1,0,0,0,,37.053089,138.297989
472,ながの歯科医院,944-0018,妙高市,諏訪町2-6-31,0255-72-8855,平成4年10月2日,永野　和久,永野　和久,1,0,0,0,,37.025913,138.258057
473,よしだ歯科医院,942-0072,上越市,栄町2-1-19,025-545-3755,平成5年4月12日,吉田　隆,吉田　隆,1,0,0,0,,37.164474,138.242004
474,廣瀬歯科クリニック,944-0031,妙高市,田町1-5-12,0255-73-8855,平成6年3月21日,廣瀬　和人,廣瀬　和人,1,1,1,0,,37.022034,138.253494
475,小島歯科医院,949-2235,妙高市,大字関山2123-1,0255-82-2046,平成6年10月25日,小嶋　祥功,小嶋　祥功,1,0,0,0,,36.93552,138.222778
476,戸野目歯科医院,943-0151,上越市,平成町19,025-526-3877,平成8年5月1日,青山　富雄,青山　富雄,1,1,1,0,,37.120331,138.278061
477,中村歯科医院,942-0001,上越市,中央1-26-23,025-543-2568,平成8年5月2日,中村　明,中村　明,1,0,0,0,,37.175869,138.247086
478,大塚歯科医院,943-0153,上越市,鴨島1-2-7,025-526-6220,平成8年5月14日,大塚　龍夫,大塚　龍夫,1,0,0,0,,37.112488,138.273468
479,山口歯科医院,944-0028,妙高市,姫川原926-4,0255-72-1260,平成9年2月1日,山口　武之,山口　武之,1,1,0,0,,37.005558,138.261307
480,医療法人徳真会　松村歯科上越診療所,943-0803,上越市,春日野1-4-17,025-522-6001,平成9年7月19日,医療法人　徳真会,中嶋　宏樹,1,1,1,0,,37.148472,138.228409
481,クラーク歯科医院,943-0803,上越市,春日野1-14-11,025-522-5522,平成9年7月22日,高橋　秀雄,高橋　秀雄,1,1,1,1,,37.151524,138.228165
482,さとう歯科クリニック,943-0841,上越市,南本町3-6-10,025-521-4118,平成10年5月11日,佐藤　正孝,佐藤　正孝,1,1,1,0,,37.10136,138.248001
483,池田歯科医院,943-0896,上越市,飯744-2,025-523-8341,平成10年9月7日,池田　恵,池田　恵,1,0,0,0,,37.122585,138.231949
484,わくい歯科クリニック,944-0008,妙高市,柳井田町2-12-1,0255-72-7200,平成10年10月12日,涌井　孝幸,涌井　孝幸,1,1,1,1,,37.053478,138.259171
485,ひまわり歯科医院,942-0032,上越市,大字福田739-8,025-531-1030,平成10年11月4日,杉澤　洋平,杉澤　洋平,1,0,0,0,,37.171284,138.276276
486,浜歯科医院,943-0891,上越市,昭和町2-12-3,025-523-0150,平成11年9月1日,医療法人社団　浜歯科医院,濱　巧一,1,1,1,0,,37.121803,138.237
487,赤川歯科クリニック,943-0823,上越市,高土町1-4-16,025-525-6480,平成11年9月2日,赤川　将,赤川　将,1,1,1,0,,37.123291,138.253525
488,たいき歯科医院,943-0171,上越市,藤野新田1183,025-521-5525,平成11年12月20日,山岸　公尚,山岸　公尚,1,0,1,0,,37.151356,138.25589
489,うちやま歯科医院,944-0007,妙高市,栗原2-5-4,0255-73-8340,平成12年9月1日,内山　奈津子,内山　奈津子,1,0,0,0,,37.0424,138.261032
490,飯原歯科医院,942-0411,上越市,安塚区安塚942-2,025-592-2075,平成13年4月1日,飯原　仁,飯原　仁,1,0,0,0,,37.137478,138.44899
491,下黒川歯科医院,949-3233,上越市,柿崎区柳ヶ崎121-1,025-535-2780,平成13年8月23日,倉茂　章,倉茂　章,1,0,1,0,,37.259487,138.406189
492,丸田歯科医院,942-0314,上越市,浦川原区顕聖寺219,025-599-2051,平成13年9月1日,丸田　良和,丸田　良和,1,0,0,0,,37.15937,138.42189
493,相馬歯科医院,942-0013,上越市,黒井1887,025-539-5168,平成13年11月6日,相馬　陽,相馬　陽,1,1,0,1,,37.192554,138.270477
494,かんど歯科・小児歯科クリニック,943-0173,上越市,大字富岡3106番,025-522-8001,令和8年2月1日,神戸　正人,神戸　正人,1,1,1,0,,37.145,138.260651
495,加藤歯科クリニック,943-0873,上越市,大字西田中227,025-521-0600,平成15年4月28日,加藤　拓,加藤　拓,1,0,1,0,,37.063122,138.254822
496,横尾歯科医院,944-0042,妙高市,東雲町6-14,0255-72-2630,平成15年5月1日,横尾　宗一,横尾　宗一,1,0,0,0,,37.028244,138.252594
497,三和ファミリー歯科医院,943-0224,上越市,三和区川浦2246番地,025-532-4848,平成15年8月4日,片海　ひな子,片海　ひな子,1,1,1,0,,37.112995,138.329865
498,小林歯科クリニック,943-0893,上越市,大貫4丁目6-14,025-522-8123,平成15年8月5日,小林　龍彰,小林　龍彰,1,0,1,1,,37.11459,138.232437
499,東雲くろだ歯科医院,942-0071,上越市,東雲町2-9-17,025-544-5850,平成15年8月20日,黒田　陽,黒田　陽,1,1,1,1,,37.166725,138.241257
500,原矯正歯科,943-0832,上越市,大手町5-45,025-526-5800,平成15年10月1日,原　省司,原　省司,0,1,0,0,,37.108715,138.248047
501,大島村歯科診療所,942-1106,上越市,大島区岡3388-9,025-594-3930,平成17年1月1日,古屋　一裕,古谷　一裕,1,0,0,0,,37.165043,138.505615
502,清里歯科診療所,943-0501,上越市,清里区岡野町1623,025-528-4180,平成17年1月1日,上越市,片海　正明,1,0,0,0,,37.086597,138.329483
503,羽尾歯科医院春日山,943-0807,上越市,春日山3-18-41,025-527-4618,平成17年4月25日,医療法人社団　羽尾歯科医院,羽尾　博嗣,1,1,1,1,,37.143646,138.22229
504,犀浜デンタルクリニック,949-3113,上越市,大潟区下小船津浜1153-4,025-535-1504,平成17年8月20日,俵木　修,俵木　修,1,1,1,1,,37.219601,138.318741
505,安江たなか歯科医院,942-0041,上越市,安江2-561-6,025-544-4618,平成17年12月8日,田中　紀裕,田中　紀裕,1,0,0,0,,37.168934,138.262817
506,五智歯科クリニック,942-0081,上越市,五智1-13-10,025-544-1133,令和7年8月1日,医療法人社団　五智歯科クリニック,丸田　隆司,1,0,1,1,,37.169243,138.235489
507,すずき歯科医院,942-0081,上越市,五智1-15-25,025-543-8177,平成18年3月15日,鈴木　功,鈴木　功,1,1,1,1,,37.168823,138.234604
508,水野歯科クリニック,943-0832,上越市,本町5-3-23,025-525-7087,平成18年5月1日,水野　吉広,水野　吉広,1,1,0,1,,37.113602,138.244995
509,さくら歯科,944-0101,上越市,板倉区稲増151-61,0255-78-5037,平成19年1月1日,齋藤　修,齋藤　修,1,0,0,0,,37.07972,138.284164
510,青山歯科医院,943-0803,上越市,春日野1-4-10,025-523-5440,平成19年7月9日,青山　隆一,青山　隆一,1,1,1,1,,37.147999,138.229263
511,池田歯科医院,944-0045,妙高市,中町4-10,0255-72-2153,平成20年3月28日,池田　博康,池田　博康,1,1,1,1,,37.02557,138.251328
512,土肥歯科医院,942-0001,上越市,中央3-15-5,025-543-2097,平成20年4月1日,土肥　陽一,土肥　陽一,1,1,1,0,,37.178314,138.245682
513,医療法人社団　和久井歯科医院,943-0828,上越市,北本町2-3-3,025-524-5266,平成20年10月10日,医療法人社団　和久井歯科医院,和久井　千佳子,1,0,1,0,,37.120575,138.244263
514,かるがも歯科・矯正歯科,943-0806,上越市,木田新田2-148,025-525-6400,平成20年11月1日,医療法人社団　かるがも歯科矯正歯科,新部　洋史,1,1,1,0,,37.139507,138.236099
515,医療法人厚徳会　まつむら歯科高田診療所,943-0824,上越市,北城町3-1-30,025-521-6780,平成20年12月7日,医療法人　厚徳会,辻　哲範,1,1,1,1,,37.117592,138.251785
516,三折堂いがらし歯科医院,942-0271,上越市,三和区錦289-4,025-532-2595,平成21年5月1日,医療法人社団　三折堂,五十嵐　みね子,1,0,0,0,,37.139637,138.342773
517,名立歯科診療所,949-1602,上越市,名立区名立大町196,0255-37-2051,平成21年9月1日,医療法人社団　飯島歯科医院,飯嶋　正,1,0,0,0,,37.144787,138.080353
518,いわふね歯科クリニック,943-0882,上越市,中田原160-42,025-525-2340,平成21年10月1日,岩舩　素子,岩舩　素子,1,0,1,0,,37.091553,138.23114
519,田嶋歯科医院,943-0883,上越市,中通町8-23,025-522-4455,平成22年1月1日,田嶋　志織,田嶋　志織,1,0,0,0,,37.097069,138.241379
520,谷口歯科クリニック,944-0047,妙高市,白山町4-5-6,0255-73-8030,平成22年4月1日,谷口　伸張,谷口　伸張,1,1,1,0,,37.020809,138.246643
521,増村歯科医院,944-0042,妙高市,東雲町4-5,0255-72-2243,平成22年11月10日,藤内　典子,藤内　典子,1,0,0,0,,37.029163,138.253967
522,しろデンタルクリニック,943-0833,上越市,大町4-3-33,025-525-4618,平成22年12月24日,西村　理絵,西村　理絵,1,0,1,1,,37.114651,138.24614
523,畑歯科診療所,943-0146,上越市,とよば107ｲﾙ･ｸｵｰﾚとよば1F,025-526-8841,平成23年7月24日,畑　俊一,畑　俊一,1,0,1,1,,37.147865,138.236099
524,スマイル歯科ｸﾘﾆｯｸ,943-0836 ,上越市,東城町3丁目8番25号,025-524-2518,平成23年10月1日,笹原　純,笹原　純,1,0,1,0,,37.108795,138.260529
525,中島歯科医院,949-3103,上越市,大潟区潟町696-4,025-534-2626,平成24年5月1日,中島　かるら,中島　かるら,1,1,1,0,,37.231728,138.334595
526,きたしろ歯科診療所,943-0825,上越市,東本町5丁目2-59,025-526-8118,平成25年9月1日,医療法人社団　よつばの会,金谷　史夫,1,1,1,0,,37.118553,138.262283
527,小嶋歯科医院,949-2112,妙高市,大字関川10-13,0255-86-2243,平成25年11月1日,小嶋　基,小嶋　基,1,0,0,0,,36.871372,138.210419
528,水野歯科医院,944-0131,上越市,板倉区針1165-8,0255-78-2394,平成25年11月12日,水野　巨樹,水野　巨樹,1,0,1,0,,37.053089,138.297989
529,医療法人社団　木村歯科クリニック,943-0805,上越市,木田1-1-11ﾐﾜﾌﾟﾗｻﾞ2F,025-524-4618,平成26年1月1日,医療法人社団　木村歯科クリニック,木村　正子,1,1,1,1,,37.146915,138.237244
530,小出歯科医院,949-3216,上越市,柿崎区柿崎6108-1,025-536-2530,平成26年3月1日,小出　光,小出　光,1,0,0,0,,37.281841,138.389694
531,大山歯科医院,949-3116,上越市,大潟区犀潟835,025-512-4141,平成26年4月28日,大山　賢司,大山　賢司,1,0,1,1,,37.207581,138.30452
532,太田歯科医院,943-0833,上越市,大町4-3-34,025-523-3263,平成26年11月1日,太田　聡,太田　聡,1,0,0,0,,37.113724,138.246262
533,万代歯科クリニック,943-0804,上越市,新光町2-2-5,025-522-1217,平成27年4月1日,医療法人社団　万代歯科クリニック,萬羽　晴一,1,1,0,0,,37.150768,138.239029
534,平野歯科医院,942-0011,上越市,港町2-5-2,025-544-4848,平成27年5月9日,平野　龍紀,平野　龍紀,1,1,1,1,,37.179691,138.254517
535,折笠歯科医院,943-0810,上越市,大学前33,025-526-3008,平成27年10月1日,医療法人社団　折笠歯科医院,折笠　紀晶,1,0,0,0,,37.136906,138.228943
536,あおき歯科・矯正歯科クリニック,942-0063,上越市,大字下門前1805番地,025-520-4180,平成28年5月1日,医療法人社団　親曜会,青木　義親,1,1,1,1,,37.155373,138.255066
537,ハート歯科ｸﾘﾆｯｸ,943-0834,上越市,西城町1-4-31,025-522-8010,平成28年5月1日,医療法人社団　ハート歯科クリニック,三箇　満,1,1,1,1,,37.11454,138.253937
538,南川歯科クリニック,942-0146,上越市,頸城区下吉228-26,025-543-8011,平成29年3月18日,佐野　瑞樹,佐野　瑞樹,1,0,1,0,,37.182487,138.279297
539,八木歯科医院,949-3445,上越市,吉川区原之町2037-3,025-548-2114,平成29年4月1日,八木　寿顕,八木　寿顕,1,0,0,0,,37.228287,138.393845
540,おおしま歯科クリニック,942-0082,上越市,国府1-24-10,025-544-0118,平成30年4月13日,大嶋　美恵,大嶋　美恵,1,1,1,0,,37.160801,138.227905
541,あおの歯科診療所,942-0238,上越市,青野243-1,025-520-8446,平成30年4月24日,塚本　康巳,塚本　康巳,1,0,1,1,,37.164162,138.349533
542,くすのき歯科クリニック,942-0022,上越市,大字下荒浜423-1,025-543-3009,平成30年7月27日,矢富　政則,矢富　政則,1,0,1,0,,37.194126,138.283569
543,楡井歯科医院,949-3216,上越市,柿崎区柿崎6556,025-536-2620,令和2年6月12日,医療法人社団　楡井歯科医院,楡井　喜一,1,0,1,1,,37.28075,138.391312
544,一般社団法人上越歯科医師会上越休日歯科・障がい者歯科診療センター,943-0804,上越市,新光町1-10-16,025-523-5775,令和2年12月6日,一般社団法人　上越歯科医師会,山岸　公尚,1,0,0,0,,37.150856,138.237
545,わたなべ歯科,943-0821,上越市,大字土橋2771番地,025-520-8819,令和2年12月7日,渡邉　充,渡邉　充,1,0,1,0,,37.130962,138.242706
546,星野歯科医院,949-3255,上越市,柿崎区上下浜496,025-536-3116,令和4年9月1日,医療法人社団　星野歯科医院,星野　壽幸,1,0,0,0,,37.245628,138.355667
547,櫻井歯科医院,943-0861,上越市,大和1-1-4,025-526-9750,令和5年2月7日,櫻井　佑,櫻井　佑,1,0,1,1,,37.082417,138.251236
548,Dental NEST Regalo,942-0063,上越市,下門前2255,025-520-8255,令和5年8月1日,田中　弘貴,田中　弘貴,1,1,1,1,,37.155373,138.255066
549,山崎歯科医院,949-2316,上越市,中郷区江口443-2,0255-74-2468,令和5年12月8日,山崎　昭宏,山崎　昭宏,1,0,1,1,,36.949863,138.21521
550,デンタルオフィスK,942-0052,上越市,上源入634-4,025-530-7957,令和6年5月1日,医療法人社団三上歯科医院,三上　慶,1,0,0,1,,37.159805,138.259583
551,永井歯科医院,943-0841,上越市,南本町2-6-34,025-523-5040,令和6年5月1日,永井　謙,永井　謙,1,0,0,0,,37.098991,138.250443
552,おおてまち歯科医院,943-0838,上越市,大手町3-26,025-525-2584,令和7年10月1日,笹原　華子,笹原　華子,1,0,1,0,,37.108898,138.248825
553,永野歯科・矯正歯科医院,941-0068,糸魚川市,本町10-1,025-552-1259,平成5年9月1日,医療法人社団　愛永会,永野 正司,1,1,0,0,,37.045422,137.857819
554,あべ歯科クリニック,941-0065,糸魚川市,新鉄2-12-14,025-552-0214,令和元年7月1日,阿部 泰志,阿部 泰志,1,1,0,1,,37.039227,137.859131
555,早川歯科医院,941-0011,糸魚川市,滝川原700-1,025-555-3433,昭和62年10月1日,阿部 正,阿部 正,1,0,1,0,,37.033913,137.930298
556,新田歯科医院,941-0052,糸魚川市,南押上2-2-20 ,025-552-2131,昭和62年12月1日,新田 佐織,新田 佐織,1,0,0,0,,37.047001,137.878952
557,月岡歯科医院,941-0065,糸魚川市,新鉄1-3-3,025-553-0828,平成3年5月21日,月岡 克郎,月岡 克郎,1,0,0,0,,37.043922,137.856842
558,インター歯科,941-0067,糸魚川市,横町5-5-24 ,025-552-2341,平成13年10月1日,医療法人社団　正仁会,竹内 博文,1,1,1,1,,37.041,137.849487
559,倉石歯科医院,941-0053,糸魚川市,東寺町2-2-63,025-550-6155,平成13年10月19日,倉石 正哉,倉石 正哉,1,0,1,0,,37.045158,137.872665
560,高鳥歯科医院,949-1352,糸魚川市,能生7006,025-566-2040,平成5年6月1日,高鳥 健一,高鳥 健一,1,0,1,0,,37.103004,137.9879
561,山岸歯科医院,949-1352,糸魚川市,能生2318-1,025-566-4488,平成6年7月20日,山岸 正幸,山岸 正幸,1,0,0,0,,37.099163,137.98822
562,森歯科医院,949-0303,糸魚川市,田海5333番地,025-562-2154,昭和60年10月12日,森 道弘,森 道弘,1,0,1,0,,36.990662,137.81163
563,渡辺歯科医院,949-0301,糸魚川市,須沢3459,025-562-5525,平成2年5月8日,渡辺 正,渡辺 正,1,0,0,0,,37.032089,137.832748
564,藤浪歯科医院,949-0305,糸魚川市,青海4608-1,025-562-5881,平成4年11月18日,藤浪 孝憲,藤浪 孝憲,1,0,0,0,,37.024601,137.797104
565,すがはら歯科医院,949-0301,糸魚川市,須沢2636,025-562-1182,平成20年10月1日,菅原 陽明,菅原 陽明,1,1,1,1,,37.025814,137.837189
566,いしもと歯科,952-0014,佐渡市,両津湊178,0259-23-2533,令和4年6月1日,石本　裕子,石本　裕子,1,1,1,1,,38.081745,138.434814
567,ほんま歯科医院,952-0014,佐渡市,両津湊226-3,0259-23-2873,平成28年10月11日,本間　康平,本間　康平,1,0,1,0,,38.078632,138.437943
568,嶋田歯科医院,952-0011,佐渡市,両津夷197-1,0259-23-5400,平成10年11月1日,嶋田　正也,嶋田　正也,1,0,0,0,,38.083771,138.433502
569,山中歯科医院,952-1314,佐渡市,河原田本町259,0259-52-2232,平成26年6月1日,山中　彰久,山中　彰久,1,0,0,0,,37.999264,138.321243
570,山岡歯科医院,952-1305,佐渡市,上長木358-2,0259-52-2361,平成元年9月24日,山岡　秀樹,山岡　秀樹,1,0,1,0,,38.005833,138.333374
571,ミドリ歯科医院,952-1315,佐渡市,河原田諏訪町80-4 新潟交通佐和田ﾋﾞﾙ2F,0259-52-3134,平成2年1月26日,渡部　尚,渡部　尚,1,0,0,0,,38.004501,138.31366
572,本間歯科医院,952-1315,佐渡市,河原田諏訪町196,0259-51-0555,平成15年7月11日,本間　泰裕,本間　泰裕,1,1,1,1,,38.001911,138.317337
573,隅田歯科医院,952-1212,佐渡市,泉甲661-1,0259-63-3220,平成10年2月7日,隅田　光弘,隅田　光弘,1,0,1,0,,38.061474,138.330963
574,本田歯科医院,952-0318,佐渡市,真野新町444,0259-55-2159,昭和59年7月1日,本田　亘,本田　亘,1,0,0,0,,37.962299,138.344391
575,ふじい歯科,952-0604,佐渡市,小木町2120-2,0259-86-2717,平成12年4月3日,藤井　賢一郎,藤井　賢一郎,1,1,1,0,,37.819813,138.269623
576,田中歯科医院,952-0014,佐渡市,両津湊279,0259-27-2416,平成19年4月2日,田中　雅裕,田中　雅裕,1,0,1,1,,38.076527,138.440781
577,まもる歯科,952-1548,佐渡市,相川羽田町58番地,0259-74-2134,平成28年12月22日,渡部　守,渡部　守,1,0,1,0,,38.033031,138.24086
578,酒井歯科医院,952-0504,佐渡市,羽茂本郷406-1,0259-88-2929,平成25年4月1日,木下　昭博,木下　昭博,1,0,1,1,,37.858578,138.351639
579,小木歯科クリニック,952-0604,佐渡市,小木町1974番地,0259-86-2898,平成24年12月1日,医療法人おけさ会,時田　君彦,1,0,1,0,,37.819813,138.269623
580,佐和田歯科クリニック,952-1311,佐渡市,東大通1284番地,0259-57-2088,令和4年11月1日,医療法人おけさ会,近藤　拓,1,1,1,1,,38.003227,138.3293
581,はたの歯科医院,952-0206,佐渡市,佐渡市畑野申442-2,0259-66-3119,令和8年4月1日,猪本　正人,猪本　正人,1,0,0,0,,38.018604,138.368011
582,安達歯科医院,950-3326,新潟市北区,柳原4丁目1番12号,025-386-6400,昭和58年5月6日,安達　和夫,安達　和夫,1,1,1,0,,37.918274,139.210373
583,有田歯科医院,950-3112,新潟市北区,太夫浜1639番地1,025-259-8686,平成30年12月25日,有田　守,有田　守,1,0,0,0,,37.956127,139.153885
584,おだ歯科医院,950-3317,新潟市北区,かぶとやま2丁目1-62ﾍﾞｲｼｱ新潟豊栄店ﾃﾅﾝﾄ,025-282-5454,平成31年3月18日,小田　陽平,小田　陽平,1,0,1,1,,37.928936,139.218582
585,かとう歯科医院,950-3373,新潟市北区,須戸2丁目6番40号,025-384-6855,平成17年9月2日,加藤　幸生,加藤　幸生,1,0,1,1,,37.917717,139.18541
586,北村歯科医院,950-3124,新潟市北区,三軒屋町15番31号,025-259-2627,昭和49年2月14日,北村　信隆,北村　信隆,1,0,0,1,,37.949516,139.148605
587,くまくらデンタルオフィス,950-3327,新潟市北区,石動1丁目15番5号,025-384-7888,平成22年3月2日,熊倉　史子,熊倉　史子,1,0,1,0,,37.920982,139.214005
588,グリーン歯科医院,950-3327,新潟市北区,石動1丁目2番37号,025-387-0080,平成9年11月1日,小林　みどり,小林　みどり,1,1,1,0,,37.92392,139.215515
589,こうの歯科医院,950-3304,新潟市北区,木崎2761-36,025-282-7959,平成29年3月13日,河野　雅之,河野　雅之,1,0,1,1,,37.943344,139.189819
590,小林歯科医院,950-3375,新潟市北区,早通南1丁目5番10号,025-386-3103,平成23年5月1日,小林　新二郎,小林　新二郎,1,1,1,1,,37.920536,139.179199
591,近藤歯科医院,950-3125,新潟市北区,松浜本町1丁目12番14号,025-259-7040,昭和56年7月13日,医療法人社団近藤歯科医院,近藤　均,1,0,0,0,,37.950985,139.147659
592,しげたに歯科医院,950-3353,新潟市北区,長戸呂427番地2,025-388-3600,平成17年4月1日,重谷　寧子,重谷　寧子,1,0,1,0,,37.882156,139.179001
593,すずき歯科・矯正歯科クリニック,950-3126,新潟市北区,松浜6丁目13番地27,025-258-3748,令和6年5月1日,瀬下　博嗣,瀬下　博嗣,1,1,1,1,,37.955872,139.141373
594,すみれ野歯科医院,950-3133,新潟市北区,すみれ野1丁目13番13号,025-259-5085,平成8年1月10日,佐久間　陽子,佐久間　陽子,1,0,0,0,,37.919907,139.159805
595,曽我歯科医院,950-3313,新潟市北区,太田甲5629番地8,025-386-3260,昭和61年12月1日,医療法人社団曽我歯科医院,曽我　晋太郎,1,0,0,0,,37.944019,139.244003
596,月岡歯科医院,950-3321,新潟市北区,葛塚4745番地,025-282-7197,平成26年4月1日,月岡　祐輔,月岡　祐輔,1,0,1,1,,37.927147,139.217804
597,常木歯科医院,950-3325,新潟市北区,白新町2丁目7番13号,025-387-2050,平成4年4月1日,常木　哲哉,常木　哲哉,1,0,1,0,,37.915783,139.21582
598,冨田歯科医院,950-3325,新潟市北区,白新町2丁目4番21号,025-387-2216,平成5年7月1日,冨田　晃,冨田　晃,1,1,1,0,,37.917091,139.217331
599,豊栄インター歯科,950-3317,新潟市北区,かぶとやま2-3-3,025-387-3835,平成28年9月23日,原田　亮,原田　亮,1,1,1,1,,37.931011,139.217972
600,萩原歯科医院,950-3135,新潟市北区,つくし野2丁目1番1号,025-259-8101,平成20年4月1日,萩原　弥,萩原　弥,1,0,0,0,,37.92709,139.156448
601,林歯科医院,950-3322,新潟市北区,嘉山6丁目6番1号,025-388-2200,平成5年6月1日,林　克彰,林　克彰,1,1,1,0,,37.910583,139.219681
602,ひぐち歯科医院,950-3321,新潟市北区,葛塚94番地1,025-388-5336,平成6年5月31日,樋口　克輔,樋口　克輔,1,0,1,0,,37.913708,139.210526
603,ホリデンタルオフィス,950-3325,新潟市北区,白新町4丁目8番5号,025-288-6273,平成21年8月10日,堀　道則,堀　道則,1,0,0,0,,37.913368,139.212082
604,本間歯科医院,950-3315,新潟市北区,朝日町2丁目1番2号,025-386-1414,平成元年4月4日,医療法人社団本間歯科医院,本間　信策,1,0,0,0,,37.919945,139.223129
605,ほんま歯科医院,950-3376,新潟市北区,早通北4丁目6番31号,025-386-1115,昭和61年4月1日,本間　彰一,本間　彰一,1,0,1,1,,37.92202,139.184174
606,松田歯科クリニック,950-3102,新潟市北区,島見町3700番地5,025-383-8607,平成30年3月10日,医療法人社団　寛正会,松田　浩一郎,1,1,1,1,,37.964703,139.201584
607,もろ歯科クリニック,950-3327,新潟市北区,石動1丁目23番4号,025-388-1101,平成11年6月1日,毛呂　友昭,毛呂　友昭,1,1,1,0,,37.921177,139.211594
608,やまだデンタルクリニック,950-3323,新潟市北区,東栄町1丁目12番9号,025-388-1111,平成7年5月1日,山田　久弥,山田　久弥,1,1,1,1,,37.911369,139.222397
609,あおば歯科,950-0864,新潟市東区,紫竹6丁目18番43号,025-270-8118,平成16年4月1日,熊谷　和美,熊谷　和美,1,1,1,0,,37.909348,139.083649
610,あさひとう矯正＆こども歯科クリニック,950-0112,新潟市東区,藤見町2丁目4番14号,025-279-4187,令和5年5月1日,医療法人社団スーパースマイル新潟,朝日藤　寿一,1,1,1,0,,37.934414,139.096863
611,浅見歯科医院,950-0011,新潟市東区,向陽2丁目10番2号,025-271-0250,平成14年4月1日,駒形　功,駒形　功,1,0,1,0,,37.941319,139.114029
612,あゆかわ歯科医院,950-0871,新潟市東区,山木戸4丁目7番7号,025-250-8110,平成15年1月10日,鮎川　幸雄,鮎川　幸雄,1,0,1,0,,37.922092,139.084351
613,杏歯科クリニック,950-0823,新潟市東区,東中島3丁目9番54号,025-383-6485,平成24年8月17日,川嵜　直子,川嵜　直子,1,0,1,1,,37.910686,139.117493
614,飯島歯科医院,950-0872,新潟市東区,牡丹山6丁目10番7号,025-270-7171,平成7年4月3日,飯島　定雄,飯島　定雄,1,0,0,0,,37.918171,139.096191
615,いしやま歯科医院,950-0893,新潟市東区,はなみずき2丁目6番20号,025-272-7018,平成10年10月28日,石山　泰士,石山　泰士,1,0,1,0,,37.916798,139.103088
616,伊東歯科医院,950-0861,新潟市東区,中山8丁目27番11号,025-271-4970,昭和54年4月2日,伊東　宗明,伊東　宗明,1,0,0,0,,37.91666,139.093323
617,いろかわ歯科医院,950-0054,新潟市東区,秋葉1丁目6番34号,025-288-5266,平成22年10月1日,色川　裕士,色川　裕士,1,0,1,0,,37.940361,139.08429
618,宇賀村歯科医院,950-0872,新潟市東区,牡丹山3丁目1番14号,025-271-0123,昭和62年10月15日,宇賀村　勇亮,宇賀村　勇亮,1,0,0,0,,37.924156,139.093719
619,えびがせファミリー歯科,950-0806,新潟市東区,海老ｹ瀬3008番地,025-385-6074,平成26年5月1日,西村　雄介,西村　雄介,1,1,1,1,,37.929703,139.12735
620,おおとりい歯科クリニック,950-0837,新潟市東区,若葉町1丁目20番41号,025-256-8241,令和6年6月1日,医療法人社団　おおとりい歯科クリニック,大鳥居　淳,1,0,1,1,,37.89669,139.112595
621,オオヒラ歯科クリニック,950-0005,新潟市東区,太平1丁目3番10号,025-272-6488,平成14年12月10日,大平　育夫,大平　育夫,1,0,0,0,,37.947308,139.117233
622,岡田歯科医院,950-0055,新潟市東区,北葉町13番4号,025-273-0240,昭和42年4月1日,岡田　朋子,岡田　朋子,1,0,1,0,,37.939098,139.075378
623,岡田歯科医院,950-0832,新潟市東区,下場本町14番4号,025-277-0236,昭和61年5月7日,医療法人社団岡田歯科医院,岡田　泰幸,1,0,0,0,,37.905827,139.107407
624,小黒歯科医院,950-0864,新潟市東区,紫竹5丁目19番15号ﾎﾞ･ﾇ-ﾙ･ﾄﾜⅤ1F,025-241-6480,平成2年11月9日,小黒　友彦,小黒　友彦,1,1,1,0,,37.905308,139.079025
625,小野歯科医院,950-0836,新潟市東区,東中野山3丁目10番15号,025-277-5035,平成2年4月6日,小野　滋,小野　滋,1,1,1,1,,37.901566,139.113113
626,おひさま歯科診療所,950-0012,新潟市東区,有楽3丁目5-5,025-270-4180,平成22年10月1日,白倉　正基,白倉　正基,1,0,0,0,,37.94043,139.113113
627,かねこ歯科クリニック,950-0044,新潟市東区,古湊町3番50号,025-272-9144,平成16年3月6日,金子　恭士,金子　恭士,1,1,1,1,,37.937714,139.07193
628,かのまた歯科,950-0861,新潟市東区,中山8丁目1番10号,025-288-5569,平成28年4月18日,鹿又　真一,鹿又　真一,1,1,1,1,,37.914181,139.086929
629,かめかめ歯科医院,950-0851,新潟市東区,新石山4丁目5番5号,025-278-5020,平成25年12月24日,佐藤　斉,佐藤　斉,1,0,0,0,,37.900753,139.09549
630,くぼた歯科クリニック,950-0021,新潟市東区,物見山2丁目13番19号,025-271-6868,平成30年6月19日,久保田　千華子,久保田　千華子,1,0,1,1,,37.945431,139.093582
631,くまくら歯科・歯科口腔外科,950-0814,新潟市東区,逢谷内2丁目4-6,025-311-5107,平成28年9月16日,熊倉　亮,熊倉　亮,1,1,1,1,,37.919441,139.117126
632,桑原歯科医院,950-0885,新潟市東区,下木戸2丁目14番10号,025-270-5200,平成6年5月2日,桑原　秀也,桑原　秀也,1,1,0,0,,37.926525,139.094894
633,こうど歯科クリニック,950-0016,新潟市東区,河渡本町22-56,025-272-4618,平成21年8月1日,野沢　健太郎,野沢　健太郎,1,1,1,1,,37.933979,139.107559
634,小竹歯科医院,950-0005,新潟市東区,太平3丁目5番10号,025-273-8270,平成5年7月21日,小竹　弘之,小竹　弘之,1,0,1,0,,37.945667,139.110718
635,ことぶき歯科,950-0893,新潟市東区,はなみずき1丁目16番10号,025-271-8013,平成15年11月14日,田中　勝,田中　勝,1,0,1,0,,37.914917,139.101242
636,小林歯科医院,950-0052,新潟市東区,秋葉通2丁目3722番105号,025-274-4184,昭和62年4月24日,小林　潤,小林　潤,1,1,1,1,,37.943066,139.079437
637,さいかわ歯科医院,950-0017,新潟市東区,新松崎2丁目5番7号,025-279-5234,平成11年5月12日,才川　典,才川　典,1,0,1,0,,37.932846,139.117493
638,佐々木歯科医院,950-0864,新潟市東区,紫竹7丁目12番10号,025-275-5103,令和5年6月1日,医療法人社団　佐々木歯科医院,佐々木　裕道,1,1,1,0,,37.910629,139.088959
639,佐藤歯科医院,950-0853,新潟市東区,東明1丁目8番9号,025-286-1175,平成17年3月1日,佐藤　昌尚,佐藤　昌尚,1,1,1,0,,37.899017,139.082947
640,佐藤歯科医院,950-0843,新潟市東区,粟山4丁目1番21号,025-276-5455,令和4年11月1日,佐藤　研人,佐藤　研人,1,0,1,0,,37.898289,139.101166
641,白田歯科医院,950-0053,新潟市東区,宝町1番38号,025-271-1100,昭和57年7月26日,白田　敏晴,白田　敏晴,1,1,1,1,,37.942245,139.08699
642,医療法人社団　豊医会　スマイル歯科おざき,950-0861,新潟市東区,中山6丁目3番35号e-ﾒﾃﾞｨｶﾙﾌﾟﾗｻﾞ 3F,025-278-9311,平成25年4月1日,医療法人社団　豊医会,尾崎　豊実,1,0,1,1,,37.912334,139.081238
643,平歯科医院,950-0803,新潟市東区,中興野5番51号,025-275-5353,昭和58年10月8日,平　秀幸,平　秀幸,1,0,0,0,,37.921112,139.137451
644,たけと歯科クリニック,950-0892,新潟市東区,寺山2丁目2番10号,025-270-6211,平成6年10月3日,吉田　剛人,吉田　剛人,1,0,1,0,,37.923923,139.109085
645,竹本歯科医院,950-0814,新潟市東区,逢谷内4丁目8番13号,025-271-1177,平成5年3月2日,医療法人社団竹本歯科医院,竹本　毅,1,1,1,0,,37.921627,139.11824
646,田代歯科クリニック,950-0027,新潟市東区,松和町8番21号,025-274-4182,平成4年9月2日,田代　正孝,田代　正孝,1,0,1,1,,37.941414,139.096893
647,富樫歯科医院,950-0872,新潟市東区,牡丹山2丁目6番1号,025-272-0101,平成元年7月1日,冨樫　正利,冨樫　正利,1,1,1,0,,37.920872,139.089996
648,とさか歯科医院,950-0813,新潟市東区,大形本町4丁目8番16号,025-271-7500,昭和55年5月8日,医療法人社団とさか歯科医院,登坂　邦彦,1,1,1,1,,37.923187,139.120758
649,とみい歯科医院,950-0036,新潟市東区,空港西2丁目20番地18号,025-379-7737,平成19年4月1日,医療法人社団富信会とみい歯科医院,富井　信之,1,0,1,1,,37.948483,139.099396
650,ないとう歯科医院,950-0021,新潟市東区,物見山2丁目35番19号,025-270-2218,平成18年1月11日,内藤　義隆,内藤　義隆,1,0,1,1,,37.945385,139.096161
651,中川歯科医院,950-0861,新潟市東区,中山7丁目23番9号,025-274-6474,昭和51年10月20日,中川　賢治,中川　賢治,1,0,0,0,,37.912159,139.084244
652,なかきど歯科,950-0886,新潟市東区,中木戸216番地4,025-271-0222,平成17年11月11日,小川　有,小川　有,1,0,1,1,,37.927013,139.099258
653,仲又歯科,950-0823,新潟市東区,東中島2丁目2番3号ｱｽﾃｨｵﾝ東中島1F,025-257-2123,平成9年11月25日,仲又　俊夫,仲又　俊夫,1,0,1,0,,37.907894,139.108582
654,にわ歯科医院,950-0861,新潟市東区,中山2丁目10番15号,025-271-2400,平成20年1月1日,丹羽　博己,丹羽　博己,1,0,0,0,,37.915642,139.081299
655,服部歯科医院,950-0836,新潟市東区,東中野山1丁目2番13号,025-276-7330,平成元年4月14日,服部　康雄,服部　康雄,1,0,0,0,,37.90237,139.108246
656,花みずき歯科医院,950-0892,新潟市東区,寺山3丁目30番24号,025-271-6665,平成13年8月1日,山田　亜佐子,山田　亜佐子,1,0,1,1,,37.918533,139.111542
657,はやつ歯科クリニック,950-0842,新潟市東区,もえぎ野2丁目5番19号,025-278-5288,平成14年12月18日,早津　誠,早津　誠,1,0,1,1,,37.892937,139.101364
658,ひらのデンタルクリニック,950-0066,新潟市東区,長者町15番23号,025-270-8080,平成28年9月16日,医療法人社団　ひらの内科医院,平野　慎一朗,1,0,1,0,,37.935909,139.07605
659,平原歯科新潟東区役所内診療所,950-0885,新潟市東区,下木戸1-4-1新潟市東区役所内,025-279-2345,平成24年1月5日,平原　泰樹,平原　泰樹,1,0,1,1,,37.9249,139.09259
660,ふじみ歯科,950-0024,新潟市東区,河渡1丁目4番15号,025-271-7575,平成31年1月28日,山垣　和子,山垣　和子,1,0,0,1,,37.934353,139.097717
661,ふなえ歯科医院,950-0031,新潟市東区,船江町2丁目10番1号,025-270-1888,平成3年12月6日,医療法人社団ふなえ歯科医院,桑原　密雄,1,1,1,1,,37.95171,139.100296
662,ぼたんやまデンタルクリニック,950-0891,新潟市東区,上木戸4丁目1-9,025-290-7770,平成23年6月10日,荒井　渉,荒井　渉,1,0,1,0,,37.921398,139.10025
663,ＷｈｉｔｅＢｅｒｒｙこうなん歯科,950-0855,新潟市東区,江南6丁目1番31号,025-286-0118,平成22年10月1日,医療法人明和会　,川北　雄高,1,1,1,1,,37.90321,139.083588
664,ほんま歯科・小児歯科クリニック,950-0052,新潟市東区,秋葉通2丁目106番地38,025-250-6480,平成30年5月15日,本間　裕章,本間　裕章,1,1,1,0,,37.940941,139.080612
665,マリデンタルクリニック,950-0853,新潟市東区,東明5丁目1-1,025-286-5767,平成25年6月1日,宮井　眞理,宮井　眞理,1,1,1,0,,37.899635,139.087326
666,まるデンタルクリニック,950-0893,新潟市東区,はなみずき2丁目14番20号,025-271-1000,平成28年5月12日,丸山　敬正,丸山　敬正,1,0,1,1,,37.915836,139.10466
667,水野歯科医院,950-0024,新潟市東区,河渡2丁目3番25号,025-274-1805,平成28年2月15日,水野　健太郎,水野　健太郎,1,0,1,0,,37.936928,139.101089
668,みやの歯科医院,950-0855,新潟市東区,江南2丁目7番17号,025-287-4180,平成2年4月16日,宮野　正美,宮野　正美,1,0,1,0,,37.901714,139.079956
669,みるく歯科クリニック,950-0012,新潟市東区,有楽1丁目7番1号,025-272-2100,平成14年7月1日,鈴木　利枝,鈴木　利枝,1,0,1,0,,37.939259,139.104187
670,もえぎの歯科,950-0842,新潟市東区,もえぎ野3丁目12番10号,025-276-7776,平成24年3月2日,川島　直志,川島　直志,1,0,1,0,,37.895794,139.105148
671,山口歯科医院,950-0812,新潟市東区,豊1丁目1番23号,025-275-3988,平成元年6月5日,山口　明良,山口　明良,1,0,1,0,,37.925011,139.102921
672,やまざき小児歯科,950-0843,新潟市東区,粟山2丁目1番20号,025-276-1181,昭和63年6月1日,山崎　博史,山崎　博史,1,1,1,0,,37.897377,139.099701
673,りょう歯科クリニック,950-0836,新潟市東区,東中野山4丁目15番3号,025-276-2416,平成18年7月1日,渡邊　亮,渡邊　亮,0,0,1,1,,37.904533,139.112289
674,ＲＳ歯科クリニック,951-8026,新潟市中央区,西湊町通3ﾉ町3306番地3,025-210-1004,平成26年6月13日,塚野　英樹,塚野　英樹,1,0,0,0,,37.92963,139.053833
675,間歯科医院,950-0963,新潟市中央区,南出来島1丁目15番10号,025-281-1182,平成13年9月3日,間　昭憲,間　昭憲,1,1,1,0,,37.895111,139.026291
676,あきの歯科クリニック,951-8137,新潟市中央区,白山浦新町通79番地1,025-265-1660,平成6年4月8日,秋野　文宏,秋野　文宏,1,0,1,0,,37.913731,139.026337
677,アクア歯科クリニック,951-8153,新潟市中央区,文京町1番23号,025-234-4182,平成15年12月1日,長谷川　雅之,長谷川　雅之,1,0,1,1,,37.905491,139.011932
678,浅妻歯科医院,950-0088,新潟市中央区,万代1丁目2番3号ｺｰﾌﾟ野村万代201,025-241-0557,令和6年4月1日,浅妻　康幸,浅妻　真澄,1,0,0,0,,37.915684,139.057495
679,あじま歯科クリニック,950-0945,新潟市中央区,女池上山4丁目2番4号,025-278-8201,平成27年3月19日,安島　久雄,安島　久雄,1,0,1,1,,37.894108,139.026245
680,あべ歯科クリニック,950-0994,新潟市中央区,上所3丁目10番65号ﾏﾙｼｪｺｰﾄA,025-281-6480,平成31年4月17日,阿部　大輔,阿部　大輔,1,1,1,1,,37.905411,139.040253
681,荒井歯科,950-0973,新潟市中央区,上近江4丁目2番20号,025-285-8839,平成3年7月29日,荒井　節男,荒井　節男,1,0,0,0,,37.899578,139.030624
682,アルモニ矯正歯科,950-0973,新潟市中央区,上近江4丁目12番20号DeKKY401 1F,025-211-2200,平成19年6月11日,小林　仁,小林　仁,0,1,0,0,,37.897877,139.030624
683,井伊歯科医院,950-0913,新潟市中央区,鐙2丁目14番23号1,025-241-2405,平成19年8月17日,井伊　寛和,井伊　寛和,1,0,1,0,,37.904068,139.070724
684,いかみ歯科クリニック,951-8127,新潟市中央区,関屋下川原町1丁目671番地,025-231-2572,平成8年6月1日,井神　浩一,井神　浩一,1,0,0,0,,37.91679,139.025513
685,五十嵐歯科医院,950-0953,新潟市中央区,大島130番地50,025-284-8997,平成7年8月1日,五十嵐　渉,五十嵐　渉,1,0,1,0,,37.879871,139.024918
686,いがらし歯科クリニック,951-8006,新潟市中央区,附船町1丁目4348-1,025-201-9939,平成21年6月5日,五十嵐　雅子,五十嵐　雅子,1,0,1,0,,37.934753,139.054001
687,いくの歯科医院,950-0915,新潟市中央区,鐙西2丁目18番14号,025-245-0414,昭和62年11月20日,幾野　博,幾野　博,1,0,0,0,,37.901943,139.062164
688,石田歯科医院,951-8065,新潟市中央区,東堀通6番町1050番地,025-222-9732,昭和60年1月1日,石田　重晴,石田　重晴,1,0,0,0,,37.920586,139.045242
689,石橋歯科クリニック,950-0992,新潟市中央区,上所上1丁目5番13号,025-284-1484,平成元年4月8日,石橋　義明,石橋　義明,1,1,1,1,,37.905891,139.03331
690,イシモト歯科医院,950-0087,新潟市中央区,東大通1丁目7番8号ｱｲ･ｴﾑ第一ﾋﾞﾙ1F,025-244-4567,平成19年12月3日,石本　良行,石本　良行,1,1,0,0,,37.915234,139.061447
691,医療法人社団こばやし歯科医院,950-0945,新潟市中央区,女池上山4丁目18番9号,025-283-1515,昭和56年4月2日,医療法人社団こばやし歯科医院,小林　茂麿,1,0,1,0,,37.893528,139.024979
692,歯科ニイガタクリニック,950-0116,新潟市中央区,関屋昭和町2丁目112番,025-266-4956,令和5年8月1日,医療法人社団ニイガタクリニック,成澤　祥子,1,1,1,1,,37.910313,139.017761
693,ふかまち歯科矯正,950-0901,新潟市中央区,弁天1丁目4番22号ｸﾞﾘﾝﾋﾞﾙ3F,025-243-3330,平成25年8月1日,深町　博臣,深町　博臣,0,1,0,0,,37.914272,139.058777
694,スマイル歯科万代,950-0088,新潟市中央区,万代3丁目1番1号ﾒﾃﾞｨｱｼｯﾌﾟ3F,025-384-0800,平成25年5月1日,医療法人社団　豊医会　,尾崎　康子,1,0,1,0,,37.918228,139.056274
695,イワシタ歯科,951-8063,新潟市中央区,古町通5番町601番地,025-228-2280,平成元年3月6日,岩下　博美,岩下　博美,1,0,0,0,,37.92004,139.044418
696,植木歯科医院,951-8081,新潟市中央区,寄附町5016番地1,025-222-9531,平成21年7月17日,植木　誠,植木　誠,1,0,0,0,,37.932499,139.048767
697,宇佐美歯科医院,951-8068,新潟市中央区,上大川前通8番町1249番地,025-222-4936,平成27年6月28日,宇佐美　祐一,宇佐美　祐一,1,0,0,0,,37.923233,139.048782
698,エクセレント歯科クリニック　新潟医院,950-0914,新潟市中央区,紫竹山1丁目2-5TMﾋﾞﾙ2F･B,025-250-7662,平成22年6月14日,佐藤　大志,佐藤　大志,1,0,0,1,,37.901333,139.065979
699,江口歯科医院,951-8062,新潟市中央区,西堀前通2番町709番地白柳ﾋﾞﾙ2F,025-225-1313,昭和54年12月12日,江口　健,江口　健,1,0,0,0,,37.916824,139.040146
700,エスホワイトクリニック,951-8063,新潟市中央区,古町通7番町951-2大橋ﾋﾞﾙ2階,025-226-4111,令和元年7月22日,小林　富貴子,小林　富貴子,1,0,0,0,,37.922382,139.045135
701,キーデンタルクリニック新潟訪問専門医院,950-0113,新潟市西蒲区,巻甲2908-3,0256-77-8002,令和5年5月1日,医療法人愛広会,小林　美登,1,0,0,0,,37.756794,138.885651
702,オアシスデンタルクリニック,950-0082,新潟市中央区,東万代町1-5ﾄﾞｩｰｸｽﾋﾞﾙ2-A,025-250-1539,平成20年10月10日,医療法人社団　美山会,赤柴　聡,1,1,1,1,,37.916214,139.062088
703,大井歯科医院,950-0943,新潟市中央区,女池神明1丁目6番地16,025-284-2721,平成30年12月6日,大井　悌司,大井　悌司,1,0,0,0,,37.889828,139.036896
704,太田歯科医院,951-8167,新潟市中央区,関屋金衛町2丁目276番1号 ｸﾞﾘｰﾝﾊｲﾂ103,025-266-4065,昭和55年7月1日,太田　啓子,太田　啓子,1,0,1,0,,37.912556,139.015259
705,大藤歯科医院,951-8006,新潟市中央区,附船町1丁目4383番地,025-223-2700,平成5年12月6日,大藤　泰人,大藤　泰人,1,0,0,0,,37.935291,139.055771
706,おおむら歯科医院,950-0944,新潟市中央区,愛宕1丁目2番8号,025-281-0632,平成20年7月22日,大村　伸介,大村　伸介,1,0,1,1,,37.888054,139.028488
707,岡崎歯科医院,951-8062,新潟市中央区,西堀前通4番町735番地岡崎ﾋﾞﾙ2階,025-229-0013,昭和46年10月10日,岡崎　康宏,岡崎　康宏,1,0,1,0,,37.91869,139.042404
708,岡田歯科医院,950-0912,新潟市中央区,南笹口1丁目10番7号,025-243-0875,平成22年5月16日,岡田　康孝,岡田　康孝,1,0,1,1,,37.908096,139.067352
709,岡田歯科医院,951-8063,新潟市中央区,古町通1番町523番地,025-222-3834,昭和47年1月4日,岡田　匠,岡田　匠,1,0,1,0,,37.915932,139.040359
710,小野歯科クリニック,950-0088,新潟市中央区,万代1丁目4番33号損保ｼﾞｬﾊﾟﾝ･新潟ｾﾝﾄﾗﾙﾋﾞﾙ3,025-241-0120,昭和63年10月1日,医療法人社団小野歯科クリニック,小野　兼義,1,1,1,1,,37.917416,139.057297
711,ｏｌｉｖｅ　ｄｅｎｔａｌ　ｈｏｕｓｅ,950-0983,新潟市中央区,神道寺1丁目1番24号,025-243-7761,平成22年10月1日,医療法人 olive dental house,佐藤　孝弘,1,0,1,1,,37.900547,139.057953
712,かいづクリニックドンテール,950-0962,新潟市中央区,出来島1丁目5-43,025-278-7157,平成21年9月1日,貝津　徹,貝津　徹,1,1,1,1,,37.90073,139.023712
713,勝見歯科医院,951-8131,新潟市中央区,白山浦1丁目405番地,025-265-1223,令和2年1月1日,勝見　麻矢,勝見　麻矢,1,0,0,0,,37.915558,139.034988
714,加藤歯科クリニック,951-8068,新潟市中央区,上大川前通5番町64番地1ｺｰﾌﾟｼﾃｨ上大川前101,025-224-8130,平成26年1月1日,加藤　雅也,加藤　雅也,1,0,1,0,,37.91877,139.04805
715,かなや歯科クリニック,950-0921,新潟市中央区,京王2丁目1-10,025-288-6487,平成21年7月13日,金谷　一彦,金谷　一彦,1,1,1,1,,37.895535,139.077469
716,金子医科歯科医院,950-0085,新潟市中央区,長嶺町3番18号,025-245-8537,平成2年5月7日,医療法人社団金子医科歯科医院,金子　康弘,1,0,0,0,,37.915161,139.070145
717,かみやま親子歯科,950-0945,新潟市中央区,女池上山2丁目6-13,025-285-0850,平成29年4月13日,島田　路征,島田　路征,1,1,1,0,,37.891403,139.029663
718,かも歯科クリニック,950-0908,新潟市中央区,幸西1丁目5番20号ﾒｿﾞﾝ八千代1F,025-244-5818,平成6年2月1日,加茂　芳江,加茂　芳江,1,0,1,0,,37.912083,139.050293
719,神田歯科医院,951-8166,新潟市中央区,関屋浜松町98番地,025-265-1565,令和6年5月1日,医療法人社団　神田歯科医院,神田　隆行,1,0,0,0,,37.907352,139.014664
720,キタムラ歯科医院,950-0951,新潟市中央区,鳥屋野2丁目5番21号,025-283-6766,令和7年6月1日,北村　雄樹,北村　雄樹,1,0,0,0,,37.886707,139.021301
721,矯正歯科さくらぎクリニック,950-0983,新潟市中央区,神道寺1丁目5番27号,025-243-0700,令和元年10月1日,医療法人矯正歯科さくらぎクリニック,長沼　一雄,0,1,0,0,,37.898354,139.0569
722,くりの木歯科,950-0075,新潟市中央区,沼垂東6丁目1-30,025-250-1718,平成20年9月16日,多和田　泰之,多和田　泰之,1,0,1,0,,37.922398,139.070404
723,Ｋ’ｓ　Ｗｈｉｔｅ　Ｄｅｎｔａｌ　Ｃｌｉｎｉｃ,951-8068,新潟市中央区,上大川前通11番町1899番地,025-222-8318,令和6年1月1日,医療法人桜眞会,北村　真知子,1,0,0,0,,37.927383,139.049438
724,ごとう歯科クリニック,950-0951,新潟市中央区,鳥屋野南3丁目13番7号,025-383-6874,平成27年3月16日,後藤　正識,後藤　正識,1,0,1,1,,37.884335,139.030609
725,沼垂すずらん歯科,950-0075,新潟市中央区,沼垂東1丁目7番12号,025-244-6510,平成27年7月1日,岡本　桂子,岡本　桂子,1,0,1,0,,37.918243,139.070984
726,近藤歯科医院,950-0981,新潟市中央区,堀之内1番地,025-285-1497,平成31年4月8日,近藤　道人,近藤　道人,1,0,0,1,,37.904415,139.045975
727,齋藤歯科医院,950-0865,新潟市中央区,本馬越1丁目10番16号,025-247-0551,令和7年3月21日,齋藤　太郎,齋藤　太郎,1,0,0,1,,37.912514,139.076111
728,齋藤正直歯科医院,950-0922,新潟市中央区,山二ﾂ3丁目33番18号,025-288-6631,平成27年5月1日,齋藤　正直,齋藤　正直,1,0,1,1,,37.894409,139.089661
729,坂井歯科医院,950-0077,新潟市中央区,天明町2番17号藤屋ﾋﾞﾙ1F,025-244-9084,平成6年10月12日,坂井　広也,坂井　広也,1,0,1,1,,37.918819,139.06398
730,笹出線歯科クリニック,950-0916,新潟市中央区,米山10-8日生不動産米山ﾋﾞﾙ1階BC室,025-383-8119,平成29年2月14日,阿部　祐三,阿部　祐三,1,0,1,1,,37.906441,139.054184
731,ささくら矯正歯科クリニック,951-8126,新潟市中央区,学校町通2番町598番地35号 ,025-227-1414,令和4年12月12日,医療法人社団整歯会,野田　千恵,0,1,0,0,,37.917149,139.034424
732,佐藤歯科医院,951-8103,新潟市中央区,田中町5179番地,025-223-3073,平成24年11月19日,佐藤　詠生,佐藤　詠生,1,0,0,0,,37.929165,139.040955
733,三和歯科医院,951-8162,新潟市中央区,関屋本村町1丁目105番地,025-267-7797,平成21年1月1日,米澤　雅裕,米澤　雅裕,1,0,0,0,,37.913483,139.021973
734,塩屋歯科,950-0973,新潟市中央区,上近江4丁目9番9号,025-283-8500,令和5年11月20日,島田　奈々子,島田　奈々子　,1,0,1,1,,37.896774,139.031067
735,歯科・訪問やまもと歯科,950-0942,新潟市中央区,小張木2丁目16-41,025-369-4299,平成27年9月17日,山本　真也,山本　真也,1,0,1,0,,37.886951,139.040833
736,しまだ歯科こども歯科クリニック,950-0953,新潟市中央区,大島204-1,025-250-7694,令和8年1月1日,医療法人社団しまだ歯科こども歯科クリニック,島田　正美,1,0,1,1,,37.88171,139.024094
737,清水歯科医院,951-8066,新潟市中央区,東堀前通7番町1075番地,025-222-3924,平成20年7月1日,清水　剛,清水　剛,1,0,1,1,,37.922951,139.046509
738,清水たろう歯科,950-0932,新潟市中央区,長潟1201-1,025-257-0888,令和6年6月1日,医療法人社団　清水たろう歯科,清水　太郎,1,1,1,1,,37.884426,139.064865
739,春ぞうデンタルクリニック,950-0923,新潟市中央区,姥ｹ山3丁目12-11,025-286-1180,平成26年6月1日,赤柴　航,赤柴　航,1,0,1,0,,37.88678,139.079834
740,じょうじ歯科クリニック,950-0982,新潟市中央区,堀之内南1丁目15番15号とやのｼｮｯﾋﾟﾝｸﾞｾﾝﾀｰ内,025-244-0848,平成14年12月30日,上路　敬一,上路　敬一,1,0,1,0,,37.905277,139.052322
741,すずの木歯科クリニック,950-0973,新潟市中央区,上近江2丁目2-20-1,025-281-8211,令和8年1月1日,医療法人社団　すずの木,鈴木　達也,1,1,1,1,,37.900574,139.037155
742,すみや歯科医院,950-0932,新潟市中央区,長潟3丁目7番20号,025-287-5551,平成2年4月4日,角屋　雅充,角屋　雅充,1,0,0,0,,37.887474,139.070801
743,田井デンタルクリニック,950-0954,新潟市中央区,美咲町1丁目31番15号,025-280-1700,平成18年4月6日,田井　秀明,田井　秀明,1,1,1,1,,37.892281,139.015839
744,高瀬歯科,950-0088,新潟市中央区,万代2丁目3番34号万代ｸﾞﾚｰｽ101号,025-243-0900,昭和53年10月2日,医療法人社団高瀬歯科,高瀬　和喜,1,0,0,0,,37.917599,139.054245
745,タケデンタルクリニック,950-0916,新潟市中央区,米山5丁目2番4号,025-243-5777,昭和54年10月1日,海津　健樹,海津　健樹,1,0,0,0,,37.906498,139.057419
746,田中歯科医院,951-8135,新潟市中央区,関屋新町通1丁目33番地,025-267-2313,昭和62年5月1日,田中　邦雄,田中　邦雄,1,0,0,0,,37.910702,139.024673
747,玉井歯科医院,951-8067,新潟市中央区,本町通9番町1325番地,025-222-3996,平成18年9月1日,玉井　克典,玉井　克典,1,0,0,0,,37.924828,139.048004
748,千歳歯科クリニック,950-0965,新潟市中央区,新光町5番1号千歳ﾋﾞﾙﾃﾞｨﾝｸﾞ1F,025-284-5811,昭和62年11月28日,近藤　敏明,近藤　敏明,1,0,0,0,,37.899944,139.022186
749,池主歯科医院,951-8152,新潟市中央区,信濃町5番23号,025-265-0010,平成30年1月1日,池主　塁,池主　塁,1,0,1,1,,37.906883,139.012802
750,中央歯科クリニック,950-1151,新潟市中央区,湖南4-10,025-281-1711,令和2年1月1日,医療法人社団心愛会,金子　正幸,1,1,1,0,,37.876839,139.039032
751,筒井歯科クリニック,951-8131,新潟市中央区,白山浦2丁目646番97号,025-234-2200,令和6年7月1日,医療法人社団ＴＤＣ,筒井　武史,1,0,0,0,,37.911827,139.028595
752,常川歯科医院,950-0082,新潟市中央区,東万代町9番地21号,025-241-6474,昭和56年6月14日,常川　宏一,常川　宏一,1,0,0,0,,37.917324,139.062622
753,つるい歯科クリニック,950-0864,新潟市中央区,紫竹1丁目5-39,025-247-3818,平成29年6月19日,敦井　智賀子,敦井　智賀子,1,0,1,1,,37.90834,139.074585
754,てじま歯科医院,950-0088,新潟市中央区,万代1丁目2番14号ｼﾙﾊﾞｰ流通ﾋﾞﾙ501,025-241-3623,平成10年4月27日,手島　秀之,手島　秀之,1,0,0,0,,37.915218,139.056656
755,デンタルオフィスｆｒｏｈ,950-0993,新潟市中央区,上所中1丁目2番12号 ﾆﾁﾚｵZ-B,025-384-4420,平成30年8月8日,金田　恒,金田　恒,1,0,0,0,,37.906693,139.03833
756,長井歯科医院,950-0992,新潟市中央区,上所上3丁目1番35号,025-283-6861,昭和60年6月18日,長井　隆,長井　隆,1,0,1,1,,37.903435,139.031967
757,永井歯科クリニック,950-0082,新潟市中央区,東万代町9番地21号9番38号 ﾛｲﾔﾙﾊﾟｰｸｽER万代1階,025-278-8838,令和元年8月15日,永井　渉,永井　渉,1,0,1,1,,37.917324,139.062622
758,新潟駅前歯科クリニック,950-0901,新潟市中央区,弁天1丁目1-22東信新潟ﾋﾞﾙ4階,025-245-7773,平成30年5月1日,医療法人社団匠友会,寺尾　豊,1,0,1,1,,37.91291,139.059708
759,新潟県歯科医師会附属歯科診療所,950-0982,新潟市中央区,堀之内南3丁目8番13号,025-283-3030,昭和55年11月1日,新潟県歯科医師会,渡邊　健造,1,0,0,0,,37.900864,139.050186
760,野村歯科医院,950-0916,新潟市中央区,米山6丁目1番12号,025-240-7800,平成11年4月14日,野村　隆,野村　隆,1,0,1,0,,37.903664,139.058609
761,公益財団法人新潟県歯科保健協会附属歯科診療所,950-0982,新潟市中央区,堀之内南3丁目8番13号,025-283-0525,昭和58年4月1日,公益財団法人新潟県歯科保健協会,池主　憲夫,1,0,0,0,,37.900864,139.050186
762,医療法人社団長谷川歯科,951-8132,新潟市中央区,一番堀通町5938番地,025-233-7117,昭和61年8月1日,医療法人社団長谷川歯科,長谷川　満男,1,0,1,1,,37.913933,139.035217
763,万代デンタルクリニック,950-0909,新潟市中央区,八千代2丁目4番28号,025-288-1277,平成27年7月10日,岡田　英之,岡田　英之,1,0,0,0,,37.915821,139.052032
764,新潟県庁内歯科診療所,950-0965,新潟市中央区,新光町4番地1号,025-285-5591,平成9年12月15日,笹川　武次郎,笹川　武次郎,1,0,1,0,,37.902454,139.023331
765,新潟市口腔保健福祉センター,950-0914,新潟市中央区,紫竹山3丁目3番11号,025-244-5231,平成21年4月1日,新潟市長,佐藤　順子,1,0,1,1,,37.900879,139.070206
766,西堀さとう歯科,951-8061,新潟市中央区,西堀通6番町877番地1 3階,025-201-7302,平成30年4月19日,医療法人社団佐藤神経内科クリニック,佐藤　洋介,1,0,0,1,,37.923271,139.042877
767,ノエル　デンタルクリニック万代,950-0088,新潟市中央区,万代4丁目1番6号新潟あおばﾋﾞﾙ2階,025-243-6480,平成29年9月19日,山田　一穂,山田　一穂,1,1,1,1,,37.917446,139.057846
768,のぞみ矯正・歯科クリニック,951-8068,新潟市中央区,上大川前通1番町154番地新潟白山公園ﾋﾞﾙ2階,025-227-3030,平成27年1月13日,川原　のぞみ,川原　のぞみ,1,1,1,0,,37.914833,139.042725
769,ハート歯科クリニック,951-8165,新潟市中央区,関屋金鉢山町76番地ﾏﾝｼｮﾝﾛﾋﾞﾝ104号,025-378-0700,平成23年3月1日,豊里　晃,豊里　晃,1,0,1,1,,37.908508,139.01741
770,はぎわら歯科クリニック,950-0962,新潟市中央区,出来島1丁目6番1号ﾒﾃﾞｨｶﾙﾋﾞﾙ2F,025-281-0234,平成31年4月1日,社会福祉法人修愛会,萩原　和夫,1,0,0,0,,37.900646,139.023682
771,はせがわ矯正歯科クリニック,950-0086,新潟市中央区,花園1丁目1番1号新潟駅CoCoLo本館ﾒﾃﾞｨｶﾙｺｰﾄA,025-243-2050,平成17年12月20日,長谷川　雅,長谷川　雅,0,1,0,0,,37.913288,139.060867
772,花園歯科新潟駅前診療所,950-0086,新潟市中央区,花園1丁目2番2号ｺｰﾌﾟｼﾃｨ花園2階,025-246-8028,平成28年10月1日,医療法人社団　花園歯科,包　隆穂,1,0,1,1,,37.913258,139.061905
773,医療法人社団　晃翔会　日野歯科クリニック,951-8113,新潟市中央区,寄居町342番地,025-228-1626,令和元年11月1日,医療法人社団　晃翔会,日野　晃伸,1,0,0,1,,37.922413,139.040604
774,ふくい矯正歯科医院,950-0945,新潟市中央区,女池上山2丁目13番23号,025-384-8729,平成30年11月9日,福井　忠雄,福井　忠雄,0,1,0,0,,37.890903,139.028366
775,藤村歯科医院,950-0941,新潟市中央区,女池7丁目11番8号,025-285-6480,昭和57年4月2日,藤村　東五,藤村　東五,1,1,1,0,,37.889107,139.043686
776,ふるまち歯科,951-8066,新潟市中央区,東堀前通2番町361番地ﾒｿﾞﾝﾄﾞｽｶｲ1階,025-201-7928,令和2年3月17日,中村　輝保,中村　輝保,1,1,1,1,,37.916145,139.042252
777,星野歯科医院,951-8068,新潟市中央区,上大川前通9番町1281番地,025-222-5435,昭和44年4月11日,星野　敬,星野　敬,1,0,0,0,,37.925026,139.048615
778,堀田歯科医院,950-0911,新潟市中央区,笹口3丁目11番7号,025-288-6626,平成25年12月9日,堀田　千明,堀田　千明,1,0,1,1,,37.912243,139.070068
779,堀歯科医院,950-0925,新潟市中央区,弁天橋通1丁目5番1号,025-286-4188,平成17年9月1日,堀　久至,堀　久至,1,0,1,0,,37.892971,139.069107
780,ホワイト歯科クリニック,951-8131,新潟市中央区,白山浦2丁目646番地32,025-232-8052,平成9年4月2日,長谷川　圭介,長谷川　圭介,1,0,0,0,,37.911827,139.028595
781,ＷｈｉｔｅＢｅｒｒｙ万代デンタルクリニック,950-0088,新潟市中央区,万代1丁目2番12号ｺｽﾓ万代2階,025-286-0119,平成28年6月29日,医療法人　明和会,板垣　壮侑,0,1,0,0,,37.915127,139.056824
782,本町みゆき歯科,951-8067,新潟市中央区,本町通6番町1108番地1ぷらっと本町ﾋﾞﾙ1階,025-222-8148,平成22年8月1日,佐藤　三幸,佐藤　三幸,1,1,1,0,,37.920357,139.04628
783,ほんま歯科クリニック,950-0911,新潟市中央区,笹口1丁目1番1号ﾌﾟﾗｰｶﾒﾃﾞｨｶﾙｽｸｴｱ,025-240-0422,平成25年5月1日,本間　麻奈美,本間　麻奈美,1,0,1,1,,37.910976,139.063766
784,まつい歯科こども歯科クリニック,950-0922,新潟市中央区,山二ﾂ4丁目4番7号,025-287-8241,平成18年12月4日,松井　大介,松井　大介,1,0,1,0,,37.891563,139.083572
785,松川歯科医院,951-8114,新潟市中央区,営所通1番町314番地,025-222-0159,平成24年4月1日,松川　和洋,松川　和洋,1,0,1,1,,37.921196,139.039764
786,松川歯科医院,950-0117,新潟市中央区,月町2048番地,025-224-5261,令和5年9月7日,松川　義之,松川　義之,1,0,1,1,,37.922855,139.050766
787,松波町歯科医院,951-8161,新潟市中央区,関屋松波町3丁目199番,025-231-6480,平成4年8月3日,久須美　幸一,久須美　幸一,1,0,1,0,,37.91592,139.020126
788,まつみだい歯科診療所アネックス古町,951-8061,新潟市中央区,西堀通6番町866番地,025-226-2525,平成29年9月15日,医療法人社団　明理会,金子　広美,1,1,1,1,,37.922489,139.043228
789,水落歯科医院,951-8061,新潟市中央区,西堀通3番町258番地,025-222-7422,昭和54年1月8日,医療法人社団水落会,水落　力,1,0,0,0,,37.919125,139.04007
790,みねお歯科医院,950-0964,新潟市中央区,網川原2丁目10番10号,025-285-7588,平成2年3月31日,峯尾　総一,峯尾　総一,1,0,1,0,,37.891872,139.023743
791,宮尾歯科クリニック,950-0973,新潟市中央区,上近江4丁目12番20号Dekky401 1F,025-374-6480,平成19年4月3日,宮尾　益佳,宮尾　益佳,1,0,1,0,,37.897877,139.030624
792,宮本歯科医院,950-0915,新潟市中央区,鐙西1丁目10番15号石黒ﾋﾞﾙ2F,025-243-3433,昭和61年3月10日,宮本　重雄,宮本　重雄,1,0,0,0,,37.902397,139.065643
793,村田歯科医院,951-8067,新潟市中央区,本町通8番町1353番地,025-222-3515,平成25年6月11日,村田　雅史,村田　雅史,1,0,1,0,,37.924248,139.047348
794,村田歯科医院,950-0916,新潟市中央区,米山6丁目8番21号,025-243-5156,平成14年4月1日,村田　裕史,村田　裕史,1,0,0,0,,37.902531,139.057281
795,諸見里歯科医院,950-0972,新潟市中央区,新和3丁目16番14号,025-284-2030,昭和49年7月1日,諸見里　聖一,諸見里　聖一,1,1,1,0,,37.898438,139.041519
796,八木歯科医院,950-0913,新潟市中央区,鐙1丁目11番17号,025-245-6341,昭和63年7月8日,八木　正直,八木　正直,1,0,1,0,,37.905117,139.067856
797,山崎歯科医院,951-8116,新潟市中央区,東中通1番町86番地53,025-223-5757,令和4年5月1日,医療法人社団　ＩＵＶＯ,山崎　貞治,1,0,1,1,,37.919819,139.038437
798,山宮歯科医院,950-0992,新潟市中央区,上所上2丁目4番3号,025-284-4773,昭和51年5月6日,山宮　強,山宮　強,1,0,0,0,,37.902218,139.035172
799,横山歯科医院,950-0991,新潟市中央区,下所島2丁目11番5号,025-284-5057,昭和54年7月2日,横山　和夫,横山　和夫,1,0,0,0,,37.905201,139.045486
800,善隆歯科クリニック,950-0983,新潟市中央区,神道寺1丁目6番12号,025-241-5501,平成8年12月24日,渡辺　善隆,渡辺　善隆,1,1,1,0,,37.898178,139.056259
801,よしだ歯科医院,951-8051,新潟市中央区,新島町通1ﾉ町1974番地,025-226-7733,平成17年2月20日,吉田　恵美子,吉田　恵美子,1,0,1,0,,37.920284,139.048737
802,米山デンタルクリニック,950-0086,新潟市中央区,花園1丁目1番1号JR新潟駅CoCoLo本館ﾒﾃﾞｨｶﾙｺｰﾄB,025-244-4618,平成28年5月1日,医療法人社団　米山デンタルクリニック,米山　哲也,1,0,1,1,,37.913288,139.060867
803,ワイズ歯科クリニック,950-0946,新潟市中央区,女池西2丁目7番16号,025-285-7775,平成25年7月8日,山田　慶,山田　慶,1,0,1,0,,37.890202,139.033585
804,渡辺歯科医院,950-0908,新潟市中央区,幸西3丁目2番1号,025-244-2366,平成29年9月1日,渡邉　学,渡邉　学,1,0,0,0,,37.910801,139.047165
805,浅川歯科クリニック,950-0129,新潟市江南区,三條岡2丁目2番9号,025-383-1900,平成18年8月7日,浅川　栄勉,浅川　栄勉,1,1,1,0,,37.869389,139.123215
806,アピタフレンドリー歯科,950-0157,新潟市江南区,鵜ﾉ子4丁目466番地ｱﾋﾟﾀ新潟亀田店2F,025-381-8089,平成20年9月1日,医療法人美山会,今井　秀明,1,1,1,1,,37.871838,139.089905
807,アポロ歯科クリニック,950-0150,新潟市江南区,下早通柳田1丁目1番1号ｲｵﾝ新潟南SC2F,025-211-3081,平成25年5月1日,医療法人ひまわり会　,高澤　英嗣,1,1,1,1,,37.875652,139.083664
808,医療法人社団　吉田歯科医院　よしだファミリー歯科,950-1134,新潟市江南区,天野2丁目13番11号,025-280-7800,平成25年10月28日,医療法人社団　吉田歯科医院,吉田　孝史,1,0,1,1,,37.854725,139.033279
809,医療法人社団良美会　いとう歯科クリニック,950-1134,新潟市江南区,天野1丁目10番27号,025-280-6484,平成26年4月1日,医療法人社団　良美会,小野　友彰,1,1,1,0,,37.854759,139.027863
810,うぐいす歯科,950-0214,新潟市江南区,うぐいす1丁目6番3号,025-278-3009,平成23年5月16日,金子　敦郎,金子　敦郎,1,0,1,1,,37.87479,139.133148
811,枝並歯科医院,950-0123,新潟市江南区,亀田水道町1丁目1番54号,025-382-7202,平成27年10月1日,前川　孝治,前川　孝治,1,1,1,1,,37.870506,139.115128
812,枝並歯科クリニック,950-0151,新潟市江南区,亀田四ﾂ興野3丁目3番34号,025-382-5553,平成元年8月1日,医療法人社団枝並歯科クリニック,枝並　幸男,1,0,0,0,,37.870468,139.097672
813,えなみ歯科医院,950-0132,新潟市江南区,砂岡3丁目3番14号,025-382-4810,平成27年1月1日,榎並　一仁,榎並　一仁,1,0,1,0,,37.863304,139.123001
814,上野山歯科医院,950-0134,新潟市江南区,曙町1丁目2番1号,025-381-6166,昭和63年10月8日,上野山　智久,上野山　智久,1,0,0,0,,37.862461,139.1194
815,かめだデンタルクリニック,950-0163,新潟市江南区,東船場3丁目2番8号,025-383-5082,平成23年6月14日,医療法人社団　雅会,宮　雅己,1,1,1,1,,37.876743,139.106979
816,矯正ループ歯科,950-0156,新潟市江南区,早苗1丁目3番17号,025-382-0200,平成7年2月10日,吉田　孝洋,吉田　孝洋,0,1,0,0,,37.868988,139.094803
817,倉嶋歯科クリニック,950-0105,新潟市江南区,大渕3485番地,025-277-0685,平成21年4月1日,医療法人社団慧真会,倉島　敏明,1,0,1,1,,37.893311,139.144516
818,五月町デンタルクリニック,950-0167,新潟市江南区,五月町2丁目11番38号,025-384-8884,令和元年5月15日,坂井　登,坂井　登,1,0,1,1,,37.872883,139.095947
819,城山歯科,950-0137,新潟市江南区,城山1丁目2番74号,025-381-5050,平成28年7月1日,小林　智宏,小林　智宏,1,0,0,0,,37.864426,139.11026
820,竹内歯科クリニック,950-0212,新潟市江南区,茜ｹ丘7番地1,025-385-5016,平成8年11月7日,竹内　祐一,竹内　祐一,1,1,1,0,,37.857319,139.138855
821,田辺歯科医院,950-0131,新潟市江南区,袋津4丁目4番5号,025-381-7800,平成元年10月2日,田辺　慶直,田辺　慶直,1,0,1,0,,37.864601,139.115265
822,そのき歯科医院,950-1135,新潟市江南区,曽野木1丁目7番18号,025-285-7315,昭和57年8月4日,中島　幸羊,中島　幸羊,1,0,0,0,,37.867619,139.0448
823,中村歯科医院,950-0161,新潟市江南区,亀田中島3丁目2448番地13,025-382-7799,昭和58年11月15日,中村　隆,中村　隆,1,0,0,0,,37.886272,139.101578
824,西歯科医院,950-0208,新潟市江南区,横越中央8丁目2番10号,025-385-2155,平成3年5月11日,西　克師,西　克師,1,0,1,1,,37.850964,139.144287
825,フェイス歯科医院,950-0152,新潟市江南区,亀田緑町4丁目2番21号,025-381-1182,平成元年11月9日,医療法人社団誠実会,佐藤　英代,1,1,1,1,,37.870865,139.100143
826,深井歯科医院,950-0165,新潟市江南区,西町1丁目3番21号,025-382-6631,昭和56年11月26日,深井　治澄,深井　治澄,1,0,0,0,,37.874199,139.107513
827,ふれあい歯科クリニック,950-0168,新潟市江南区,早通6丁目7番34号,025-383-0110,平成21年10月20日,社会医療法人　愛仁会,渡邉　覚,1,0,1,1,,37.863239,139.081451
828,本間歯科医院,950-0168,新潟市江南区,早通2丁目1番44号,025-382-0788,令和6年5月1日,本間　健二,本間　健二,1,0,1,0,,37.863087,139.086853
829,丸山歯科医院,950-0153,新潟市江南区,船戸山4丁目9番21号,025-381-2309,平成17年1月1日,丸山　利彦,丸山　利彦,1,0,0,0,,37.866558,139.106003
830,三浦歯科医院,950-0208,新潟市江南区,横越中央2丁目10番5号,025-385-4139,昭和58年10月4日,三浦　孝司,三浦　孝司,1,1,1,0,,37.85611,139.147659
831,みゆき歯科医院,950-0164,新潟市江南区,亀田本町2丁目2番14号,025-381-2324,平成16年2月23日,今泉　幸,今泉　幸,1,1,1,0,,37.871361,139.108063
832,よこごし野村歯科クリニック,950-0208,新潟市江南区,横越中央5丁目2-17,025-385-2611,平成27年5月16日,野村　修一,野村　修一,1,0,1,1,,37.85313,139.15181
833,あおば歯科クリニック倉田歯科醫院,956-0037,新潟市秋葉区,西古津1番4号,0250-24-6480,平成18年2月1日,倉田　透,倉田　透,1,0,1,0,,37.773468,139.114456
834,あきは　そらいろ歯科,956-0851,新潟市秋葉区,金沢町2丁目8番12号,0250-47-3933,令和元年9月17日,小島　守晴,小島　守晴,1,1,1,1,,37.799301,139.135971
835,五十嵐歯科医院,956-0046,新潟市秋葉区,出戸176番地2,0250-23-3559,平成3年10月2日,五十嵐　勤,五十嵐　勤,1,0,0,0,,37.786121,139.072021
836,五十嵐歯科クリニック,956-0864,新潟市秋葉区,新津本町1丁目3番23号,0250-25-2000,平成4年8月3日,五十嵐　明,五十嵐　明,1,0,1,1,,37.797474,139.121872
837,いの歯科医院,956-0832,新潟市秋葉区,秋葉3丁目4番18号,0250-23-4123,平成7年9月4日,猪野　潔,猪野　潔,1,1,1,0,,37.789909,139.135086
838,医療法人玄徳会おぎかわ歯科,956-0013,新潟市秋葉区,田島833番地,0250-23-4880,平成15年2月4日,医療法人玄徳会,土田　真史,1,1,1,0,,37.829693,139.114777
839,医療法人徳真会　松村歯科新津診療所,956-0023,新潟市秋葉区,美幸町3丁目1番12号2,0250-24-6688,平成20年12月19日,医療法人徳真会,坂ノ上　隆晃,1,1,1,1,,37.799885,139.114639
840,うめつ歯科医院,956-0025,新潟市秋葉区,古田1丁目6番41号,0250-23-1580,平成25年5月1日,医療法人　うめつ歯科医院,梅津　英裕,1,1,1,0,,37.794487,139.111359
841,えんどう歯科医院,956-0017,新潟市秋葉区,あおば通1丁目7番11号,0250-47-7900,平成18年10月12日,遠藤　基広,遠藤　基広,1,0,0,0,,37.83255,139.101593
842,海津歯科医院,956-0864,新潟市秋葉区,新津本町3丁目12番27号,0250-22-0039,平成15年9月1日,医療法人社団　海津歯科医院,海津　基生,1,0,1,0,,37.795361,139.12442
843,かえつ歯科,956-0831,新潟市秋葉区,中沢町1番25号,0250-25-5510,平成25年6月1日,社会医療法人新潟勤労者医療協会,駒形　雄気,1,0,1,1,,37.791332,139.124313
844,五三蔵井上歯科医院,956-0031,新潟市秋葉区,新津4513番地2,0250-23-2411,令和5年1月1日,井上　朝日,井上　朝日,1,1,1,0,,37.792881,139.113022
845,こすぎ小児歯科,956-0804,新潟市秋葉区,荻島1丁目15番10号,0250-24-8317,平成9年4月5日,小杉　誠司,小杉　誠司,1,1,1,0,,37.832829,139.118973
846,小林歯科医院,956-0864,新潟市秋葉区,新津本町2丁目12-6,0250-47-4665,平成27年9月15日,小林　徹也,小林　徹也,1,1,1,1,,37.799843,139.124969
847,齋藤歯科医院,956-0015,新潟市秋葉区,川口770番地2,0250-23-2300,平成3年11月19日,齋藤　善和,齋藤　善和,1,0,0,0,,37.815353,139.117874
848,笹川矯正歯科,956-0015,新潟市秋葉区,川口638番地3,0250-21-7777,平成12年8月8日,笹川　美也子,笹川　美也子,0,1,0,0,,37.814983,139.116943
849,さつき野歯科・矯正歯科医院,956-0022,新潟市秋葉区,さつき野2丁目11番20号,0250-47-6111,令和6年4月1日,医療法人社団　彩雲会,寺久保　瑞樹,1,1,1,1,,37.811142,139.115967
850,佐野歯科・矯正歯科医院,956-0861,新潟市秋葉区,北上2丁目1番54号,0250-24-2828,平成3年10月1日,医療法人社団佐野歯科医院,佐野　澄子,1,0,1,0,,37.809719,139.125381
851,さわだ歯科医院,956-0025,新潟市秋葉区,古田3-5-17,0250-22-1167,平成6年3月1日,沢田　進一,沢田　　進一,1,0,0,0,,37.795696,139.107529
852,澤田歯科医院,956-0864,新潟市秋葉区,新津本町2丁目7番3号新津ﾛｲﾔﾙｺｰﾌﾟ1F,0250-22-3755,平成25年8月19日,澤田　雅仁,澤田　雅仁,1,0,1,1,,37.798893,139.126083
853,サン歯科クリニック,956-0864,新潟市秋葉区,新津本町4丁目17番58号,0250-25-1133,昭和59年10月5日,浅見　浩之,浅見　浩之,1,1,1,0,,37.794514,139.127747
854,渋谷歯科医院,956-0033,新潟市秋葉区,新栄町16番6号,0250-25-2627,昭和61年10月1日,渋谷　正隆,渋谷　正隆,1,1,1,0,,37.7882,139.118454
855,曽根歯科医院,956-0865,新潟市秋葉区,善道町1丁目6番47号,0250-25-1188,昭和61年5月28日,曽根　清和,曽根　清和,1,1,1,0,,37.80294,139.123428
856,高橋歯科医院,956-0816,新潟市秋葉区,新津東町1丁目10番7号,0250-25-1331,昭和60年7月15日,高橋　典男,高橋　典男,1,1,1,1,,37.803173,139.140533
857,たけいし歯科クリニック,956-0027,新潟市秋葉区,美善2丁目4-7,0250-47-3700,平成20年6月4日,竹石　英之,竹石　英之,1,0,1,0,,37.805519,139.115753
858,竹内歯科医院,956-0101,新潟市秋葉区,小須戸字川原3819-1,0250-38-2401,令和元年6月1日,竹内　亨,竹内　亨,1,0,0,0,,37.764103,139.073181
859,田澤歯科医院,956-0864,新潟市秋葉区,新津本町2丁目4番9号,0250-22-0289,昭和51年1月6日,田澤　興平,田澤　興平,1,0,1,0,,37.797626,139.123825
860,とがし歯科医院,956-0011,新潟市秋葉区,車場3丁目7番35号,0250-23-2577,平成2年4月7日,富樫　久朋,冨樫　久朋,1,1,1,1,,37.837727,139.108429
861,プレイス歯科クリニック,956-0035,新潟市秋葉区,程島2045番地1,0250-21-1181,平成17年12月24日,長谷川　圭太,長谷川　圭太,1,0,0,0,,37.789688,139.112152
862,まるやま歯科医院,956-0035,新潟市秋葉区,程島1876-12,0250-24-0424,平成21年4月22日,丸山　薫,丸山　薫,1,0,1,0,,37.784805,139.113129
863,三村歯科医院,956-0864,新潟市秋葉区,新津本町3丁目3番30号,0250-22-0337,平成15年4月1日,三村　博史,三村　博史,1,1,0,1,,37.796947,139.124512
864,森歯科医院,956-0113,新潟市秋葉区,矢代田1966番地1,0250-38-5206,平成17年3月1日,森　琢磨,森　琢磨,1,0,0,0,,37.749496,139.096298
865,森山歯科医院,956-0835,新潟市秋葉区,朝日221番地2,0250-24-6565,昭和58年11月28日,森山　豊,森山　豊,1,0,0,0,,37.772888,139.118271
866,矢部歯科医院,956-0101,新潟市秋葉区,小須戸3741番地,0250-38-2141,平成元年8月1日,舩久保　曜子,舩久保　曜子,1,0,0,0,,37.755383,139.068176
867,渡辺歯科医院,956-0101,新潟市秋葉区,小須戸3430番地,0250-38-4562,昭和52年12月8日,渡辺　安規,渡辺　安規,1,0,1,0,,37.759071,139.068954
868,あたか歯科医院,950-1209,新潟市南区,親和町6-18,025-371-1800,平成21年8月11日,安宅　信博,安宅　信博,1,0,1,0,,37.766956,139.019882
869,大通り歯科,950-1203,新潟市南区,大通黄金3丁目1-1,025-362-6480,平成27年12月16日,渡部　平馬,渡部　平馬,1,1,1,1,,37.825645,139.01944
870,久保歯科医院,950-1235,新潟市南区,高井興野134番地1,025-362-2541,平成7年7月10日,久保　修,久保　修,1,0,1,1,,37.79528,139.014496
871,木暮歯科医院,950-1217,新潟市南区,白根3094番地,025-372-2555,平成2年8月1日,医療法人社団恵和会,木暮　一雄,1,1,1,1,,37.763054,139.013474
872,こせんだ歯科医院,950-1213,新潟市南区,能登507番地4,025-372-1183,平成27年5月1日,医療法人社団　こせんだ歯科医院,小千田　雅,1,1,1,1,,37.768112,139.029388
873,さくま歯科クリニック,950-1446,新潟市南区,庄瀬1073番地2,025-373-3487,平成25年11月18日,佐久間　亮,佐久間　亮,1,1,1,1,,37.717873,139.038254
874,椎名歯科医院,950-1412,新潟市南区,臼井1378番地2,025-373-3436,平成元年10月2日,椎名　克行,椎名　克行,1,0,1,1,,37.784229,139.052368
875,しのはら歯科,950-1227,新潟市南区,鯵潟441番地5,025-373-6232,令和元年6月10日,篠原　隆介,篠原　隆介,1,1,1,1,,37.77631,139.016708
876,すわのき歯科クリニック,950-1477,新潟市南区,田中25番地,025-372-0118,平成28年8月8日,医療法人社団　中真会,田中　博子,1,1,1,1,,37.754993,139.018768
877,ダイセー歯科クリニック,950-1214,新潟市南区,上下諏訪木126番地1,025-373-3883,平成30年9月1日,医療法人社団大清仁歯会,鈴木　由美子,1,1,1,0,,37.759583,139.013153
878,滝澤歯科医院,950-1304,新潟市南区,月潟229番地1,025-375-1180,平成11年10月20日,滝澤　賢一,滝澤　賢一,1,0,0,0,,37.722694,138.991989
879,竹内歯科,950-1215,新潟市南区,助次右ｴ門組23番地,025-373-2005,平成5年9月11日,医療法人社団成仁会,竹内　一紀,1,1,1,1,,37.760956,139.017502
880,月潟歯科クリニック,950-1304,新潟市南区,月潟457番地1,025-375-2685,令和6年11月1日,医療法人社団　月潟歯科クリニック,菅原　香,1,0,0,0,,37.727119,138.991821
881,にへい歯科医院,950-1216,新潟市南区,白根ﾉ内七軒635番地,025-372-3939,平成2年4月1日,医療法人社団にへい歯科医院,二瓶　徹,1,1,1,1,,37.762672,139.019714
882,野内歯科医院,950-1475,新潟市南区,戸頭1399番地5,025-373-0077,平成9年7月16日,野内　昭宏,野内　昭宏,1,0,1,0,,37.758133,139.018463
883,フォーラム歯科医院,950-1213,新潟市南区,能登2丁目10番12号,025-371-1122,平成8年5月1日,佐藤　正治,佐藤　正治,1,1,1,1,,37.769997,139.015488
884,みずき歯科診療所,950-1446,新潟市南区,庄瀬7031番,025-367-7262,令和7年6月1日,医療法人社団　Ｌａｕｇｈ　Ｗｉｔｈ,坪川　瑞樹,1,0,1,1,,37.717724,139.033966
885,相澤歯科医院,950-2023,新潟市西区,小新5丁目5番12号,025-211-8051,平成26年9月4日,相澤　悟,相澤　悟,1,0,0,1,,37.882057,139.001617
886,あおき歯科医院,950-2044,新潟市西区,坂井砂山4丁目3番28号,025-260-0033,昭和63年4月21日,青木　達男,青木　達男,1,0,1,0,,37.86937,138.958481
887,あおやま歯科医院,950-2001,新潟市西区,浦山2丁目1番66号ｻﾝｼｬｲﾝ青山2F,025-231-0882,平成14年8月21日,木村　威,木村　威,1,0,1,1,,37.90247,139.005569
888,浅妻歯科黒埼診療所,950-1101,新潟市西区,山田2602番地,025-379-2515,昭和55年9月8日,浅妻　康宏,浅妻　康宏,1,0,1,1,,37.863289,139.01445
889,雨田歯科医院,950-2053,新潟市西区,寺尾前通3丁目3番4号,025-233-2115,平成9年9月1日,医療法人社団雨田歯科医院,雨田　安弘,1,0,0,0,,37.87833,138.98172
890,あらし歯科口腔外科クリニック,950-2111,新潟市西区,大学南2丁目2番10号,025-263-1110,平成25年6月4日,嵐山　貴徳,嵐山　貴徳,1,0,1,1,,37.866409,138.944595
891,いからし歯科,950-2102,新潟市西区,五十嵐2の町8254番地,025-211-5260,平成16年8月23日,五十嵐　源太郎,五十嵐　源太郎,1,0,1,0,,37.864994,138.940002
892,池矯正歯科医院,950-2054,新潟市西区,寺尾東3丁目2番19号,025-264-1511,平成9年5月26日,池　元太郎,池　元太郎,0,1,0,0,,37.873047,138.97435
893,医療法人社団ＩＤＣ　いしかわこどもファミリー歯科,950-2044,新潟市西区,坂井砂山2丁目15番17号,025-260-6400,平成30年8月15日,医療法人社団ＩＤＣ,石川　福太郎,1,1,1,1,,37.873383,138.958801
894,五十川歯科医院,950-2038,新潟市西区,新通南2丁目11番11号,025-260-8069,平成17年7月11日,五十川　圭一,五十川　圭一,1,0,1,0,,37.859138,138.959854
895,いっせい歯科クリニック,950-2002,新潟市西区,青山4丁目7番1号,025-231-8027,平成20年9月9日,加藤　一誠,加藤　一誠,1,0,0,0,,37.89608,138.997253
896,伊藤歯科医院,950-2064,新潟市西区,寺尾西1丁目5-20 ,025-268-3578,平成27年4月15日,伊藤　史生,伊藤　史生,1,0,1,1,,37.881741,138.969711
897,いとう歯科診療室,950-2157,新潟市西区,内野西が丘3丁目10番15号,025-263-1184,平成30年4月18日,伊藤　陸,伊藤　陸,1,0,1,1,,37.848709,138.922333
898,いのうえ歯科クリニック,950-2036,新潟市西区,新通西2丁目8番3号,025-261-6566,平成24年5月1日,医療法人　Sunny Smile,井上　哲,1,1,1,1,,37.861931,138.950302
899,医療法人徳真会松村歯科新潟診療所,950-2023,新潟市西区,小新5丁目6番9号,025-201-1885,平成15年4月16日,医療法人徳真会,山田　哲也,1,1,1,1,,37.882607,139.002106
900,岩野歯科医院,950-1111,新潟市西区,大野町2932番地,025-377-5815,昭和55年1月7日,岩野　清史,岩野　清史,1,1,1,0,,37.845959,139.015839
901,上野歯科医院,950-1104,新潟市西区,寺地544番地6,025-230-1481,平成3年1月10日,上野　源子,上野　源子,1,0,1,0,,37.880932,139.007736
902,おおはし歯科医院,950-2064,新潟市西区,寺尾西2丁目2番36号,025-260-1023,平成26年4月1日,渡邉　直子,渡邉　直子,1,1,1,0,,37.879509,138.968887
903,おおぬき歯科クリニック,950-2023,新潟市西区,小新南2丁目1番78号,025-211-3741,平成31年4月16日,大貫　尚志,大貫　尚志,1,0,1,1,,37.868259,138.993484
904,大村歯科医院,950-2014,新潟市西区,小針西2丁目11番8号,025-267-4754,平成8年9月1日,大村　国明,大村　国明,1,0,0,0,,37.886436,138.98317
905,小畑歯科医院,950-2014,新潟市西区,小針西1丁目3番7号,025-266-2905,昭和60年1月1日,小畑　研一,小畑　研一,1,0,0,0,,37.887627,138.988083
906,川上歯科医院,950-2064,新潟市西区,寺尾西5丁目8番62号,025-269-5388,令和7年7月1日,医療法人社団　ＮＡＳＫ,川上　尚彦,1,1,1,1,,37.882465,138.963409
907,川崎歯科医院,950-2012,新潟市西区,小針台1番47号,025-266-7010,昭和46年6月8日,医療法人社団川崎歯科医院,川崎　竜彦,1,1,1,1,,37.891827,138.989853
908,神成歯科医院,950-2112,新潟市西区,内野町468番地,025-262-2171,昭和41年3月1日,医療法人社団神成歯科医院,神成　康一,1,0,1,0,,37.857433,138.936249
909,木村歯科クリニック,950-2002,新潟市西区,青山1丁目23-1,025-250-1795,平成20年10月15日,木村　哲也,木村　哲也,1,0,1,1,,37.89584,139.00206
910,桐生歯科医院,950-0119,新潟市西区,亀貝3163番地 ,025-260-3379,令和5年10月25日,桐生　貴大,桐生　貴大,1,0,1,1,,37.870163,138.982666
911,きんじょう歯科こどもクリニック,950-2162,新潟市西区,五十嵐中島5丁目17番45号,025-261-6480,平成27年2月12日,金城　奈津子,金城　奈津子,1,0,1,0,,37.848434,138.9142
912,黒川歯科医院,950-2075,新潟市西区,松海が丘2丁目4番9号,025-267-3369,平成10年3月23日,黒川　泉,黒川　泉,1,1,1,0,,37.888313,138.9767
913,Ｋ・歯科クリニック,950-1103,新潟市西区,立仏59番地1,025-370-1500,平成12年7月25日,懸高　仁志,懸高　仁志,1,0,1,0,,37.868053,139.009277
914,子田歯科医院,950-2072,新潟市西区,松美台4-66,025-378-8591,平成20年4月7日,子田　浩,子田　浩,1,0,1,0,,37.895992,138.991852
915,小林歯科医院,950-2162,新潟市西区,五十嵐3の町南4番76号,025-262-0110,昭和53年6月20日,小林　良一,小林　良一,1,1,1,0,,37.858318,138.931854
916,さかい歯科矯正歯科クリニック,950-1101,新潟市西区,山田416番地1第二大鵬ﾋﾞﾙ1F,025-370-1192,平成8年10月11日,坂井　出,坂井　出,1,1,1,0,,37.867413,139.016861
917,坂井輪ライト歯科,950-2053,新潟市西区,寺尾前通2丁目12-2,025-378-4182,平成29年6月19日,本多　利人,本多　利人,1,1,1,1,,37.879726,138.983414
918,佐久間歯科医院,950-1115,新潟市西区,鳥原2640番地1,025-378-7788,昭和62年7月16日,佐久間英治,佐久間　英治,1,1,1,0,,37.850101,139.008682
919,佐藤歯科クリニック,950-2026,新潟市西区,小針南台3-28,025-231-1361,平成22年10月12日,医療法人佐藤歯科クリニック,佐藤　秀夫,1,0,1,1,,37.889797,138.99292
920,下川路歯科医院,950-2264,新潟市西区,みずき野2丁目14番33号,025-239-0007,平成9年7月10日,下川路　知岳,下川路　知岳,1,0,1,0,,37.815639,138.903931
921,杉本歯科クリニック,950-2022,新潟市西区,小針1丁目4番17号,025-232-0885,平成9年10月1日,杉本　浩志,杉本　浩志,1,0,0,0,,37.889374,139.003403
922,杉山歯科医院,950-1115,新潟市西区,鳥原151番地4,025-370-1631,令和8年1月1日,伊藤　元貴,伊藤　元貴,1,0,1,1,,37.849709,139.012054
923,ときめきファミリー歯科・矯正歯科,950-1106,新潟市西区,ときめき西1丁目1番19号,025-377-1155,平成21年9月1日,医療法人社団　楽健,小栗　由充,1,1,1,1,,37.873123,139.007843
924,せいだデンタルクリニック,950-2045,新潟市西区,五十嵐東3丁目13-5,025-268-7748,平成22年3月25日,清田　清華,清田　清華,1,1,1,0,,37.877663,138.955185
925,たかだ歯科医院,950-2261,新潟市西区,赤塚4390番地,025-264-3911,平成14年1月4日,高田　真仁,高田　真仁,1,0,1,1,,37.814632,138.883148
926,滝歯科医院,950-1102,新潟市西区,善久97番地,025-379-0005,平成27年4月1日,医療法人社団　結愛会,瀧　豊,1,0,1,1,,37.859234,139.017075
927,たざわ歯科医院,950-2025,新潟市西区,小針南21番1号,025-233-0116,昭和62年6月9日,田沢　洋一,田沢　洋一,1,0,1,0,,37.882931,138.988647
928,たて歯科医院,950-1112,新潟市西区,金巻785番地1,025-379-0488,平成18年7月19日,楯　泰昌,楯　泰昌,1,0,1,0,,37.840263,139.001099
929,田辺歯科医院,950-2041,新潟市西区,坂井東6丁目12番33号,025-260-3221,昭和54年4月2日,田辺　秀也,田辺　秀也,1,0,0,0,,37.872345,138.966553
930,つちや歯科医院,950-2074,新潟市西区,真砂2丁目13番20号,025-267-7788,平成6年8月17日,土屋　真規,土屋　真規,1,0,0,0,,37.890686,138.981689
931,寺尾歯科医院,950-2064,新潟市西区,寺尾西3丁目4番3号,025-268-4312,平成24年11月24日,寺尾　浩子,寺尾　浩子,1,1,1,0,,37.877998,138.96582
932,なかじま歯科クリニック,950-2074,新潟市西区,真砂1丁目13番36号,025-211-3215,平成30年8月6日,中島　貴子,中島　貴子,1,0,0,1,,37.893124,138.985825
933,なかじま歯科医院,950-2157,新潟市西区,内野西が丘3丁目13-11,025-201-7548,平成31年4月19日,中島　大,中島　大,1,1,1,1,,37.847572,138.92276
934,西原歯科医院,950-1111,新潟市西区,大野町2879番地,025-377-2220,平成26年7月1日,西原　靖之,西原　靖之,1,0,0,0,,37.847218,139.017578
935,西原歯科クリニック,950-2026,新潟市西区,小針南台3番6号,025-265-2323,平成26年6月16日,西原　義之,西原　義之,1,1,1,1,,37.889118,138.992935
936,根津歯科医院,950-2054,新潟市西区,寺尾東3丁目1番12号,025-260-0400,昭和53年4月3日,医療法人社団根津歯科医院,根津　雄一,1,0,1,0,,37.872219,138.973892
937,野田歯科医院,950-2052,新潟市西区,寺尾6番33号,025-260-6081,昭和61年12月1日,医療法人社団野田歯科医院,野田　誠記,1,1,1,0,,37.881294,138.980225
938,ばばこども歯科クリニック,950-2004,新潟市西区,平島1丁目3-2,025-201-3900,平成24年4月2日,馬場　宏俊,馬場　宏俊,1,1,1,0,,37.891888,139.004227
939,東青山歯科医院,950-2003,新潟市西区,東青山1丁目5番19号青山ﾋﾞﾙ2F,025-233-0555,令和6年9月1日,茂木　祥宏,茂木　祥宏,1,0,1,0,,37.893433,139.002396
940,ひまわり歯科医院,950-2022,新潟市西区,小針4丁目39番7号,025-211-8807,平成18年9月27日,小木　一朗,小木　一朗,1,0,1,0,,37.881973,138.99556
941,ひらの歯科医院,950-2041,新潟市西区,坂井東3丁目27番8号,025-211-8006,平成29年5月1日,医療法人社団　D＆J,平野　大輔,1,0,1,1,,37.87104,138.976486
942,ひろお矯正歯科クリニック,950-2023,新潟市西区,小新5丁目3番27号,025-378-4872,平成29年6月3日,黒木　大雄,黒木　大雄,0,1,0,0,,37.882359,139.00087
943,深井・加藤歯科医院,950-2064,新潟市西区,寺尾西3丁目12番5号,025-260-8024,平成17年10月20日,深井　浩一,深井　浩一,1,1,1,1,,37.876167,138.964493
944,藤巻歯科医院,950-2022,新潟市西区,小針1丁目29番11号,025-231-3211,昭和62年9月7日,藤巻　哲,藤巻　哲,1,0,1,0,,37.889915,139.001358
945,ふじわら歯科クリニック,950-2076,新潟市西区,上新栄町6丁目18番20号,025-264-7007,平成16年4月6日,藤原　保彦,藤原　保彦,1,0,1,0,,37.880596,138.958939
946,プレール歯科,950-2004,新潟市西区,平島2丁目12番10号,025-231-0660,平成16年9月27日,大村　真由,大村　真由,1,0,1,0,,37.892799,139.007401
947,保苅歯科医院,950-2055,新潟市西区,寺尾上2丁目3番70号,025-260-1169,平成16年9月1日,保苅　俊治,保苅　俊治,1,0,0,0,,37.875542,138.972214
948,松木歯科医院,950-2042,新潟市西区,坂井1033番地1,025-260-8020,平成10年5月15日,松木　裕,松木　裕,1,0,0,0,,37.869583,138.963882
949,松田歯科医院,950-2022,新潟市西区,小針7丁目5番13号,025-234-1112,平成9年4月5日,松田　拓己,松田　拓己,1,0,1,1,,37.881401,138.989838
950,まつみだい歯科診療所,950-2072,新潟市西区,松美台5番9号,025-265-2525,平成26年4月1日,医療法人社団　明理会,木村　理絵,1,1,1,1,,37.894127,138.993134
951,松本歯科クリニック,950-2061,新潟市西区,寺尾北1丁目5番16号,025-264-1890,平成9年7月1日,医療法人社団松本歯科クリニック,谷口　裕臣,1,0,0,0,,37.886288,138.972198
952,マルヤマデンタルクリニック,950-1106,新潟市西区,ときめき西3丁目6-1,025-378-8072,平成30年2月15日,丸山　素代,丸山　素代,1,1,1,1,,37.879421,139.009781
953,三村歯科医院,950-2013,新潟市西区,小針が丘2番54号,025-266-4768,平成25年9月1日,三村　大輔,三村　大輔,1,0,0,0,,37.891178,138.990784
954,みやざき歯科医院,950-2051,新潟市西区,寺尾朝日通11番1号,025-234-1881,平成18年11月8日,宮﨑　朗,宮﨑　朗,1,0,1,0,,37.885101,138.98674
955,明倫短期大学附属歯科診療所,950-2086,新潟市西区,真砂3丁目16番10号,025-232-6361,平成9年4月5日,学校法人明倫学園,木暮　ミカ,1,1,1,1,,37.893753,138.982635
956,やかた歯科医院,950-1104,新潟市西区,寺地2031番地,025-233-1182,平成元年10月1日,医療法人社団やかた歯科医院,屋形　秀樹,1,1,1,1,,37.882702,139.009857
957,山岸歯科医院,950-2162,新潟市西区,五十嵐中島2丁目1番10号,025-263-5278,平成元年4月10日,山岸　茂,山岸　茂,1,0,0,0,,37.851089,138.925613
958,やまむろ歯科医院,950-2101,新潟市西区,五十嵐1の町7283番,025-268-1874,平成3年12月12日,山室　潤,山室　潤,1,0,0,0,,37.874271,138.948959
959,横堀歯科医院,950-2072,新潟市西区,松美台2番4号,025-230-1022,平成8年11月12日,横堀　正純,横堀　正純,1,0,1,1,,37.895824,138.994431
960,横山歯科医院,950-2112,新潟市西区,内野町809番地1,025-262-2243,平成18年10月30日,横山　智行,横山　智行,1,1,1,0,,37.861977,138.943634
961,よしざわ歯科,950-2261,新潟市西区,赤塚4598番地,025-239-2229,平成11年7月2日,吉澤　健,吉澤　健,1,0,0,0,,37.811798,138.881989
962,レオ歯科クリニック,950-2041,新潟市西区,坂井東5丁目25番21号,025-374-4374,平成19年4月5日,田澤　貴弘,田澤　貴弘,1,0,0,0,,37.871353,138.97081
963,ＷｈｉｔｅＢｅｒｒｙわしざわ歯科,950-2101,新潟市西区,五十嵐1の町6705番地,025-263-5500,令和1年10月1日,医療法人　明和会,川北　小百合,1,0,0,0,,37.868809,138.949112
964,和田歯科医院,950-2006,新潟市西区,青山新町1番3号,025-265-0418,平成4年6月15日,和田　隆史,和田　隆史,1,0,1,0,,37.89341,138.997284
965,わたなべ歯科医院,950-2041,新潟市西区,坂井東3丁目15番22号,025-260-5505,平成14年4月15日,渡邊　正勝,渡邊　正勝,1,0,1,0,,37.874088,138.977188
966,アサオ歯科医院,953-0041,新潟市西蒲区,巻甲2660番地1,0256-72-3017,昭和59年9月11日,麻生　隆大,麻生　隆大,1,0,0,0,,37.759323,138.889725
967,医療法人玄徳会しらとり歯科,953-0041,新潟市西蒲区,巻甲4380番地4,0256-72-1771,平成5年10月1日,医療法人玄徳会,小池　竜至,1,1,1,1,,37.753624,138.892212
968,きちろく歯科医院,950-1327,新潟市西蒲区,中之口523-1,025-375-2786,平成21年4月13日,白野　学,白野　学,1,0,0,0,,37.717636,138.966019
969,さとう歯科医院,959-0421,新潟市西蒲区,魲103番地3,0256-88-6565,平成元年11月24日,佐藤　圭一,佐藤　圭一,1,0,1,0,,37.76049,138.889282
970,白石歯科医院,953-0041,新潟市西蒲区,巻甲2427番地6,0256-72-2086,平成12年11月1日,医療法人社団白石歯科医院,白石　晋哉,1,1,1,0,,37.754765,138.887054
971,白鳥歯科クリニック,953-0042,新潟市西蒲区,赤鏥437番地1,0256-70-1181,平成13年9月1日,医療法人社団心愛会,白鳥　茂,1,1,1,1,,37.749802,138.891876
972,袖山歯科医院,953-0041,新潟市西蒲区,巻甲2920番地,0256-76-2966,平成8年9月11日,袖山　敬央,袖山　敬央,1,0,1,0,,37.757671,138.885971
973,高野歯科医院,953-0041,新潟市西蒲区,巻甲1404番地1,0256-73-3339,平成元年4月1日,医療法人社団高野歯科医院,高野　隆一,1,1,1,1,,37.76535,138.884933
974,棚橋歯科医院,959-0422,新潟市西蒲区,曽根358番地,0256-88-6555,昭和59年1月5日,棚橋　良文,棚橋　良文,1,0,0,0,,37.791279,138.916611
975,たはた歯科医院,953-0044,新潟市西蒲区,巻乙1594番地1,0256-73-0648,平成14年9月25日,田畑　伸人,田畑　伸人,1,0,1,1,,37.758278,138.879639
976,ながの歯科医院,953-0041,新潟市西蒲区,巻甲2679-1,0256-72-2549,平成24年3月1日,永野　恵子,永野　恵子,1,0,1,1,,37.759804,138.888809
977,西蒲原地区休日急患歯科診療所,953-0041,新潟市西蒲区,巻甲4363番地,0256-72-5499,平成12年3月21日,西蒲原福祉事務組合,荒井　節男,1,0,0,0,,37.754292,138.893143
978,のざわ歯科クリニック,950-1325,新潟市西蒲区,小吉1076番地1,025-375-8155,平成16年7月20日,野沢　太郎,野澤　太郎,1,0,1,1,,37.704735,138.970139
979,原歯科診療所,950-1344,新潟市西蒲区,福島1966番地,025-375-3538,平成17年11月15日,原　健人,原　健人,1,0,1,0,,37.726776,138.959457
980,ひらさわ歯科医院,953-0125,新潟市西蒲区,和納1443番地1,0256-82-1100,平成10年7月1日,平澤　貴典,平澤　貴典,1,0,1,0,,37.723419,138.885986
981,本間歯科医院,953-0125,新潟市西蒲区,和納1597番地10,0256-82-4615,昭和59年4月5日,医療法人社団昭正会,本間　正美,1,0,1,0,,37.724129,138.88121
982,松崎歯科医院,953-0061,新潟市西蒲区,馬堀6571番地,0256-73-3155,昭和63年6月14日,医療法人社団松崎歯科医院,松崎　正樹,1,0,0,0,,37.748234,138.912231
983,竹内歯科医院,953-0041,新潟市西蒲区,巻甲2529番地11,0256-73-3434,平成4年10月1日,医療法人社団竹内歯科医院,竹内　玄太郎,1,1,0,0,,37.757046,138.888565
984,山添歯科医院山添矯正歯科,953-0041,新潟市西蒲区,巻甲2125番地,0256-72-2048,平成29年4月1日,山添　清文,山添　清文,1,1,1,1,,37.763336,138.887299
985,ゆう歯科医院,953-0041,新潟市西蒲区,巻甲4081番地5新星ﾋﾞﾙ2F,0256-73-5101,平成12年4月20日,白石　祐一,白石　祐一,1,0,1,0,,37.760113,138.893005
986,ろはすデンタル,953-0041,新潟市西蒲区,巻甲4476番地1,0256-72-7542,令和2年4月1日,医療法人社団ろはす,上原　達明,1,1,1,0,,37.768574,138.880676
987,若月歯科医院,959-0425,新潟市西蒲区,押付1番地63,0256-88-5599,平成9年8月7日,若月　利義,若月　利義,1,1,1,0,,37.787754,138.918823
988,メイプル歯科クリニック,950-2042,新潟市西区,坂井791-2 ,025-201-8822,令和2年4月16日,織田　利郎,織田　利郎,1,0,0,0,,37.867119,138.955582
989,こやま歯科クリニック,950-2162,新潟市西区,五十嵐中島5丁目21番5号 ,025-378-6008,令和2年5月18日,小山　貴寛,小山　貴寛,1,0,1,1,,37.84663,138.916336
990,浅井歯科医院,950-0953,新潟市中央区,大島40-1 ,025-282-5694,令和2年6月1日,医療法人社団浅井歯科医院,浅井　哲也,1,1,1,1,,37.880009,139.022064
991,女池歯科クリニック,950-0941,新潟市中央区,女池2丁目3番17号 ,025-285-0033,令和2年6月1日,医療法人社団樹央会,佐藤　正樹,1,0,1,0,,37.894272,139.046295
992,こどもみらいクリニックデンタル,950-0925,新潟市中央区,弁天橋通3丁目8番6号,025-212-2127,令和7年4月14日,三上　諭,三上　諭,1,1,1,1,,37.890034,139.073502
993,りんご歯科医院,950-0087,新潟市中央区,東大通2丁目2番18号 ﾀﾁﾊﾞﾅﾋﾞﾙﾃﾞｨﾝｸﾞ1階1号室,025-255-6480,令和2年8月3日,澤口　正俊,澤口　正俊,1,0,0,0,,37.915821,139.05928
994,かとう歯科,950-2063,新潟市西区,寺尾台2丁目5番1号 ,025-233-3445,令和2年9月9日,加藤　晃茂,加藤　晃茂,1,1,1,0,,37.883209,138.977081
995,新潟西歯科クリニック,950-2035,新潟市西区,新通2757-3 ,025-378-5302,令和2年10月14日,医療法人社団D＆J,平野　淳子,1,0,1,1,,37.86002,138.956314
996,いしざき歯科,950-0813,新潟市東区,大形本町5丁目3-20 ,025-275-5522,令和2年10月15日,石崎　裕子,石崎　裕子,1,0,0,0,,37.921959,139.121353
997,関塚歯科医院,951-8062,新潟市中央区,西堀前通6番町905番地 第二西堀ﾋﾞﾙ4F,025-222-0344,令和2年10月30日,佐藤　栄美,佐藤　栄美,1,1,1,1,,37.921692,139.043961
998,さつき野矯正歯科医院　音の森,950-0941,新潟市中央区,女池6丁目5番23号 ,025-282-7317,令和6年4月1日,医療法人社団　彩雲会,寺久保　美紀子,1,1,1,0,,37.89212,139.040665
999,アサオ歯科医院,951-8068,新潟市中央区,上大川前通6番町1195番地1号,025-222-6480,令和3年2月1日,麻生　秀貴,麻生　秀貴,1,0,0,0,,37.919506,139.047836
1000,やまざき歯科医院,956-0816,新潟市秋葉区,新津東町3丁目4番3号 ,0250-25-3718,令和3年9月1日,医療法人社団　幸晴会,山崎　晴久,1,1,1,0,,37.804779,139.143265
1001,とうじょう歯科,950-2002,新潟市西区,青山7丁目2番9号 ,025-211-4078,令和3年5月17日,東條　悠史,東條　悠史,1,0,1,1,,37.899254,138.995529
1002,巻口歯科医院,951-8055,新潟市中央区,礎町通4ﾉ町2126番地 ,025-223-4748,令和3年6月4日,内山　郁子,内山　郁子,1,0,0,0,,37.922821,139.051941
1003,新潟矯正歯科クリニック,950-0088,新潟市中央区,万代3丁目1番1号 新潟日報ﾒﾃﾞｨｱｼｯﾌﾟ4階,025-240-9260,令和5年12月1日,一般社団法人　DDデンタルクリニック,谷田部　裕司,1,1,1,0,,37.918228,139.056274
1004,だい歯科訪問クリニック,950-0993,新潟市中央区,上所中3丁目14番13号 上所ﾒﾃﾞｨｶﾙｾﾝﾀｰ2階,025-256-8200,令和3年9月16日,渡邉　大祐,渡邉　大祐,1,0,1,1,,37.902683,139.035187
1005,アルファ歯科上木戸,950-0891,新潟市東区,上木戸4丁目7-13 ,025-274-1122,令和3年10月1日,医療法人社団　アルファエイト,村上　昌隆,1,0,1,1,,37.918579,139.10202
1006,ひなた歯科クリニック,950-0157,新潟市江南区,鵜ﾉ子4丁目3番3号 ,025-288-6513,令和3年7月16日,日向　剛,日向　剛,1,0,1,1,,37.871403,139.090942
1007,アイル歯科医院,950-0036,新潟市東区,空港西2丁目16-23 ,025-369-5376,令和3年6月16日,昆　はるか,昆　はるか,1,0,1,0,,37.947285,139.098877
1008,きらめき歯科クリニック,950-2002,新潟市西区,青山2丁目5番1号 ｲｵﾝ新潟青山店 2F,025-378-2411,令和3年6月16日,桑野　雄一郎,桑野　雄一郎,1,0,1,1,,37.896366,139.006012
1009,かつみ歯科口腔外科,950-0916,新潟市中央区,米山3丁目13-15 ,025-383-8041,令和3年10月14日,勝見　祐二,勝見　祐二,1,0,0,1,,37.907257,139.061905
1010,さかうえ矯正歯科クリニック,950-0971,新潟市中央区,近江3丁目32-1 ,025-385-7616,令和3年8月11日,坂上　馨,坂上　馨,0,1,0,0,,37.902996,139.042725
1011,ｉ歯科,950-0087,新潟市中央区,東大通2丁目2-9 ﾄｰｶﾝ万代第二ﾋﾞｭｰﾊｲﾂ 207号,025-385-6260,令和3年12月16日,稲葉　稔,稲葉　稔,1,0,0,1,,37.915359,139.058792
1012,医療法人ＭＡＫＩＮＧ　ＴＨＥ　ＲＯＡＤ　あゆみ歯科医院,950-2022,新潟市西区,小針5丁目8番15号 ,025-265-1466,令和4年1月11日,医療法人MAKING THE ROAD,中澤　孝明,1,0,0,0,,37.886616,138.995407
1013,たろ歯科医院,950-0841,新潟市東区,中野山7丁目1番2号 ,025-250-0388,令和4年1月18日,千葉　太郎,千葉　太郎,1,0,1,0,,37.900948,139.10553
1014,うらら歯科,950-0121,新潟市江南区,亀田向陽1丁目3-32 ,025-250-0187,令和4年2月17日,齊藤　翔,齊藤　翔,1,0,1,1,,37.876549,139.112946
1015,新潟歯科・矯正歯科　ＨＩＤＥＮＴ,950-2011,新潟市西区,小針上山9番34号5 ,025-267-2525,令和4年3月17日,医療法人社団　明理会,大墨　竜也,1,1,1,1,,37.893429,138.992661
1016,八百板歯科医院,959-0421,新潟市西蒲区,魲138-1 ,0256-88-6543,令和4年9月14日,八百板　隆徳,八百板　隆徳,1,0,1,0,,37.76049,138.889282
1017,竹山矯正歯科クリニック,950-0841,新潟市東区,中野山7丁目1番18号 ,025-367-2931,令和4年10月11日,竹山　雅規,竹山　雅規,0,1,0,0,,37.900665,139.105576
1018,みずいろ歯科,950-0005,新潟市東区,太平4丁目3-17,025-250-1333,令和4年11月14日,堀水　慎,堀水　慎,1,0,1,0,,37.943867,139.109161
1019,シュウデンタルクリニック,950-0153,新潟市江南区,船戸山5丁目9番14号 ,025-385-6626,令和5年1月18日,大村　収,大村　収,1,0,1,1,,37.867039,139.10173
1020,がじゅまる歯科,956-0805,新潟市秋葉区,中野4丁目5-12 ,0250-47-3821,令和5年2月10日,菊地　さつき,菊地　さつき,1,0,1,1,,37.83287,139.110016
1021,せきや歯科クリニック,951-8152,新潟市中央区,信濃町4番8号 ,025-231-1377,平成21年12月1日,笹川　和史,笹川　和史,1,0,0,0,,37.906338,139.011566
1022,しんじょう歯科医院,950-0115,新潟市江南区,丸山ﾉ内善之丞組362番地8 ,025-256-8177,令和5年3月14日,新庄　洋崇,新庄　洋崇,1,0,1,1,,37.880424,139.128159
1023,あきやま歯科クリニック,950-0111,新潟市江南区,曽野木1丁目4-9 ,025-250-1765,令和5年4月10日,秋山　信人,秋山　信人,1,0,1,1,,37.867691,139.041504
1024,からさわ歯科医院,950-0115,新潟市中央区,笹口2丁目3番5号 ﾒｿﾞﾝ･ﾄﾞ･ｿﾚｲﾕ1階,025-288-1281,令和5年7月14日,唐澤　康太,唐澤　康太,1,0,1,1,,37.909615,139.063126
1025,入船みなと歯科,950-0118,新潟市中央区,附船町1丁目4092番,025-378-1980,令和5年10月1日,医療法人社団Ｄ＆Ｊ,佐久間　駿,1,0,1,1,,37.935062,139.054794
1026,小飯塚歯科クリニック,950-0120,新潟市北区,嘉山5丁目6番8号,025-212-2118,令和5年11月6日,小飯塚　仁美,小飯塚　仁美,1,0,0,0,,37.909775,139.220474
1027,八木歯科クリニック,953-0041,新潟市西蒲区,巻甲3232番地3,0256-72-1511,平成17年7月11日,八木　一江,八木　一江,1,0,1,0,,37.768574,138.880676
1028,まなぶ歯科,950-2121,新潟市西区,槇尾100番,025-378-4608,令和5年12月28日,渡部　学,渡部　学,1,0,1,0,,37.855942,138.942139
1029,にいがたこども歯科,950-2028,新潟市西区,小新南2丁目9番13号,025-201-8588,令和6年3月4日,鈴木　絢子,鈴木　絢子,1,1,1,1,,37.867401,138.990341
1030,小出歯科クリニック,950-0033,新潟市東区,河渡新町2丁目4番61号1,025-288-1876,令和6年4月11日,小出　勝義,小出　勝義,1,1,1,1,,37.94783,139.111343
1031,新潟I’ｓ歯科・矯正歯科,950-0911,新潟市中央区,笹口2丁目1番6号,025-212-9007,令和7年2月1日,医療法人社団　新心会,松本　悠利,1,1,1,1,,37.910046,139.063019
1032,日和が丘デンタルクリニック,950-2063,新潟市西区,寺尾台1丁目1番地16号,025-210-5586,令和6年5月13日,笹川　敦大,笹川　敦大,1,0,1,1,,37.883163,138.979416
1033,よしぞえ歯科クリニック,950-0143,新潟市江南区,元町1丁目3-2,025-381-8241,令和8年1月1日,医療法人社団　よしぞえ歯科クリニック,吉副　茂夫,1,1,1,1,,37.86512,139.109604
1034,村田歯科医院,950-2002,新潟市西区,青山5丁目9番34号 ,025-267-6736,令和3年2月28日,村田容子,村田容子,1,0,0,0,,37.899643,138.997345
1035,ことのはデンタルクリニック,950-0941,新潟市中央区,女池4丁目19-3,025-281-1080,令和7年1月14日,藤田　雪野,藤田　雪野,1,0,1,0,,37.895309,139.03804
1036,エムワイデンタルクリニック,950-0813,新潟市東区,大形本町3丁目1番2号ｲｵﾝ新潟東店2階,025-272-5566,令和8年2月1日,馬　有加,馬　有加,1,0,1,1,,37.924152,139.113754
1037,みのりデンタルクリニック,950-0924,新潟市中央区,美の里1-14,025-381-2211,令和7年3月24日,風間　裕友樹,風間　裕友樹,1,1,1,0,,37.884068,139.077454
1038,ｉｒｏｄｏｒｉ　ＤＥＮＴＡＬ　ＨＯＵＳＥ,950-0941,新潟市中央区,女池3丁目22番10号,025-384-0671,令和7年5月14日,医療法人社団Ｌａｕｇｈ　Ｗｉｔｈ,小林　鷹,1,0,1,1,,37.896103,139.04274
1039,めぐりデンタルクリニック,950-0946,新潟市中央区,女池西2丁目6番12号,025-384-0175,令和7年6月13日,医療法人ＳｍｉｌｅＭａｋｅ,武田　洋一,1,0,1,0,,37.890907,139.036087
1040,やまざきデンタルクリニック,950-0923,新潟市中央区,姥ｹ山5丁目14-26,025-282-7748,令和7年7月4日,山﨑　裕太,山﨑　裕太,1,1,1,1,,37.890427,139.078278
1041,三上歯科医院,950-0925,新潟市中央区,弁天橋通3丁目8番13号,025-385-6535,令和7年10月1日,三上　憲一郎,三上　憲一郎,1,0,0,0,,37.889801,139.073837
1042,新潟駅前歯科ルミナスクリニック,950-0087,新潟市中央区,東大通1丁目3番1号INPEX新潟ﾋﾞﾙﾃﾞｨﾝｸﾞ1階,025-288-1546,令和7年9月25日,医療法人社団　幸晴会,山崎　貴子,1,1,0,0,,37.91407,139.060928
1043,廣瀬歯科医院,951-8028,新潟市中央区,東湊町通1ﾉ町2586番地,025-222-2396,昭和54年8月1日,廣瀬　秀,廣瀬　秀,1,0,0,0,,37.927151,139.051147
1044,不二崎歯科医院,950-3125,新潟市北区,松浜本町2丁目9番11号,025-259-2130,平成4年1月10日,不二崎　正径,不二崎　正径,1,0,0,0,,37.949688,139.143631
1045,ひろみ歯科・矯正歯科　ファミリークリニック,950-1203,新潟市南区,大通黄金2丁目7-2,025-211-3040,令和8年2月24日,村木　広美,村木　広美,1,1,1,1,,37.8237,139.022736
