No,施設名,〒,所在地1,所在地2,℡,開　 設 年月日,解説者,管理者,内科,呼吸器内科,循環器内科,消化器内科,腎臓内科,神経内科,糖尿病内科,血液内科,皮膚科,アレルギー科,リウマチ科,感染症内科,小児科,精神科,心療内科,外科,呼吸器外科,循環器外科,乳腺外科,気管食道外科,消化器外科,泌尿器科,肛門外科,脳神経外科,整形外科,形成外科,美容外科,眼科,耳鼻咽喉科,小児外科,産婦人科,産科,婦人科,リハビリテーション科,放射線科,麻酔科,病理診断科,臨床検査科,救急科,一般病床,療養病床,計,備考,歯科標榜,緯度,経度
1,本間医院,958-0846,村上市,安良町4-13,0254-53-3071,昭和61年12月1日,医療法人社団　本間医院,本間　宙,0,0,0,1,0,0,0,0,0,0,0,0,0,0,0,1,0,0,0,0,0,0,1,0,0,0,0,0,0,0,0,0,0,0,0,0,0,0,0,,,,,,38.223648,139.475800
2,安斎医院,958-0051,村上市,岩船上町1-16,0254-56-7415,平成1年4月1日,医療法人社団　安斎医院,安斎　孝雄,1,0,0,0,0,0,0,0,0,0,0,0,0,0,0,0,0,0,0,0,0,0,0,0,0,0,0,0,0,0,0,0,0,0,0,0,0,0,0,,,,,,38.192665,139.437790
3,富樫眼科医院,958-0857,村上市,飯野1-1-20,0254-53-0633,平成21年9月28日,医療法人社団　萌愛会,富樫　元,0,0,0,0,0,0,0,0,0,0,0,0,0,0,0,0,0,0,0,0,0,0,0,0,0,0,0,1,0,0,0,0,0,0,0,0,0,0,0,,,,,,38.221596,139.476959
4,おたべ医院,958-0832,村上市,石原4-7,0254-53-5885,平成2年9月3日,小田邉　一紀,小田邉　一紀,1,0,1,0,0,1,0,0,0,0,0,0,0,0,0,1,0,0,0,0,0,0,0,1,0,0,0,0,0,0,0,0,0,0,0,0,0,0,0,,,,,,38.226410,139.493561
5,医療法人社団  しぶや小児科医院,958-0834,村上市,新町6-83,0254-53-8787,平成29年9月19日,医療法人社団　しぶや小児科医院,澁谷　義弘,0,0,0,0,0,0,0,0,0,1,0,0,1,0,0,0,0,0,0,0,0,0,0,0,0,0,0,0,0,0,0,0,0,0,0,0,0,0,0,,,,,,38.225117,139.485672
6,羽鳥医院,958-0032,村上市,松原町1-10-16,0254-52-3097,平成9年6月1日,医療法人社団　羽鳥医院,羽鳥　知樹,1,0,0,1,0,0,0,0,1,0,0,0,1,0,0,0,0,0,0,0,0,0,0,0,0,0,0,0,0,0,0,0,0,0,0,0,0,0,0,,,,,,38.227188,139.459869
7,羽鳥医院瀬波診療所,958-0023,村上市,瀬波上町4-16,0254-52-3097,平成2年10月1日,医療法人社団　羽鳥医院,羽鳥　知樹,1,0,1,1,0,0,0,0,1,0,0,0,0,0,0,0,0,0,0,0,0,0,0,0,0,0,0,0,0,0,0,0,0,0,0,0,0,0,0,,,,,,38.231647,139.456970
8,佐々木整形外科,958-0852,村上市,南町2-4-48,0254-50-1800,平成11年4月1日,医療法人社団　佐々木整形外科,佐々木　太郎,0,0,0,0,0,0,0,0,0,0,1,0,0,0,0,0,0,0,0,0,0,0,0,0,1,0,0,0,0,0,0,0,0,1,0,0,0,0,0,,,,,,38.216530,139.471024
9,医療法人　たかはし整形外科クリニック,958-0834,村上市,新町9-82,0254-50-7000,平成22年9月1日,医療法人たかはし整形外科クリニック,高橋　敦,0,0,0,0,0,0,0,0,0,0,1,0,0,0,0,0,0,0,0,0,0,0,0,0,1,0,0,0,0,0,0,0,0,1,0,0,0,0,0,,,,,,38.223671,139.490067
10,いが医院,958-0852,村上市,南町2-8-30,0254-50-7123,平成14年4月1日,医療法人社団　いが医院,伊賀　芳朗,1,0,0,0,0,0,0,0,0,0,0,0,0,0,0,1,0,0,0,0,0,0,1,0,0,0,0,0,0,0,0,0,0,0,0,0,0,0,0,,,,,,38.216793,139.473618
11,瀬賀医院,958-0003,村上市,吉浦3060-8,0254-58-2220,平成17年7月29日,瀬賀　弘行,瀬賀　弘行,1,0,0,0,0,0,0,0,0,0,0,0,0,0,0,0,0,0,0,0,0,0,0,0,0,0,0,0,0,0,0,0,0,0,0,0,0,0,0,,,,,,38.307816,139.452713
12,さくら内科クリニック,958-0823,村上市,仲間町233-1,0254-53-1113,平成18年7月13日,医療法人社団　三生会,佐藤　貞之,1,0,0,0,0,0,0,0,0,0,0,0,0,0,0,0,0,0,0,0,0,0,0,0,0,0,0,0,0,0,0,0,0,0,0,0,0,0,0,,,,,,38.221916,139.492172
13,たなか皮ふ科クリニック,958-0834,村上市,新町9-90,0254-53-4112,平成23年4月25日,田中英一郎,田中英一郎,0,0,0,0,0,0,0,0,1,1,0,0,0,0,0,0,0,0,0,0,0,0,0,0,0,0,0,0,0,0,0,0,0,0,0,0,0,0,0,,,,,,38.223988,139.489120
14,学校法人北都健勝学園新潟リハビリテーションクリニック,958-0053,村上市,上の山2-16,0254-56-8233,平成23年8月1日,学校法人　北都健勝学園,的場巳知子,1,0,0,0,0,0,0,0,0,0,0,0,0,1,1,0,0,0,0,0,0,0,0,0,0,0,0,0,0,0,0,0,0,1,0,0,0,0,0,,,,,,38.185974,139.439468
15,おばた耳鼻科,958-0834,村上市,新町6-53,0254-62-7830,令和6年11月1日,医療法人社団　おばた耳鼻科,小幡　昌文,0,0,0,0,0,0,0,0,0,1,0,0,0,0,0,0,0,0,0,0,0,0,0,0,0,0,0,0,1,0,0,0,0,0,0,0,0,0,0,,,,,,38.224064,139.488892
16,村上市休日急患診療所,958-0862,村上市,若葉町10-7,0254-75-8007,平成5年4月1日,村上市,伊賀　芳朗,1,0,0,0,0,0,0,0,0,0,0,0,1,0,0,0,0,0,0,0,0,0,0,0,0,0,0,0,0,0,0,0,0,0,0,0,0,0,0,,,,,,38.227116,139.469238
17,障害者支援施設　浦田の里　診療所,958-0000,村上市,岩船浦田山231-1,0254-53-1803,昭和61年11月1日,社会福祉法人　村上岩船福祉会,野沢　悟,1,0,0,0,0,0,0,0,0,0,0,0,0,1,0,0,0,0,0,0,0,0,0,0,0,0,0,0,0,0,0,0,0,0,0,0,0,0,0,,,,,,38.205414,139.445282
18,特別養護老人ホーム　いわくすの里　診療所,958-0053,村上市,上の山2-17,0254-50-2100,平成12年3月1日,社会福祉法人　村上岩船福祉会,安斎　孝雄,1,0,0,0,0,0,0,0,0,0,0,0,0,0,0,0,0,0,0,0,0,0,0,0,0,0,0,0,0,0,0,0,0,0,0,0,0,0,0,,,,,,38.186043,139.439484
19,村上市巡回診療所,958-0837,村上市,三之町1-1,0254-75-8007,昭和54年8月1日,村上市,伊賀　芳朗,1,0,0,0,0,0,0,0,0,0,0,0,1,0,0,0,0,0,0,0,0,0,0,0,0,0,0,0,0,0,0,0,0,0,0,0,0,0,0,,,,,,38.223087,139.480118
20,村上保健所,958-0864,村上市,肴町10-15,0254-53-3151,昭和53年4月27日,新潟県,園田　裕久,1,0,0,0,0,0,0,0,0,0,0,0,0,0,0,0,0,0,0,0,0,0,0,0,0,0,0,0,0,0,0,0,0,0,0,0,0,0,0,,,,,,38.224964,139.469315
21,佐野医院,959-3132,村上市,坂町3262-7,0254-50-5170,平成14年9月1日,医療法人社団　弘陽会,佐野　克弘,1,0,0,0,0,0,0,0,0,0,0,0,1,0,0,1,0,0,0,0,0,0,0,1,0,0,0,0,0,0,0,0,0,1,0,0,0,0,0,,,,,,38.113735,139.444885
22,荒川中央クリニック,959-3131,村上市,藤沢字前坪7-19,0254-50-5222,平成13年4月16日,医療法人社団　永和会,佐藤　一宣,1,0,0,0,0,0,0,0,1,0,0,0,1,0,0,0,0,0,0,0,0,0,0,0,1,0,0,0,0,0,0,0,0,1,0,0,0,0,0,,,,,,38.120312,139.453476
23,特別養護老人ホーム　 たかつぼ　診療所,959-3100,村上市,下鍜冶屋572-7,0254-62-1455,平成5年4月1日,社会福祉法人　村上岩船福祉会,遠山　晃,1,0,0,0,0,0,0,0,0,0,0,0,0,0,0,0,0,0,0,0,0,0,0,0,0,0,0,0,0,0,0,0,0,0,0,0,0,0,0,,,,,,38.113205,139.448380
24,特別養護老人ホーム　村上まごころの里　医務室,959-3122,村上市,大津3689-2,0254-62-1007,平成26年4月1日,社会福祉法人　真心福祉会,佐藤　一宣,1,0,0,0,0,0,0,0,0,0,0,0,0,0,0,0,0,0,0,0,0,0,0,0,0,0,0,0,0,0,0,0,0,0,0,0,0,0,0,,,,,,38.128628,139.442001
25,鈴木医院,959-3414,村上市,有明848,0254-66-5307,平成8年2月21日,野沢　悟,野沢　悟,1,0,0,0,0,0,0,0,0,0,1,0,1,0,0,0,0,0,0,0,0,0,0,0,0,0,0,0,0,0,0,0,0,0,0,0,0,0,0,,,,,,38.181953,139.478745
26,澤田医院,959-3443,村上市,北新保678,0254-66-7811,平成4年9月1日,医療法人社団　澤田医院,冨田　広,1,0,0,1,0,0,0,0,0,0,0,0,1,0,0,1,0,0,0,0,0,0,0,0,0,0,0,0,0,0,0,0,0,0,0,0,0,0,0,,,,,,38.159782,139.430145
27,村上市養護老人ホーム　やまゆり荘　診療所,959-3404,村上市,山屋749-1,0254-66-5666,昭和60年8月5日,村上市,斎藤　良一,1,0,0,0,0,0,0,0,0,0,0,0,0,0,0,0,0,0,0,0,0,0,0,0,0,0,0,0,0,0,0,0,0,0,0,0,0,0,0,,,,,,38.205681,139.486252
28,障害者支援施設 やまやの里　診療所,959-3404,村上市,山屋746-2,0254-66-5945,平成2年4月1日,社会福祉法人　阿賀北福祉会,野沢　悟,1,0,0,0,0,0,0,0,0,0,0,0,0,1,0,0,0,0,0,0,0,0,0,0,0,0,0,0,0,0,0,0,0,0,0,0,0,0,0,,,,,,38.209370,139.487701
29,特別養護老人ホーム　さつき園　診療所,959-3443,村上市,北新保683-9,0254-66-8877,平成11年6月9日,社会福祉法人　村上岩船福祉会,澤田　洋一,1,0,0,0,0,0,0,0,0,0,0,0,0,0,0,1,0,0,0,0,0,0,0,0,0,0,0,0,0,0,0,0,0,0,0,0,0,0,0,,,,,,38.174381,139.438141
30,佐藤医院,958-0261,村上市,猿沢2221,0254-60-2221,平成7年9月1日,医療法人社団　佐藤医院,佐藤　和女,1,0,0,1,0,0,0,0,1,0,0,0,1,0,0,1,0,0,0,0,0,0,0,0,1,0,0,0,0,0,0,0,0,0,0,0,0,0,0,,,,,○,38.282295,139.520935
31,つなしま内科クリニック,958-0062,村上市,大場沢3770-2,0254-72-0999,平成22年5月11日,綱島　勝正,綱島　勝正,1,0,0,1,0,0,0,0,0,0,0,0,0,0,0,0,0,0,0,0,0,0,0,0,0,0,0,0,0,0,0,0,0,0,0,0,0,0,0,,,,,,38.244282,139.527115
32,特別養護老人ホーム　羽衣園　診療所,958-0251,村上市,岩沢1616,0254-72-0055,平成9年4月1日,社会福祉法人　村上岩船福祉会,伊賀　芳朗,1,0,0,0,0,0,0,0,0,0,0,0,0,0,0,0,0,0,0,0,0,0,0,0,0,0,0,0,0,0,0,0,0,0,0,0,0,0,0,,,,,,38.261475,139.534531
33,特別養護老人ホーム　あさひ　診療所,958-0261,村上市,猿沢2160,0254-60-2225,平成25年8月1日,社会福祉法人　回生会,佐藤　和女,0,0,0,0,0,0,0,0,0,0,0,0,0,0,1,0,0,0,0,0,0,0,0,0,0,0,0,0,0,0,0,0,0,0,0,0,0,0,0,,,,,,38.282295,139.520935
34,初野医院,959-3907,村上市,府屋279-5,0254-77-3070,平成18年5月15日,初野　謙,初野　謙,1,0,0,0,0,0,0,0,0,0,0,0,0,0,0,0,0,0,0,0,0,0,0,0,0,0,0,0,0,0,0,0,0,0,0,0,0,0,0,,,,,,38.514324,139.533585
35,青木医院,959-3907,村上市,府屋604,0254-77-2003,平成1年4月1日,医療法人社団　青木医院,青木　和男,1,0,0,0,0,0,0,0,0,0,0,0,0,0,0,0,0,0,0,0,0,0,0,0,0,0,0,0,0,0,0,0,0,0,0,0,0,0,0,,,,,,38.089443,139.565018
36,特別養護老人ホーム　ゆり花園　診療所,959-3942,村上市,勝木862-10,0254-77-2475,平成8年4月1日,社会福祉法人　村上岩船福祉会,初野　弥一,1,0,0,0,0,0,0,0,0,0,0,0,0,0,0,0,0,0,0,0,0,0,0,0,0,0,0,0,0,0,0,0,0,0,0,0,0,0,0,,,,,,38.089813,139.545410
37,佐藤内科小児科医院,959-3265,関川村,大字下関915,0254-64-1047,昭和61年12月1日,医療法人社団　佐藤内科小児科医院,佐藤　靖,1,0,0,0,0,0,0,0,0,0,0,0,1,0,0,0,0,0,0,0,0,0,0,0,0,0,0,0,0,0,0,0,0,0,0,0,0,0,0,,,,,,38.083347,139.555481
38,関川村国民健康保険 関川診療所,959-3265,関川村,大字下関515-1,0254-64-1051,昭和55年4月1日,関川村,土田　雅史,1,0,0,0,0,0,0,0,0,0,0,0,0,0,0,0,0,0,0,0,0,0,0,0,0,0,0,0,0,0,0,0,0,0,0,0,0,0,0,,,,,,38.468304,139.254410
39,特別養護老人ホーム　垂水の里　診療所,959-3261,関川村,大字湯沢728-1,0254-64-2322,平成10年10月1日,社会福祉法人村上岩船福祉会,佐藤　靖,1,0,0,0,0,0,0,0,0,0,0,0,0,0,0,0,0,0,0,0,0,0,0,0,0,0,0,0,0,0,0,0,0,0,0,0,0,0,0,,,,,,38.094425,139.604797
40,粟島へき地出張診療所,958-0061,粟島浦村,大字日の見山1513-11,0254-55-2111,平成14年4月1日,粟島浦村,小出　章,1,0,0,0,0,0,0,0,0,0,0,0,0,0,0,0,0,0,0,0,0,0,0,0,0,0,0,0,0,0,0,0,0,0,0,0,0,0,0,,,,,○,38.225243,139.515274
41,関川村巡回診療所,959-3265,関川村,大字下関515-1,0254-64-1441,昭和55年6月14日,関川村,土田　雅史,1,0,0,0,0,0,0,0,0,0,0,0,1,0,0,0,0,0,0,0,0,0,0,0,0,0,0,0,0,0,0,0,0,0,0,0,0,0,0,,,,,,38.232468,139.526718
42,特別養護老人ホーム　神林の里　診療所,959-3423,村上市,九日市69番地1,0254-75-5041,平成30年4月20日,社会福祉法人　新生福祉会,佐藤　一宜,1,0,0,0,0,0,0,0,0,0,0,0,0,0,0,0,0,0,0,0,0,0,0,0,0,0,0,0,0,0,0,0,0,0,0,0,0,0,0,,,,,,38.179932,139.462967
43,むらかみ松岡眼科,958-0834,村上市,新町9-74,0254-53-0052,令和2年10月1日,松岡　尚気,松岡　尚気,0,0,0,0,0,0,0,0,0,0,0,0,0,0,0,0,0,0,0,0,0,0,0,0,0,0,0,1,0,0,0,0,0,0,0,0,0,0,0,,,,,,38.223392,139.490891
44,上田眼科,959-3107,村上市,下鍜冶屋603-1,0254-62-0123,令和4年10月1日,医療法人社団　上田眼科,上田　潤,0,0,0,0,0,0,0,0,0,0,0,0,0,0,0,0,0,0,0,0,0,0,0,0,0,0,0,1,0,0,0,0,0,0,0,0,0,0,0,,,,,,38.112038,139.452881
45,村上おかだクリニック,958-0842,村上市,大町3番25号2,0254-75-6150,令和5年5月1日,岡田　慎輔,岡田　慎輔,1,0,1,0,0,0,0,0,0,0,0,0,0,0,0,0,0,0,0,0,0,0,0,0,0,0,0,0,0,0,0,0,0,0,0,0,0,0,0,,,,,,38.224030,139.478470
46,肴町医科歯科医院,958-0854,村上市,田端町16-7,0254-53-2781,令和6年3月1日,医療法人　山北会,戸澤　和夫,1,0,0,1,0,0,0,0,0,0,0,0,0,0,0,0,0,0,0,0,0,0,0,0,0,0,0,0,0,0,0,0,0,0,0,0,0,0,0,,,,,○,37.903095,139.451508
47,きむら内科クリニック,958-0857,村上市,飯野3丁目16—5,0254-75-8500,令和6年4月2日,木村　新平,木村　新平,1,0,1,1,0,0,0,0,0,0,0,0,0,0,0,0,0,0,0,0,0,0,0,0,0,0,0,0,0,0,0,0,0,0,0,0,0,0,0,,,,,,37.933250,139.280212
48,東谷医院,957-0053,新発田市,中央町4丁目11番22号,0254-24-5555,令和2年8月1日,東谷　正来,東谷　正来,1,0,0,1,0,0,0,0,0,0,0,0,0,0,0,0,0,0,0,0,0,0,0,0,0,0,0,0,0,0,0,0,0,0,0,0,0,0,0,,,,,,37.951775,139.328186
49,阿部医院,957-0021,新発田市,五十公野6804-1,0254-21-2251,平成10年12月1日,阿部　洋一,阿部　洋一,1,0,0,0,0,1,0,0,0,0,0,0,0,0,0,0,0,0,0,0,0,0,0,0,0,0,0,0,0,0,0,0,0,0,0,0,0,0,0,,,,,,37.930077,139.347046
50,安斎クリニック,957-0015,新発田市,東新町1丁目4-5,0254-21-3141,平成18年5月1日,医療法人　安斎クリニック,安斎　裕,1,0,0,0,0,0,0,0,0,0,0,0,0,0,0,1,0,0,0,0,0,0,0,0,0,0,0,0,0,0,0,0,0,1,0,0,0,0,0,,,,,,37.948574,139.341888
51,いしい眼科,957-0055,新発田市,諏訪町1-9-29,0254-24-5265,平成1年12月1日,医療法人社団　いしい眼科,石井　八寿江,0,0,0,0,0,0,0,0,0,0,0,0,0,0,0,0,0,0,0,0,0,0,0,0,0,0,0,1,0,0,0,0,0,0,0,0,0,0,0,,,,,,37.943943,139.333298
52,今井眼科医院,957-0054,新発田市,本町3-2-1,0254-23-8887,平成13年7月16日,医療法人社団　慈光会,畑瀬　哲尚,0,0,0,0,0,0,0,0,0,0,0,0,0,0,0,0,0,0,0,0,0,0,0,0,0,0,0,1,0,0,0,0,0,0,0,0,0,0,0,,,,,,37.950390,139.333084
53,医療法人　信眼会　信田眼科医院,957-0065,新発田市,舟入町1-2-36,0254-20-5588,平成18年10月1日,医療法人　信眼会,小川　武,0,0,0,0,0,0,0,0,0,0,0,0,0,0,0,0,0,0,0,0,0,0,0,0,0,0,0,1,0,0,0,0,0,0,0,0,0,0,0,,,,,,37.955120,139.308014
54,いけだ耳鼻科　駅前医院,957-0055,新発田市,諏訪町1-3-5,0254-23-2123,昭和61年12月1日,医療法人社団　駅前医院,池田　正直,0,0,0,0,0,0,0,0,0,1,0,0,0,0,0,0,0,0,0,0,0,0,0,0,0,0,0,0,1,0,0,0,0,0,0,0,0,0,0,4,,4 ,,,37.945148,139.332993
55,大杉脳外科医院,957-0063,新発田市,新栄町1-2-21,0254-23-8211,平成18年5月1日,医療法人社団　大杉脳外科医院,渡邉　徹,1,0,0,0,0,0,0,0,0,0,0,0,0,0,0,0,0,0,0,0,0,0,0,1,0,0,0,0,0,0,0,0,0,0,0,0,0,0,0,,,,,,37.953808,139.303223
56,大峰寮診療所,959-2477,新発田市,大字下坂町266,0254-33-2314,S50.8,社会福祉法人　加治川郷,笹川　康夫,1,0,0,0,0,0,0,0,0,0,0,0,0,1,0,0,0,0,0,0,0,0,0,0,0,0,0,0,0,0,0,0,0,0,0,0,0,0,0,,,,,,38.026451,139.385086
57,一般財団法人　下越総合健康開発センター,957-0054,新発田市,本町4-16-83,0254-24-1145,昭和57年4月1日,一般財団法人下越総合健康開発センター,佐々木　亮,0,0,0,0,0,0,0,0,0,0,0,0,0,0,0,0,0,0,0,0,0,0,0,0,0,0,0,0,0,0,0,0,0,0,0,0,0,0,0,,,,,,37.947662,139.338104
58,片桐記念クリニック,957-0061,新発田市,住吉町4-3-9,0254-24-5515,令和4年10月1日,医療法人社団六泉会,鳥越　孝仁,1,0,1,0,1,0,0,0,0,0,0,0,0,0,0,0,0,0,0,0,0,0,0,0,0,0,0,0,0,0,0,0,0,0,0,0,0,0,0,,,,,,37.946091,139.312347
59,木島整形外科,957-0016,新発田市,豊町4丁目1-4,0254-26-7271,平成8年4月1日,医療法人社団　木島医院,木島　秀人,0,0,0,0,0,0,0,0,0,0,0,0,0,0,0,0,0,0,0,0,0,0,0,0,1,0,0,0,0,0,0,0,0,1,0,0,0,0,0,,,,,,37.939987,139.339844
60,けんちゃんクリニック,957-0017,新発田市,新富町2目6番18号,0254-24-8111,平成18年7月3日,医療法人社団けんちゃんクリニック,中山　健司,1,0,1,0,0,0,0,0,0,0,0,0,0,0,0,1,1,0,0,0,0,0,0,0,0,0,0,0,0,0,0,0,0,0,0,0,0,0,0,,,,,,37.957058,139.340454
61,小島医院,959-2335,新発田市,本田3470-5,0254-32-2558,平成10年12月1日,医療法人社団　小島医院,小島　豊雄,1,0,0,0,0,0,0,0,0,0,0,0,1,0,0,0,0,0,0,0,0,0,0,0,0,0,0,0,0,0,0,0,0,0,0,0,0,0,0,,,,,,37.890747,139.269119
62,斉藤医院,957-0016,新発田市,豊町2-2-23,0254-24-1336,平成3年6月1日,医療法人社団　斎藤医院,齋藤　洋,1,0,0,0,0,1,0,0,0,0,0,0,0,1,0,0,0,0,0,0,0,0,0,0,0,0,0,0,0,0,0,0,0,0,0,0,0,0,0,,,,内分泌内科,,37.941422,139.336060
63,笹川医院,959-2477,新発田市,下小中山392,0254-33-2427,昭和63年4月1日,医療法人社団　笹川医院,笹川　康夫,1,0,1,0,0,0,0,0,0,0,0,0,1,0,0,0,0,0,0,0,0,0,0,0,0,0,0,0,0,0,0,0,0,0,0,0,0,0,0,,,,,,38.018883,139.380829
64,佐々木医院,957-0053,新発田市,中央町5-3-18,0254-22-4555,平成6年2月1日,佐々木　亮,佐々木　亮,1,0,0,1,0,0,0,0,0,0,0,0,0,0,0,0,0,0,0,0,0,0,0,0,0,0,0,0,0,0,0,0,0,0,1,0,0,0,0,,,,,,37.950790,139.331711
65,新発田ひらた内科クリニック,957-0062,新発田市,富塚町2丁目1番28号,0254-22-1159,令和7年8月6日,医療法人社団　明幸会,平田　明,1,1,0,0,0,0,0,0,0,1,0,0,0,0,0,0,0,0,0,0,0,0,0,0,0,0,0,0,0,0,0,0,0,0,0,0,0,0,0,,,,,,37.951065,139.302811
66,新発田市保健センタ―,957-0054,新発田市,本町4-16-83,0254-22-0874,昭和58年6月1日,新発田市,渡部　憲一,0,0,0,0,0,0,0,0,0,0,0,0,0,0,0,0,0,0,0,0,0,0,0,0,0,0,0,0,0,0,0,0,0,0,0,0,0,0,0,,,,,,37.947662,139.338104
67,しばた心と体クリニック,957-0061,新発田市,住吉町4丁目8番26号,0254-28-3200,平成27年10月1日,医療法人　新心会,小河原　克人,1,0,0,1,0,0,0,0,0,0,0,0,0,1,1,0,0,0,0,0,0,0,0,0,0,0,0,0,0,0,0,0,0,0,0,0,0,0,0,,,,内視鏡内科､漢方内科､漢方精神科,,37.944336,139.314041
68,新発田地区救急診療所,957-0054,新発田市,本町1丁目16番14号,0254-23-8350,令和2年4月1日,下越福祉行政組合,中川　巌,1,0,0,0,0,0,0,0,0,0,0,0,1,0,0,0,0,0,0,0,0,0,0,0,0,0,0,0,0,0,0,0,0,0,0,0,0,0,0,,,,,,37.946014,139.336395
69,新発田皮フ科,957-0063,新発田市,新栄町2-11-56,0254-22-1112,平成15年9月1日,医療法人社団　新発田皮フ科,池滝　勝史,0,0,0,0,0,0,0,0,1,1,0,0,0,0,0,0,0,0,0,0,0,0,0,0,0,0,0,0,0,0,0,0,0,0,0,0,0,0,0,,,,,,37.954594,139.298660
70,せき内科・消化器科医院,957-0054,新発田市,本町3-5-15,0254-26-1231,平成3年4月1日,医療法人社団　せき内科・消化器科医院,釋　亮也,1,0,0,1,0,0,0,0,0,0,0,0,0,0,0,0,0,0,0,0,0,0,0,0,0,0,0,0,0,0,0,0,0,0,0,0,0,0,0,,,,,,37.951866,139.336945
71,社会福祉法人のぞみの家福祉会　障害者支援施設　緑風園　医務室,957-0021,新発田市,五十公野4685番地42,0254-22-4298,平成18年9月1日,社会福祉法人のぞみの家福祉会,諸橋　優子,1,0,0,0,0,0,0,0,0,0,0,0,0,1,0,0,0,0,0,0,0,0,0,0,0,0,0,0,0,0,0,0,0,0,0,0,0,0,0,,,,,,37.933365,139.352448
72,小児科　桑島医院,957-0052,新発田市,大手町3-5-19,0254-22-3075,平成18年4月1日,桑島　宏彰,桑島　宏彰,0,0,0,0,0,0,0,0,0,0,0,0,1,0,0,0,0,0,0,0,0,0,0,0,0,0,0,0,0,0,0,0,0,0,0,0,0,0,0,,,,,,37.952938,139.320908
73,城北クリニック,957-0067,新発田市,中曽根町1丁目3番25号,0254-21-1171,令和1年9月1日,医療法人社団城北クリニック,樋口　健一,1,0,0,1,0,0,0,0,0,0,0,0,0,0,0,0,0,0,0,0,0,0,0,0,0,0,0,0,0,0,0,0,0,0,0,0,0,0,0,,,,,,37.959885,139.318512
74,須貝医院,957-0231,新発田市,藤塚浜1884,0254-41-2048,平成1年12月1日,須貝　孝治,須貝　孝治,1,0,0,0,0,0,0,0,0,0,0,0,0,0,0,0,0,0,0,0,0,0,0,0,0,0,0,0,0,0,0,0,0,0,0,0,0,0,0,,,,,,38.028835,139.307617
75,すずき医院,957-0057,新発田市,御幸町2-12-1,0254-20-5055,平成16年4月1日,医療法人社団すずき医院,鈴木　孝幸,1,0,0,0,0,0,0,0,0,0,0,0,0,1,1,0,0,0,0,0,0,0,0,0,0,0,0,0,0,0,0,0,0,0,0,0,0,0,0,,,,,,37.948036,139.316025
76,すどう小児クリニック,957-0016,新発田市,豊町2-9-1,0254-26-8881,平成19年4月1日,医療法人　すどう小児クリニック,須藤　正二,0,0,0,0,0,0,0,0,0,1,0,0,1,0,0,0,0,0,0,0,0,0,0,0,0,0,0,0,0,0,0,0,0,0,0,0,0,0,0,,,,,,37.942883,139.335968
77,関耳鼻科クリニック,957-0061,新発田市,住吉町4丁目20番2号,0254-20-5225,平成19年4月1日,医療法人社団　聡明会,関　聡,0,0,0,0,0,0,0,0,0,1,0,0,0,0,0,0,0,0,0,1,0,0,0,0,0,0,0,0,1,0,0,0,0,0,0,0,0,0,0,,,,,,37.941589,139.311142
78,関塚医院,957-000６,新発田市,中田町2丁目17番15号,0254-26-1405,令和1年10月27日,医療法人社団　関塚医院　,関塚　直人,0,0,0,0,0,0,0,0,0,0,0,0,0,0,0,0,0,0,0,0,0,0,0,0,0,0,0,0,0,0,0,1,1,0,0,0,0,0,0,19,,19 ,分娩取扱い,,37.967873,139.328247
79,高橋クリニック,957-0017,新発田市,新富町1-1-27,0254-20-3210,平成13年4月1日,医療法人社団　高橋クリニック,高橋　等,0,0,0,0,0,0,0,0,0,0,0,0,0,0,0,0,0,0,0,0,0,1,0,0,0,0,0,0,0,0,0,0,0,0,0,0,0,0,0,,,,,,37.951859,139.338226
80,たかはし脳外科皮フ科医院,957-0056,新発田市,住吉町2-3-17,0254-20-5577,平成19年4月1日,医療法人社団　高橋脳外科皮フ科医院　,高橋　祥,1,0,0,0,0,0,0,0,1,1,0,0,0,0,0,0,0,0,0,0,0,0,0,1,0,0,0,0,0,0,0,0,0,1,0,0,0,0,0,,,,,,37.948418,139.313202
81,田中医院,957-0055,新発田市,諏訪町3-4-6,0254-22-3917,昭和61年12月1日,医療法人社団　田中医院,田中　隆,1,0,0,0,0,0,0,0,0,0,0,0,0,0,0,0,0,0,0,0,0,0,0,0,0,0,0,0,0,0,0,0,0,0,0,0,0,0,0,,,,脳神経内科,,37.942390,139.329330
82,富樫医院,957-0053,新発田市,中央町3-2-11,0254-22-3901,昭和61年12月1日,医療法人社団　富樫医院,冨樫　辰郎,0,0,0,0,0,0,0,0,1,0,0,0,0,0,0,0,0,0,0,0,0,0,0,0,1,0,0,0,0,0,0,0,0,0,0,0,0,0,0,,,,,,37.946934,139.326233
83,特別養護老人ホームコンフィ陽だまり苑診療所,957-0055,新発田市,諏訪町1-10-38,0254-24-1111,平成19年4月5日,社会福祉法人 いじみの福祉会,坂上　仁,1,0,0,0,0,0,0,0,0,0,0,0,0,0,0,0,0,0,0,0,0,0,0,0,0,0,0,0,0,0,0,0,0,0,0,0,0,1,0,,,,,○,37.942837,139.333755
84,特別養護老人ホーム　三の丸　医務室,957-0052,新発田市,大手町4丁目3番4号,0254-20-7200,平成30年2月1日,社会福祉法人　御幸会,須賀　政一,1,0,0,0,0,0,0,0,0,0,0,0,0,0,0,0,0,0,0,0,0,0,0,0,0,0,0,0,0,0,0,0,0,0,0,0,0,0,0,,,,,,37.951492,139.325241
85,特別養護老人ホームしうんじ,957-0232,新発田市,大字真野原外3331-2,0254-41-4700,昭和63年4月1日,社会福祉法人 紫雲寺加治川福祉会,平塚　雅英,1,0,0,0,0,0,0,0,0,0,0,0,0,0,0,0,0,0,0,0,0,0,0,0,0,0,0,0,0,0,0,0,0,0,0,0,0,0,0,,,,,,38.018002,139.318329
86,特別養護老人ホームしばた,959-2503,新発田市,大字下中山246-1,0254-31-2100,平成13年5月10日,社会福祉法人 御幸会,若月　秀光,1,0,0,0,0,0,0,0,0,0,0,0,0,0,0,0,0,0,0,0,0,0,0,0,0,0,0,0,0,0,0,0,0,0,0,0,0,0,0,,,,,,37.992691,139.444641
87,特別養護老人ホーム「豊浦愛宕の園」医務室,959-2311,新発田市,荒町甲1611番地13,0254-20-2211,H.19.4.1,社会福祉法人愛宕福祉会,塩谷　雄二,1,0,0,0,0,0,0,0,0,0,0,0,0,0,0,0,0,0,0,0,0,0,0,0,0,0,0,0,0,0,0,0,0,0,0,0,0,0,0,,,,,,37.936356,139.321854
88,特別養護老人ホームぢりめき医務室,957-0082,新発田市,佐々木字地利目木2610,0254-32-6330,平成30年3月20日,社会福祉法人　大形福祉会,金原　亘,1,0,0,0,0,0,0,0,0,0,0,0,0,0,0,0,0,0,0,0,0,0,0,0,0,0,0,0,0,0,0,0,0,0,0,0,0,0,0,,,,,,37.948875,139.255157
89,特別養護老人ホームつきおかの里医務室,959-2335,新発田市,大字本田壬393-1,0254-32-3925,昭和63年4月1日,社会福祉法人　二王子会,馬場　賢哉,1,0,0,0,0,0,0,0,0,0,0,0,0,0,0,0,0,0,0,0,0,0,0,0,0,0,0,0,0,0,0,0,0,0,0,0,0,0,0,,,,,,37.883087,139.284851
90,特別養護老人ホ―ム 二の丸,959-2452,新発田市,上館520番地1,0254-23-3166,令和5年6月1日,社会福祉法人　二王子会,佐々木　一圭,1,0,0,0,0,0,0,0,0,0,0,0,0,0,0,0,0,0,0,0,0,0,0,0,0,0,0,0,0,0,0,0,0,0,0,0,0,0,0,,,,,,37.970776,139.377319
91,特別養護老人ホーム新発田まごころの里医務室,959-2477,新発田市,下小中山1107番地,0254-33-0377,平成27年3月25日,社会福祉法人真心福祉会,笹川　康夫,1,0,0,0,0,0,0,0,0,0,0,0,0,0,0,0,0,0,0,0,0,0,0,0,0,0,0,0,0,0,0,0,0,0,0,0,0,0,0,,,,,,38.018883,139.380829
92,特別養護老人ホームくるま乃,957-0347,新発田市,大友17番地1,0254-28-7382,平成27年3月25日,社会福祉法人ゆうしん,有田　正知,1,0,0,0,0,0,0,0,0,0,0,0,0,1,0,0,0,0,0,0,0,0,0,0,0,0,0,0,0,0,0,0,0,0,0,0,0,0,0,,,,,,37.920658,139.381424
93,特別養護老人ホームヒルトップ　くしがた,959-2511,新発田市,菅谷3345番地1,0254-31-2121,平成22年9月1日,社会福祉法人御幸会,森内　正名,1,0,0,0,0,0,0,0,0,0,0,0,0,0,0,0,0,0,0,0,0,0,0,0,0,0,0,0,0,0,0,0,0,0,0,0,0,0,0,,,,,,37.984943,139.412430
94,TOPPANｸﾞﾙｰﾌﾟ健康保険組合新潟診療所,957-0021,新発田市,大字五十公野字山崎5270,0254-24-9427,昭和62年1月6日,TOPPANグループ健康保険組合,武田　夏季,1,0,0,0,0,0,0,0,0,0,0,0,0,0,0,0,0,0,0,0,0,0,0,0,1,0,0,0,0,0,0,0,0,0,0,0,0,1,0,,,,,○,37.932732,139.348312
95,富田産科婦人科クリニック,957-0055,新発田市,諏訪町1-2-15,0254-22-1155,昭和61年12月1日,医療法人社団 富田産科婦人科医院,富田　雅俊,0,0,0,0,0,0,0,0,0,0,0,0,1,0,0,0,0,0,0,0,0,0,0,0,0,0,0,0,0,0,0,1,1,0,0,0,0,0,0,15,,15 ,分娩取扱い,,37.944706,139.332809
96,富田耳鼻科クリニック,957-0065,新発田市,舟入町3丁目11番18号7,0254-20-1133,平成31年4月15日,富田　雅彦,富田　雅彦,0,0,0,0,0,0,0,0,0,1,0,0,0,0,0,0,0,0,0,0,0,0,0,0,0,0,0,0,1,0,0,0,0,0,0,0,0,0,0,,,,,,37.957821,139.300735
97,中井さくら園診療所,957-0007,新発田市,小舟町2丁目9番13号,0254-22-4297,平成30年5月1日,下越障害福祉事務組合,有田　正知,0,0,0,0,0,0,0,0,0,0,0,0,0,1,0,0,0,0,0,0,0,0,0,0,0,0,0,0,0,0,0,0,0,0,0,0,0,0,0,,,,,,37.969875,139.323334
98,中川内科医院,957-0052,新発田市,大手町2-1-8,0254-22-4658,平成15年4月1日,中川　巌,中川　巌,1,0,1,0,0,0,0,0,0,0,0,0,0,0,0,0,0,0,0,0,0,0,0,0,0,0,0,0,0,0,0,0,0,0,0,0,0,0,0,,,,,,37.951393,139.322418
99,なかだい整形外科医院,957-0063,新発田市,新栄町2-11-61,0254-21-2255,平成12年4月1日,医療法人社団 なかだい整形外科医院,中臺　寛,0,0,0,0,0,0,0,0,0,0,0,0,0,0,0,0,0,0,0,0,0,0,0,0,1,0,0,0,0,0,0,0,0,1,0,0,0,0,0,,,,,,37.954388,139.299683
100,新潟県新発田保健所,957-8511,新発田市,豊町3-3-2,0254-26-9651,,新潟県,武藤　謙介,0,0,0,0,0,0,0,0,0,0,0,0,0,0,0,0,0,0,0,0,0,0,0,0,0,0,0,0,0,0,0,0,0,0,0,0,0,0,0,,,,,,37.938526,139.340851
101,二王子温泉クリニック,957-0332,新発田市,虎丸452,0254-25-3535,平成28年9月1日,医療法人社団　Ｍ＆Ｂコラボレーション,古賀　良生,1,0,0,0,0,0,0,0,0,0,0,0,0,0,0,0,0,0,0,0,0,0,0,0,1,0,0,1,0,0,0,0,0,0,0,0,0,0,0,,,,,,37.926567,139.445541
102,西新発田クリニック,957-0082,新発田市,佐々木175番地,0254-27-3717,平成24年10月4日,飯塚　正仁,飯塚　正仁,1,0,0,1,0,0,0,0,0,0,0,0,0,0,0,1,0,0,0,0,0,0,0,0,0,0,0,0,0,0,0,0,0,0,0,0,0,0,0,,,,,,37.953068,139.264420
103,西新発田整形外科クリニック,957-0061,新発田市,住吉町4丁目16番16号,0254-26-7070,令和3年11月18日,松﨑　浩德,松﨑　浩德,0,0,0,0,0,0,0,0,0,0,1,0,0,0,0,0,0,0,0,0,0,0,0,0,1,0,0,0,0,0,0,0,0,1,0,0,0,0,0,,,,,,37.942757,139.311295
104,花野内科医院,957-0204,新発田市,稲荷岡2252,0254-41-2138,昭和63年4月1日,花野　政晴,花野　政晴,1,0,0,1,0,0,0,0,0,0,0,0,0,0,0,0,0,0,0,0,0,0,0,0,0,0,0,0,0,0,0,0,0,0,0,0,0,0,0,,,,,,38.018147,139.322800
105,パルcomfy陽だまり苑診療所,957-0052,新発田市,中央町5丁目924番地1,0254-23-1117,平成26年6月30日,社会福祉法人 いじみの福祉会,山田　尚志,1,0,0,1,0,0,0,0,0,0,0,0,0,0,0,0,0,0,0,0,0,0,0,0,0,0,0,0,0,0,0,0,0,0,0,0,0,0,0,,,,,,37.953136,139.331177
106,馬場医院,957-0053,新発田市,中央町3-12-12,0254-22-2964,平成11年4月1日,馬場　賢哉,馬場　賢哉,1,0,0,0,0,0,0,0,0,0,0,0,1,0,0,0,0,0,0,0,0,0,0,0,0,0,0,0,0,0,0,0,0,0,1,0,0,0,0,,,,,,37.949001,139.326233
107,原消化器内科医院,957-0016,新発田市,豊町4-5-1,0254-26-8123,平成25年4月1日,医療法人社団鶴嶺会原消化器内科医院,原　秀範,1,0,0,1,0,0,0,0,0,0,0,0,0,0,0,0,0,0,0,0,0,0,0,0,0,0,0,0,0,0,0,0,0,0,0,0,0,0,0,,,,,,37.940388,139.340271
108,陽だまり苑診療所,957-0356,新発田市,大字岡田1746番地1,0254-20-3800,平成13年4月1日,社会福祉法人 いじみの福祉会,田中　隆,1,0,0,0,0,1,0,0,0,0,0,0,0,0,0,0,0,0,0,0,0,0,0,0,0,0,0,0,0,0,0,0,0,0,0,0,0,0,0,,,,,,37.951862,139.359055
109,皮ふと子ども　ツインスマイルクリニック,957-0055,新発田市,諏訪町1丁目2番11号 ｲｸﾈｽしばたMINTO館2F,0254-28-8777,平成29年8月17日,德力　篤,德力　篤,0,0,0,0,0,0,0,0,1,1,0,0,1,0,0,0,0,0,0,0,0,0,0,0,0,0,0,0,0,0,0,0,0,0,0,0,0,0,0,,,,,,37.944584,139.333893
110,平塚ファミリークリニック,957-0233,新発田市,真野原1719-4,0254-41-0011,平成19年4月1日,平塚　雅英,平塚　雅英,1,0,0,0,0,0,0,0,0,0,0,0,0,0,0,1,0,0,0,0,0,0,0,0,0,0,0,0,0,0,0,0,0,0,0,0,0,0,0,,,,,,37.991730,139.302155
111,松沢医院,957-0054,新発田市,本町2-8-13,0254-22-2880,平成1年8月1日,医療法人社団 松城会,松沢　眞,0,0,0,0,0,0,0,0,0,1,0,0,0,0,0,0,0,0,0,1,0,0,0,0,0,0,0,0,1,0,0,0,0,0,0,0,0,0,0,,,,,,37.951046,139.331833
112,三浦内科医院,957-0063,新発田市,新栄町1丁目6番17号,0254-23-7111,平成10年7月1日,医療法人社団 三浦内科医院,三浦　隆義,1,0,0,1,0,0,0,0,0,0,0,0,0,0,0,0,0,0,0,0,0,0,0,0,0,0,0,0,0,0,0,0,0,0,0,0,0,0,0,,,,,,37.953579,139.299881
113,三日市内科クリニック,959-2453,新発田市,大字三日市605番地1,0254-23-7788,平成21年4月1日,医療法人社団　三日市内科クリニック,佐々木　一圭,1,0,0,0,0,0,0,0,0,0,0,0,0,0,0,0,0,0,0,0,0,0,0,0,0,0,0,0,0,0,0,0,0,0,0,0,0,0,0,,,,胃腸科,,37.964245,139.362595
114,緑町内科・消化器科やまだクリニック,957-0018,新発田市,緑町2丁目16番地9号,0254-26-7177,平成8年4月1日,医療法人社団　緑町内科・消化器科やまだクリニック,山田　尚志,1,0,0,1,0,0,0,0,0,0,0,0,0,0,0,0,0,0,0,0,0,0,0,0,0,0,0,0,0,0,0,0,0,0,0,0,0,0,0,,,,,,37.960632,139.332748
115,みゆき町内科クリニック,957-0057,新発田市,御幸町4-6-2,0254-28-7901,平成28年5月1日,医療法人　若生会,若生　康一,1,0,0,0,0,0,0,0,0,0,0,0,0,0,0,1,0,0,0,0,0,1,0,0,0,0,0,0,0,0,0,0,0,0,0,0,0,0,0,,,,,,37.942505,139.316284
116,山崎皮膚科医院,957-0052,新発田市,大手町1丁目13-8,0254-26-3533,平成2年4月14日,山崎　龍彦,山崎　龍彦,0,0,0,0,0,0,0,0,1,0,0,0,0,0,0,0,0,0,0,0,0,0,0,0,0,0,0,0,0,0,0,0,0,0,0,0,0,0,0,,,,,,37.951008,139.324753
117,養護老人ホ―ムあやめ寮,957-0016,新発田市,豊町3-10-3,0254-24-1581,令和2年4月1日,下越福祉行政組合,田中　隆,1,0,0,0,0,0,0,0,0,0,0,0,0,0,0,0,0,0,0,0,0,0,0,0,0,0,0,0,0,0,0,0,0,0,0,0,0,0,0,,,,,,37.935898,139.338959
118,陸上自衛隊新発田駐屯地医務室,957-0052,新発田市,大手町6-4-16,0254-22-3151,昭和62年3月16日,防衛庁,村井　良太,1,0,0,0,0,0,0,0,0,0,0,0,0,0,0,1,0,0,0,0,0,0,0,0,0,0,0,0,0,0,0,0,0,0,0,0,0,1,0,5,,5 ,,○,37.955433,139.322327
119,若桑クリニック,957-0062,新発田市,富塚町1-15-9,0254-22-5700,平成15年12月18日,若桑　正一,若桑　正一,1,0,0,0,0,0,0,0,1,0,0,0,0,0,0,1,0,0,0,0,0,0,1,0,0,0,0,0,0,0,0,0,0,0,0,1,0,0,0,,,,胃腸科,,37.834469,139.225952
120,渡部整形外科,957-0018,新発田市,緑町3丁目3番2号,0254-28-6363,平成24年10月1日,医療法人社団渡部整形外科,渡部　憲一,0,0,0,0,0,0,0,0,0,0,0,0,0,0,0,0,0,0,0,0,0,0,0,0,1,0,0,0,0,0,0,0,0,0,0,0,0,0,0,,,,,,37.832108,139.218765
121,阿賀野市水原保健センター診療所,959-2025,阿賀野市,岡山町10-15,0250-62-2510,平成16年4月1日,阿賀野市,（巡回診療）,0,0,0,0,0,0,0,0,0,0,0,0,0,0,0,0,0,0,0,0,0,0,0,0,0,0,0,0,0,0,0,0,0,0,0,0,0,0,0,,,,,,37.834339,139.226776
122,あがの八雲診療所,959-2221,阿賀野市,保田5685-1,0250-68-1722,H.19.9.1,社会福祉法人阿賀野福祉会,佐藤　達哉,1,0,0,0,0,1,0,0,0,0,0,0,0,0,0,0,0,0,0,0,0,0,0,0,0,0,0,0,0,0,0,0,0,0,0,0,0,0,0,,,,,,37.769493,139.225571
123,うえき内科クリニック,959-2025,阿賀野市,岡山町4-6,0250-61-2200,平成1年12月1日,植木　一弥,植木　一弥,1,0,0,1,0,0,0,0,0,0,0,0,0,0,0,0,0,0,0,0,0,0,0,0,0,0,0,0,0,0,0,0,0,0,0,0,0,0,0,,,,,,37.835011,139.223389
124,うちだ内科医院,959-2062,阿賀野市,市野山192-3,0250-61-2020,平成23年4月11日,内田　守昭,内田　守昭,1,0,0,1,0,0,0,0,0,0,0,0,0,0,0,0,0,0,0,0,0,0,0,0,0,0,0,0,0,0,0,0,0,0,0,0,0,0,0,,,,内視鏡内科,,37.822063,139.224503
125,恩田整形外科医院,959-2031,阿賀野市,金田町95-1,0250-62-0515,昭和63年4月1日,医療法人社団　恩田整形外科医院,恩田　直明,0,0,0,0,0,0,0,0,0,0,0,0,0,0,0,0,0,0,0,0,0,0,0,0,1,0,0,0,0,0,0,0,0,1,0,0,0,0,0,18,,18 ,,,37.829475,139.229660
126,京ヶ瀬診療所,959-2112,阿賀野市,曽郷1011番地1,0250-67-4356,平成10年12月1日,医療法人社団　京ヶ瀬診療所,島田　克巳,1,1,0,1,0,0,0,0,0,0,0,0,0,0,0,0,0,0,0,0,0,0,0,0,0,0,0,0,0,0,0,0,0,0,0,0,0,0,0,,,,,,37.843796,139.186783
127,佐藤眼科医院,959-2021,阿賀野市,中央町2-12-28,0250-63-2660,昭和62年8月1日,医療法人社団　佐藤眼科医院,佐藤　健二,0,0,0,0,0,0,0,0,0,0,0,0,0,0,0,0,0,0,0,0,0,0,0,0,0,0,0,1,0,0,0,0,0,0,0,0,0,0,0,,,,,,37.838966,139.222977
128,身体障害者療護施設宝珠苑,959-2221,阿賀野市,保田字中山5683-23,0250-68-1511,平成9年10月28日,社会福祉法人　阿賀北総合福祉協会,横関　明男,1,0,0,0,0,1,0,0,0,0,0,0,0,0,0,0,0,0,0,0,0,0,0,0,0,0,0,0,0,0,0,0,0,0,0,0,0,0,0,,,,,,37.769493,139.225571
129,田中皮膚科医院,959-2062,阿賀野市,市野山191-3,0250-63-2222,平成18年6月2日,医療法人　翠正会,田中　正明,0,0,0,0,0,0,0,0,1,1,0,0,0,0,0,0,0,0,0,0,0,0,0,0,0,0,0,0,0,0,0,0,0,0,0,0,0,0,0,,,,,,37.822063,139.224503
130,特別養護老人ホーム　かがやき苑　診療所,959-2205,阿賀野市,寺社甲3848-212,0250-68-7770,平成27年10月1日,社会福祉法人　かがやき福祉会,齋藤　徹,1,0,0,0,0,0,0,0,0,0,0,0,0,0,0,0,0,0,0,0,0,0,0,0,0,0,0,0,0,0,0,0,0,0,0,0,0,0,0,,,,,,37.786777,139.231461
131,特別養護老人ホームコスモスの里診療所,959-2122,阿賀野市,飯森杉437-2,0250-67-9065,平成1年12月1日,社会福祉法人　阿賀北総合福祉協会,片桐　敦子,1,1,0,1,0,0,0,0,0,0,0,0,0,0,0,0,0,0,0,0,0,0,0,0,0,0,0,0,0,0,0,0,0,0,0,0,0,0,0,,,,,,37.837891,139.188492
132,特別養護老人ホームシンパシー,959-2004,阿賀野市,南安野町8番20号,0250-62-9180,平成22年10月1日,社会福祉法人　飛翔福祉会,栗田　聡,1,0,0,0,0,0,0,0,0,0,0,0,0,0,0,0,0,0,0,0,0,0,0,0,0,0,0,0,0,0,0,0,0,0,0,0,0,0,0,,,,,,37.836098,139.211838
133,特別養護老人ホーム白鳥荘診療所,959-2034,阿賀野市,百津88番地,0250-62-0333,平成21年4月1日,社会福祉法人　阿賀北総合福祉協会,片桐　敦子,1,0,0,0,0,0,0,0,0,0,0,0,0,0,0,0,0,0,0,0,0,0,0,0,0,0,0,0,0,0,0,0,0,0,0,0,0,0,0,,,,,,37.827366,139.212845
134,特別養護老人ホームはぐろの里　診療所,959-1924,阿賀野市,畑江字原333-7,0250-63-9871,平成6年4月1日,社会福祉法人　阿賀北総合福祉協会,廣瀬　慎太郎,1,0,0,0,0,0,0,0,0,0,0,0,0,0,0,0,0,0,0,0,0,0,0,0,0,0,0,0,0,0,0,0,1,0,0,0,0,0,0,,,,,,37.823559,139.303909
135,特別養護老人ホーム　やすだの里,959-2221,阿賀野市,保田字中山5683-23,0250-68-1510,平成9年10月28日,社会福祉法人　阿賀北総合福祉協会,佐藤　達哉,1,0,0,0,0,1,0,0,0,0,0,0,0,0,0,0,0,0,0,0,0,0,0,0,0,0,0,0,0,0,0,0,0,0,0,0,0,0,0,,,,,,37.769493,139.225571
136,ながい眼科クリニック,959-2062,阿賀野市,市野山191-1,0250-47-4475,平成28年4月1日,医療法人社団　GNK,長井　慎吾,0,0,0,0,0,0,0,0,0,0,0,0,0,0,0,0,0,0,0,0,0,0,0,0,0,0,0,1,0,0,0,0,0,0,0,0,0,0,0,,,,,,37.822063,139.224503
137,永田医院,959-1919,阿賀野市,山崎340,0250-62-2412,平成29年9月1日,永田　邦夫,永田　邦夫,1,0,0,0,0,0,0,0,0,0,0,0,0,0,0,0,0,0,0,0,0,0,0,0,0,0,0,0,0,0,0,0,0,0,0,0,0,0,0,,,,,,37.839710,139.268524
138,本田脳神経外科クリニック,959-2026,阿賀野市,下条町13番12号,0250-63-1111,平成27年4月1日,医療法人社団　本田脳神経外科クリニック,本田　吉穂,1,0,0,0,0,1,0,0,0,0,0,0,0,0,0,0,0,0,0,0,0,0,0,1,0,0,0,0,0,0,0,0,0,0,0,0,0,0,0,,,,,,37.835461,139.219360
139,安田診療所,959-2221,阿賀野市,保田1756-1,0250-68-2148,平成16年4月1日,医療法人社団　安田診療所,斎藤　徹,1,1,1,1,0,0,0,0,0,0,0,0,0,0,0,0,0,0,0,0,0,0,0,0,0,0,0,0,0,0,0,0,0,0,0,0,0,0,0,,,,,,37.773476,139.234467
140,やまざき小児科,959-2025,阿賀野市,岡山町7番12号,0250-62-8500,平成24年9月1日,医療法人社団　山﨑医院,山崎　恒,0,0,0,0,0,0,0,0,0,1,0,0,1,0,0,0,0,0,0,0,0,0,0,0,0,0,0,0,0,0,0,0,0,0,0,0,0,0,0,,,,,,38.059719,139.410294
141,わだ耳鼻咽喉科クリニック,959-2026,阿賀野市,下条町13-11,0250-63-1212,平成27年9月1日,医療法人社団　真和会,和田　匡史,0,0,0,0,0,0,0,0,0,1,0,0,0,0,0,0,0,0,0,0,0,0,0,0,0,0,0,0,1,0,0,0,0,0,0,0,0,0,0,,,,,,38.072781,139.461929
142,小野耳鼻科医院,959-2644,胎内市,大川町15番10号,0254-44-3387,平成25年4月1日,小野　茂樹,小野　茂樹,0,0,0,0,0,0,0,0,0,0,0,0,0,0,0,0,0,0,0,0,0,0,0,0,0,0,0,0,1,0,0,0,0,0,0,0,0,0,0,,,,,,38.051773,139.407120
143,㈱クラレ新潟事業所医務室,959-2653,胎内市,倉敷町2-28,0254-43-2521,平成1年12月1日,株式会社クラレ新潟事業所,渡邉　和夫,1,0,0,0,0,0,0,0,0,0,0,0,0,0,0,1,0,0,0,0,0,0,0,0,0,0,0,0,0,0,0,0,0,0,0,0,0,0,0,,,,,,38.066029,139.405426
144,坂上医院,959-2645,胎内市,本町3-29,0254-43-2052,昭和63年4月1日,医療法人社団　坂上医院,坂上　敏文,1,0,0,1,0,0,0,0,0,0,0,0,1,0,0,0,0,0,0,0,0,0,0,0,0,0,0,0,0,0,0,0,0,0,0,0,0,0,0,,,,,,38.051872,139.403351
145,鈴木医院,959-2614,胎内市,大字平木田1506,0254-46-2430,昭和62年8月1日,鈴木　雄,鈴木　雄,1,0,0,1,0,0,0,0,0,0,0,0,0,0,0,0,0,0,0,0,0,0,0,0,0,0,0,0,0,0,0,0,0,0,0,0,0,0,0,,,,,,38.091843,139.430664
146,相馬医院,959-2712,胎内市,築地1855,0254-45-2027,昭和61年12月1日,相馬　隆,相馬　隆,1,0,0,0,0,0,0,0,0,0,0,0,1,0,0,0,0,0,0,0,0,0,0,0,0,0,0,0,0,0,0,0,0,0,0,0,0,0,0,,,,,,38.061394,139.360123
147,胎内市巡回診療所,959-2642,胎内市,新和町2番10号,0254-44-8680,平成17年9月1日,胎内市,（巡回診療）,0,0,0,0,0,0,0,0,0,0,0,0,0,0,0,0,0,0,0,0,0,0,0,0,0,0,0,0,0,0,0,0,0,0,0,0,0,0,0,,,,,,38.059074,139.410278
148,胎内やすらぎの家診療所,959-2823,胎内市,熱田坂字長崎野881番地86,0254-48-3134,平成1年12月1日,社会福祉法人　愛光会,千野　早苗,1,0,0,0,0,0,0,0,0,0,0,0,0,0,0,0,0,0,0,0,0,0,0,0,0,0,0,0,0,0,0,0,0,0,0,0,0,0,0,,,,,,38.027847,139.479675
149,丹呉医院,959-2659,胎内市,あかね町26番25号,0254-43-7100,平成23年9月12日,丹呉　益夫,丹呉　益夫,1,0,0,0,0,0,0,0,0,0,0,0,0,0,0,0,0,0,0,0,0,0,0,0,0,0,0,0,0,0,0,0,0,0,0,0,0,0,0,,,,,,38.055901,139.394577
150,地域密着型特別養護老人ホームりんどう診療所,959-2805,胎内市,下館1523番地,0254-47-2222,平成27年4月29日,社会福祉法人　くろかわ福祉会,吉田　潤子,1,0,0,0,0,0,0,0,0,0,0,0,0,0,0,0,0,0,0,0,0,0,0,0,0,0,0,0,0,0,0,0,0,0,0,0,0,0,0,,,,,,38.072781,139.461929
151,ちの泌尿器科・内科医院,959-2643,胎内市,東本町22-10-3,0254-43-6131,平成17年2月1日,千野　健志,千野　健志,1,0,0,0,0,0,0,0,1,0,0,0,1,0,0,0,0,0,0,0,0,1,0,0,0,0,0,0,0,0,0,0,0,0,0,0,0,0,0,,,,,,38.058048,139.413010
152,時田医院,959-2602,胎内市,大字乙1177,0254-46-2216,平成8年4月1日,医療法人社団　時田医院,時田　亮,1,0,0,0,0,0,0,0,0,0,0,0,0,0,0,0,0,0,0,0,0,0,0,0,0,0,0,0,0,0,0,0,0,0,0,0,0,0,0,,,,,,38.117428,139.403732
153,特別養護老人ホーム胎内まごころの里医務室,959-2712,胎内市,築地3715番地3,0254-28-8666,平成24年10月1日,社会福祉法人　真心福祉会,花野　伸一,1,0,0,0,0,0,0,0,0,0,0,0,0,0,0,0,0,0,0,0,0,0,0,0,0,0,0,0,0,0,0,0,0,0,0,0,0,0,0,,,,,,38.050083,139.342621
154,特別養護老人ホーム胎内まごころの里きのと　医務室,959-2604,胎内市,大出730番地1,0254-27-0556,平成27年5月1日,社会福祉法人　真心福祉会,時田　亮,1,0,0,0,0,0,0,0,0,0,0,0,0,0,0,0,0,0,0,0,0,0,0,0,0,0,0,0,0,0,0,0,0,0,0,0,0,0,0,,,,,,38.102158,139.393188
155,特別養護老人ホーム　とっさか,959-2656,胎内市,西本町286-3,0254-44-8588,平成1年10月1日,社会福祉法人　二王子会,堀川　誠也,1,0,0,0,0,0,0,0,0,0,0,0,0,0,0,0,0,0,0,0,0,0,0,0,0,0,0,0,0,0,0,0,0,0,0,0,0,0,0,,,,,,38.052341,139.396591
156,中条駅前じゅん耳鼻科,959-2631,胎内市,表町6-17-8,0254-39-1155,平成28年9月1日,医療法人社団　順風会,渡邉　順,0,0,0,0,0,0,0,0,0,1,0,0,0,0,0,0,0,0,0,0,0,0,0,0,0,0,0,0,1,0,0,0,0,0,0,0,0,0,0,,,,,,38.049789,139.398575
157,中条地区休日診療所,959-2656,胎内市,西本町11番11号,0254-43-3700,令和2年4月1日,下越福祉行政組合,渡邊　順,1,0,0,0,0,0,0,0,0,0,0,0,1,0,0,0,0,0,0,0,0,0,0,0,0,0,0,0,0,0,0,0,0,0,0,0,0,0,0,,,,,,38.052368,139.395615
158,野々村眼科医院,959-2646,胎内市,西栄町5-24,0254-44-8400,昭和47年3月20日,医療法人社団　野々村眼科医院,野々村　正博,0,0,0,0,0,0,0,0,0,0,0,0,0,0,0,0,0,0,0,0,0,0,0,0,0,0,0,1,0,0,0,0,0,0,0,0,0,0,0,,,,,,38.052288,139.399765
159,橋本医院,959-2643,胎内市,東本町21-56,0254-43-2338,昭和51年11月1日,医療法人社団　橋本医院,橋本　敏之,1,0,0,0,0,0,0,0,0,0,0,0,1,0,0,0,0,0,0,0,0,0,0,0,0,0,0,0,0,0,0,0,0,0,0,0,0,0,0,,,,胃腸科,,38.057140,139.412720
160,はなの医院,959-2712,胎内市,築地1851,0254-45-2008,平成19年12月1日,花野　伸一,花野　伸一,1,0,0,1,0,0,0,0,0,0,0,0,0,0,0,0,0,0,0,0,0,0,0,0,0,0,0,0,0,0,0,0,0,0,0,0,0,0,0,,,,胃腸科,,38.050083,139.342621
161,ひまわり荘診療所,959-2804,胎内市,塩沢279番地,0254-47-3100,昭和63年4月1日,下越福祉行政組合,千野　早苗,1,0,0,0,0,0,0,0,0,0,0,0,0,1,0,0,0,0,0,0,0,0,0,0,0,0,0,0,0,0,0,0,0,0,0,0,0,0,0,,,,,,38.082115,139.445969
162,ひらの整形外科医院,959-2644,胎内市,大川町15-11,0254-39-1010,平成16年10月1日,医療法人社団　ひらの整形外科医院,平野　明,0,0,0,0,0,0,0,0,0,0,0,0,0,0,0,0,0,0,0,0,0,0,0,0,1,0,0,0,0,0,0,0,0,1,0,0,0,0,0,,,,,,38.051739,139.407227
163,養護老人ホームひめさゆり診療所,959-2805,胎内市,下館820番地2,0254-26-1501,令和2年4月1日,下越福祉行政組合,吉田　潤子,1,0,0,0,0,0,0,0,0,0,0,0,0,0,0,0,0,0,0,0,0,0,0,0,0,0,0,0,0,0,0,0,0,0,0,0,0,0,0,,,,,,37.974442,139.274460
164,わたなべ医院,959-2632,胎内市,新栄町2-37,0254-43-5955,昭和62年4月1日,医療法人社団　わたなべ医院,渡邉　和夫,1,0,0,0,0,0,0,0,0,0,0,0,0,0,0,1,0,0,0,0,0,0,0,0,0,0,0,0,0,0,0,0,0,0,0,0,0,0,0,,,,胃腸科,,37.974442,139.274460
165,アルビレックス新潟診療所,957-0101,聖籠町,東港5-914-2,025-257-5811,平成27年4月1日,㈱アルビレックス新潟,渡辺　聡,0,0,0,0,0,0,0,0,0,0,0,0,0,0,0,0,0,0,0,0,0,0,0,0,1,0,0,0,0,0,0,0,0,0,0,0,0,0,0,,,,,,37.987370,139.248413
166,佐久間医院,957-0117,聖籠町,諏訪山1605-2,0254-27-3901,S50.8,医療法人社団　明和会,佐久間　淳,1,0,0,0,0,0,0,0,1,0,0,0,1,0,0,0,0,0,0,0,0,0,0,0,0,0,0,0,0,0,0,0,0,0,0,0,0,0,0,,,,,,37.974323,139.275314
167,聖籠町国民健康保険診療所,957-0117,聖籠町,大字諏訪山825,0254-27-1234,昭和63年4月1日,聖籠町,丸山　貴弘,1,0,0,0,0,0,0,0,0,0,0,0,0,0,0,0,0,0,0,0,0,0,0,0,0,0,0,0,0,0,0,0,0,0,0,0,0,0,0,,,,,,37.972088,139.282837
168,聖籠町保健福祉センター,957-0117,聖籠町,大字諏訪山825,0254-27-6511,令和3年9月16日,聖籠町,丸山　貴弘,0,0,0,0,0,0,0,0,0,0,0,0,0,0,0,0,0,0,0,0,0,0,0,0,0,0,0,0,0,0,0,0,0,0,0,0,0,0,0,,,,,,37.972088,139.282837
169,特別養護老人ホームはすがた園,957-0106,聖籠町,大字蓮潟2249,0254-27-7060,平成30年5月1日,社会福祉法人　聖籠福祉会,斎藤　忠雄,1,0,0,0,0,0,0,0,0,0,0,0,0,0,0,0,0,0,0,0,0,0,0,0,0,0,0,0,0,0,0,0,0,0,0,0,0,0,0,,,,,,37.979141,139.265976
170,特別養護老人ホーム聖籠まごころの里医務室,957-0105,聖籠町,次第浜5298番地,0254-27-0808,平成26年7月1日,社会福祉法人　真心福祉会,花野　政晴,1,0,0,0,0,0,0,0,0,0,0,0,0,0,0,0,0,0,0,0,0,0,0,0,0,0,0,0,0,0,0,0,0,0,0,0,0,0,0,,,,,,37.947952,139.327103
171,日本海ｴﾙ･ｴﾇ･ｼﾞｰ（株）健康管理室,957-0101,聖籠町,東港1-1612-32,025-256-2131,昭和62年8月1日,日本海エル・エヌ・ジー㈱,堀　知行,1,0,0,0,0,0,0,0,0,0,0,0,0,0,0,0,0,0,0,0,0,0,0,0,0,0,0,0,0,0,0,0,0,0,0,0,0,0,0,,,,,,37.882675,139.259796
172,陽だまり苑ふぇりあ診療所,957-0062,新発田市,富塚町2-4-13,0254-20-8283,令和4年3月1日,社会福祉法人 いじみの福祉会,馬場　幸,1,0,0,0,0,0,0,0,0,0,0,0,0,0,0,0,0,0,0,0,0,0,0,0,0,0,0,0,0,0,0,0,0,0,0,0,0,0,0,,,,,,37.834469,139.225952
173,内科・循環器内科かねこ医院,959-2004,阿賀野市,南安野町5番15号,0250-47-3297,令和7年8月1日,金子　順二,金子　順二,1,0,1,0,0,0,0,0,0,0,0,0,0,0,0,0,0,0,0,0,0,0,0,0,0,0,0,0,0,0,0,0,0,0,0,0,0,0,0,,,,,,37.677025,139.149475
174,ふじい整形外科,959-2036,阿賀野市,若葉町1402-1,0250-63-0001,令和8年3月1日,藤井　俊英,藤井　俊英,0,0,0,0,0,0,0,0,0,0,0,0,0,0,0,0,0,0,0,0,0,0,0,0,1,0,0,0,0,0,0,0,0,1,0,0,0,0,0,,,,,,37.744495,139.182587
175,五泉市保健センター,959-1825,五泉市,太田438-1,0250-43-3911,平成18年1月1日,五泉市長,歌川 祐二,1,0,0,0,0,0,0,0,0,0,0,0,0,0,0,0,0,0,0,0,0,0,0,0,0,0,0,0,0,0,0,0,0,0,0,0,0,0,0,,,,,○,37.745564,139.182877
176,篠川内科医院,959-1865,五泉市,本町6-2-33,0250-42-2319,昭和59年9月1日,篠川智,篠川 智,1,0,0,0,0,0,0,0,0,0,0,0,0,0,0,0,0,0,0,0,0,0,0,0,0,0,0,0,0,0,0,0,0,0,0,0,0,0,0,,,,,,37.744732,139.175964
177,いずみの里医務室,959-1632,五泉市,中川新1498,0250-47-2213,昭和61年12月2日,社会福祉法人　中東福祉会,田覚　健一,1,0,0,0,0,0,0,0,0,0,0,0,0,0,0,0,0,0,0,0,0,0,0,0,0,0,0,0,0,0,0,0,0,0,0,0,0,0,0,,,,,,37.709991,139.229935
178,第二いずみの里医務室,959-1632,五泉市,中川新1498,0250-47-2280,平成18年3月31日,社会福祉法人　中東福祉会,小山 隆,1,0,0,0,0,0,0,0,0,0,0,0,0,0,0,0,0,0,0,0,0,0,0,0,0,0,0,0,0,0,0,0,0,0,0,0,0,0,0,,,,,,37.709991,139.229935
179,佐野眼科医院,959-1836,五泉市,南本町1-5-3,0250-43-7755,平成1年8月1日,医療法人社団　佐野眼科医院,佐野 友紀,0,0,0,0,0,0,0,0,0,0,0,0,0,0,0,0,0,0,0,0,0,0,0,0,0,0,0,1,0,0,0,0,0,0,0,0,0,0,0,,,,,,37.733639,139.176666
180,たかうち医院,959-1821,五泉市,赤海2-6-2,0250-43-6222,平成1年9月6日,医療法人社団　たかうち医院,高内 則夫,1,0,0,0,0,0,0,0,0,0,0,0,1,0,0,0,0,0,0,0,0,0,0,0,0,0,0,0,0,0,1,0,0,0,0,0,0,0,0,,,,,,37.734924,139.193649
181,五泉六島クリニック,959-1811,五泉市,三本木2丁目8番14号,0250-43-6233,平成3年4月1日,医療法人社団六泉会五泉六島クリニック,木村 勝哉,1,0,0,0,0,0,0,0,0,0,0,0,1,0,0,0,0,0,0,0,0,0,0,0,0,0,0,0,0,0,0,0,0,0,1,0,0,0,0,,,,,,37.753780,139.173019
182,渡辺内科,959-1824,五泉市,吉沢1-9-19,0250-43-6860,平成4年4月1日,医療法人社団　渡辺内科,渡辺 裕,1,0,0,1,0,0,0,0,0,0,0,0,1,0,0,0,0,0,0,0,0,0,0,0,0,0,0,0,0,0,0,0,0,0,0,0,0,0,0,,,,,,37.737995,139.180161
183,五十嵐整形外科・歯科,959-1836,五泉市,南本町3-948-1,0250-43-3000,平成6年4月1日,医療法人社団　五十嵐整形外科,五十嵐 昌則,0,0,0,0,0,0,0,0,0,0,0,0,0,0,0,0,0,0,0,0,0,0,0,0,1,0,0,0,0,0,0,0,0,1,0,0,0,0,0,,,,,○,37.730721,139.177338
184,特別養護老人ホーム　菅名の里,959-1614,五泉市,馬下1814-19,0250-47-1080,平成6年4月1日,社会福祉法人　中東福祉会,歌川　祐二,1,0,0,0,0,0,0,0,0,0,0,0,0,0,0,0,0,0,0,0,0,0,0,0,0,0,0,0,0,0,0,0,0,0,0,0,0,0,0,,,,,,37.730030,139.269470
185,佐藤医院,959-1865,五泉市,本町3-2-30,0250-43-2100,平成6年5月1日,医療法人社団　佐藤医院,佐藤 泰,1,0,0,1,0,0,0,0,0,0,0,0,0,0,0,1,0,0,0,0,0,0,0,0,0,0,0,0,0,0,0,0,0,0,0,0,0,0,0,,,,,,37.740700,139.175934
186,特別養護老人ホーム　すもとの里,959-1604,五泉市,論瀬5975-12,0250-43-5107,平成11年4月1日,社会福祉法人　ごせん福祉会,木村 勝哉,1,0,0,0,0,0,0,0,0,0,0,0,0,0,0,0,0,0,0,0,0,0,0,0,0,0,0,0,0,0,0,0,0,0,0,0,0,0,0,,,,,,37.746986,139.204636
187,やまむら整形外科医院,959-1825,五泉市,太田2丁目2番14号,0250-41-0555,平成12年4月1日,山村倉一郎,山村 倉一郎,0,0,0,0,0,0,0,0,0,0,0,0,0,0,0,0,0,0,0,0,0,0,0,0,1,0,0,0,0,0,0,0,0,1,0,0,0,0,0,,,,,,37.742878,139.185760
188,北五泉クリニック,959-1811,五泉市,三本木3042-2,0250-43-3880,平成17年4月18日,医療法人社団　順祐会,田覚　健一,1,0,0,1,0,0,0,0,0,0,0,0,1,0,0,0,0,0,0,0,0,0,0,0,0,0,0,0,0,0,0,0,0,1,0,0,0,0,0,,,,,,37.754307,139.184174
189,養護老人ホーム　桜花寮診療所,959-1765,五泉市,愛宕甲7203,0250-58-6315,昭和32年8月1日,さくら福祉保健事務組合,佐藤　隆之,1,0,0,0,0,0,0,0,0,0,0,0,0,0,0,0,0,0,0,0,0,0,0,0,0,0,0,0,0,0,0,0,0,0,0,0,0,0,0,,,,,,37.688580,139.193985
190,特別養護老人ホーム　愛松園診療所,959-1766,五泉市,番坂新174-2,0250-58-5725,昭和53年9月1日,さくら福祉保健事務組合,小野塚　豊,1,0,0,0,0,0,0,0,0,0,0,0,0,0,0,0,0,0,0,0,0,0,0,0,0,0,0,0,0,0,0,0,0,0,0,0,0,0,0,,,,,,37.683102,139.193954
191,石曾根医院,959-1701,五泉市,石曽根7990,0250-58-6335,昭和61年12月1日,医療法人社団　石曽根医院,金子　洋,1,0,0,0,0,0,0,0,0,0,0,0,0,0,0,0,0,0,0,0,0,0,0,0,0,0,0,0,0,0,0,0,0,0,0,0,0,0,0,,,,,,37.696278,139.184601
192,梁取医院,959-1705,五泉市,村松乙655-1,0250-58-6809,平成1年4月1日,医療法人社団　梁取医院,塚野　絵美子,1,0,0,1,0,0,0,0,0,0,0,0,0,0,0,0,0,0,0,0,0,0,0,0,0,0,0,0,0,0,0,0,0,0,0,0,0,0,0,,,,,,37.690784,139.167587
193,金子医院,959-1704,五泉市,村松甲1772,0250-58-6073,平成1年10月1日,医療法人社団　金子医院,金子 義伸,1,0,1,0,0,0,0,0,0,0,0,0,1,0,0,0,0,0,0,0,0,0,0,0,0,0,0,0,0,0,0,0,0,0,0,0,0,0,0,,,,,,37.684532,139.172745
194,五泉市村松保健センター,959-1705,五泉市,村松乙116-1,0250-58-8811,平成18年1月1日,五泉市長,金子 義伸 ,1,0,0,0,0,0,0,0,0,0,0,0,0,0,0,0,0,0,0,0,0,0,0,0,0,0,0,0,0,0,0,0,0,0,0,0,0,0,0,,,,,○,37.690784,139.167587
195,特別養護老人ホーム山王苑,959-1707,五泉市,村松203-1,0250-58-8989,平成17年9月1日,社会福祉法人　茨塚福祉会,金子 義伸,1,0,0,0,0,0,0,0,0,0,0,0,0,0,0,0,0,0,0,0,0,0,0,0,0,0,0,0,0,0,0,0,0,0,0,0,0,0,0,,,,,,37.687382,139.178986
196,社会福祉法人中東福祉会特別養護老人ホームうずらはし医務室,959-1848,五泉市,橋田丙497-2,0250-48-5900,平成20年4月1日,社会福祉法人　中東福祉会,田覚　健一,1,0,0,0,0,0,0,0,0,0,0,0,0,0,0,0,0,0,0,0,0,0,0,0,0,0,0,0,0,0,0,0,0,0,0,0,0,0,0,,,,,,37.728642,139.136307
197,大日方医院,959-1837,五泉市,寺沢3丁目2-1,0250-48-5151,平成23年10月1日,医療法人社団大泉会大日方医院,大日方　一夫,1,0,0,1,0,0,0,0,0,0,0,0,0,0,0,1,0,0,0,0,0,0,1,0,0,0,0,0,0,0,0,0,0,1,0,0,0,0,0,,,,,,37.732117,139.182709
198,五泉市東蒲原郡医師会夜間診療所,959-1865,五泉市,本町1丁目5-18,0250-25-7878(0250-41-0611),平成25年11月18日,社団法人　五泉市東蒲原郡医師会,佐藤　泰,1,0,0,0,0,0,0,0,0,0,0,0,1,0,0,0,0,0,0,0,0,0,0,0,0,0,0,0,0,0,0,0,0,0,0,0,0,0,0,,,,,,37.736721,139.177063
199,たけだ内科クリニック,959-1707,五泉市,村松1288-1,0250-58-2113,平成21年11月1日,医療法人　たけだ内科クリニック,武田　康男,1,0,1,1,0,0,0,0,0,0,0,0,1,0,0,0,0,0,0,0,0,0,0,0,0,0,0,0,0,0,0,0,0,0,0,0,0,0,0,,,,,,37.687382,139.178986
200,わたべこどもクリニック,959-1825,五泉市,太田975-1,0250-41-0811,平成22年6月1日,医療法人　わたべこどもクリニック,渡部　雄一,0,0,0,0,0,0,0,0,0,1,0,0,1,0,0,0,0,0,0,0,0,0,0,0,0,0,0,0,0,0,0,0,0,0,0,0,0,0,0,,,,,,37.746193,139.186768
201,特別養護老人ホームまおろしの郷医務室,959-1614,五泉市,馬下1429,0250-47-1070,平成22年6月14日,社会福祉法人　中東福祉会,田覚　健一,1,0,0,0,0,0,0,0,0,0,0,0,0,0,0,0,0,0,0,0,0,0,0,0,0,0,0,0,0,0,0,0,0,0,0,0,0,0,0,,,,,,37.728031,139.270294
202,社会福祉法人厚志会結の里医務室,959-1833,五泉市,五十嵐新田855-1,0250-42-6000,平成24年6月1日,社会福祉法人厚志会理事長　小山直子,木村 勝哉,1,0,0,0,0,0,0,0,0,0,0,0,0,0,0,0,0,0,0,0,0,0,0,0,1,0,0,0,0,0,0,0,0,0,0,0,0,0,0,,,,,,37.734680,139.196167
203,中谷医院,959-1825,五泉市,太田2-6-39,0250-47-7741,平成25年2月12日,中谷　尚登,中谷　尚登,1,0,0,1,0,0,0,0,0,0,0,0,0,0,0,0,0,0,0,0,0,0,0,0,0,0,0,0,0,0,0,0,1,0,0,0,0,0,0,,,,,,37.742493,139.189636
204,特別養護老人ホーム帛の郷,959-1865,五泉市,本町6丁目7-7,0250-47-4300,平成26年4月1日,社会福祉法人中東福祉会理事長　伊藤苗,中谷　尚登,1,0,0,0,0,0,0,0,0,0,0,0,0,0,0,0,0,0,0,0,0,0,0,0,0,0,0,0,0,0,0,0,0,0,0,0,0,0,0,,,,,,37.746033,139.176743
205,ひろせ内科クリ二ック,959-1863,五泉市,東本町2丁目9-6,0250-47-8890,平成26年8月1日,廣瀬慎太郎,廣瀬 慎太郎,1,0,0,0,1,0,0,0,0,0,1,0,0,0,0,0,0,0,0,0,0,0,0,0,0,0,0,0,0,0,0,0,0,0,0,0,0,0,0,,,,,,37.602516,139.522614
206,特別養護老人ホームみどりの園,959-1704,五泉市,村松甲5551番地1,0250-47-5700,平成27年4月1日,社会福祉法人みどり心育会理事長　野崎和久,金子　洋,1,0,0,0,0,0,0,0,0,0,0,0,0,0,0,0,0,0,0,0,0,0,0,0,0,0,0,0,0,0,0,0,0,0,0,0,0,0,0,,,,,,37.675606,139.458771
207,特別養護老人ホーム東蒲の里,959-4402,阿賀町,津川207-1,0254-92-3367,平成4年4月1日,社会福祉法人　東蒲原福祉会,清野　洋,1,0,0,0,0,0,0,0,0,0,0,0,0,0,0,0,0,0,0,0,0,0,0,0,0,0,0,0,0,0,0,0,0,0,0,0,0,0,0,,,,,,37.678059,139.463364
208,阿賀町津川総合福祉保健センター「やまぶきの里」,959-4402,阿賀町,津川664,0254-92-3088,平成17年4月1日,阿賀町長,山崎　和秀,1,0,0,0,0,0,0,0,0,0,0,0,0,0,0,0,0,0,0,0,0,0,0,0,0,0,0,0,0,0,0,0,0,0,0,0,0,0,0,,,,,,37.675423,139.461716
209,渡辺医院,959-4402,阿賀町,津川500-1,0254-94-1313,平成16年4月1日,医療法人社団　竹林会,渡邊 武,1,1,1,1,0,0,0,0,0,1,0,0,0,0,0,0,0,0,0,0,0,0,0,0,0,0,0,0,0,0,0,0,0,0,0,0,0,0,0,,,,,,37.676235,139.450073
210,阿賀町津川診療所,959-4402,阿賀町,津川2100番地9,0254-92-5211,平成19年5月15日,阿賀町長,―,1,0,0,0,0,0,0,0,0,0,0,0,0,0,0,0,0,0,0,0,0,0,0,0,0,0,0,0,0,0,0,0,0,0,0,0,0,0,0,,,,,,37.679367,139.446991
211,阿賀町養護老人ホームきりん荘,959-4302,阿賀町,鹿瀬6259,0254-92-2328,平成17年4月1日,阿賀町長,山崎　和秀,1,0,0,0,0,0,0,0,0,0,0,0,0,0,0,0,0,0,0,0,0,0,0,0,0,0,0,0,0,0,0,0,0,0,0,0,0,0,0,,,,,,37.706566,139.466156
212,阿賀町鹿瀬診療所,959-4301,阿賀町,向鹿瀬1154,0254-92-2219,平成17年4月1日,阿賀町長,山崎　和秀,1,0,0,0,0,0,0,0,0,0,0,0,1,0,0,0,0,0,0,0,0,0,0,0,1,0,0,0,0,0,0,0,0,0,0,0,0,0,0,,,,,,37.700062,139.481934
213,町営診療所みかわ,959-4626,阿賀町,あが野南4324番地,0254-99-5155,平成17年4月1日,阿賀町長,宮尾　益人,1,0,0,0,0,0,0,0,0,0,0,0,1,1,1,0,0,0,0,0,0,0,0,0,0,0,0,0,0,0,0,0,0,0,0,0,0,0,0,,,,,,37.710320,139.366730
214,特別養護老人ホーム東蒲の里みかわ園,959-4626,阿賀町,あが野南4319-4,0254-99-3730,平成11年11月1日,社会福祉法人　東蒲原福祉会,山崎　和秀,1,0,0,0,0,0,0,0,0,0,0,0,0,0,0,0,0,0,0,0,0,0,0,0,0,0,0,0,0,0,0,0,0,0,0,0,0,0,0,,,,,,37.744495,139.182587
215,阿賀町上川診療所,959-4507,阿賀町,両郷甲2150,0254-95-2280,平成19年5月14日,阿賀町長,近藤　崇,1,0,0,0,0,0,0,0,0,0,0,0,0,0,0,0,0,0,0,0,0,0,0,0,1,0,0,0,0,0,0,0,0,0,0,0,0,0,0,,,,,,37.744495,139.182587
216,五泉皮ふ科,959-1865,五泉市,本町一丁目10番3-3号,0250-42-4112,令和1年5月15日,髙橋　明仁,髙橋　明仁,0,0,0,0,0,0,0,0,1,0,0,0,0,0,0,0,0,0,0,0,0,0,0,0,0,0,0,0,0,0,0,0,0,0,0,0,0,0,0,,,,,,37.627796,138.958160
217,五泉キッズクリニック・五泉耳鼻科音声嚥下クリニック,959-1863,五泉市,東本町2丁目106番地3,0250-47-5226,令和7年3月12日,医療法人社団　渡辺内科,馬場　洋徳,0,0,0,0,0,0,0,0,0,1,0,0,1,0,0,0,0,0,0,0,0,0,0,0,0,0,0,0,1,0,0,0,0,0,0,0,0,0,0,,,,小児皮膚科、児童精神科,,37.614292,138.947983
218,阿部内科・消化器科医院,955-0055,三条市,塚野目4-20-30,0256-39-1133,平成18年4月6日,阿部　実,阿部　実,1,0,0,1,0,0,0,0,0,0,0,0,0,0,0,0,0,0,0,0,0,0,0,0,0,0,0,0,0,0,0,0,0,0,0,0,0,0,0,,,,胃腸内科,,37.638851,138.976532
219,あまの整形外科,955-0852,三条市,南四日町4-7-54,0256-33-5556,平成23年4月1日,医療法人社団　秀和会,天野　秀久,0,0,0,0,0,0,0,0,0,0,0,0,0,0,0,0,0,0,0,0,0,0,0,0,1,0,0,0,0,0,0,0,0,0,0,0,0,0,0,,,,,,37.614681,138.952606
220,池田耳鼻科医院,955-0045,三条市,一ﾉ門1-13-15,0256-32-2796,平成6年4月1日,医療法人社団　池田耳鼻科医院,池田　稔,0,0,0,0,0,0,0,0,0,1,0,0,0,0,0,0,0,0,0,0,0,0,0,0,0,0,0,0,1,0,0,0,0,0,0,0,0,0,0,,,,,,37.629951,138.967316
221,石黒内科医院,955-0082,三条市,西裏館1-10-46,0256-32-4970,平成16年4月1日,医療法人社団　桂杏会,石黒　桂一郎,1,0,0,0,0,0,0,0,0,0,0,0,0,0,0,0,0,0,0,0,0,0,0,0,0,0,0,0,0,0,0,0,0,0,0,0,0,0,0,,,,,,37.634441,138.953476
222,特別養護老人ホームいっぷく医務室,955-0131,三条市,庭月630番地4,0256-41-3322,平成14年10月15日,社会福祉法人　しただ,内田  桂太,1,0,0,0,0,0,0,0,0,1,0,0,0,1,0,0,0,0,0,0,0,0,0,0,0,0,0,0,0,0,0,0,0,0,0,0,0,0,0,,,,,,37.536888,139.109604
223,いとうクリニック,955-0061,三条市,林町1丁目20-28,0256-32-5350,平成8年4月26日,伊藤　高史,伊藤　高史,1,0,0,1,0,0,0,0,0,0,0,0,0,0,0,0,0,0,0,0,0,0,0,0,0,0,0,0,0,0,0,0,0,0,0,0,0,0,0,,,,消化器科,,37.631611,138.964417
224,岩田眼科医院,955-0081,三条市,東裏館1丁目9-21番地,0256-34-0129,平成1年4月1日,医療法人社団　岩田眼科医院,岩田　光浩,0,0,0,0,0,0,0,0,0,0,0,0,0,0,0,0,0,0,0,0,0,0,0,0,0,0,0,1,0,0,0,0,0,0,0,0,0,0,0,,,,,,37.633690,138.956299
225,榎本外科医院,955-0851,三条市,西四日町1丁目3-11,0256-32-0148,平成2年4月1日,医療法人社団　榎本外科医院,榎本　剛彦,1,0,0,0,0,0,0,0,1,0,0,0,0,0,0,1,0,0,0,0,0,0,0,0,0,0,0,0,0,0,0,0,0,0,0,0,0,0,0,,,,,,37.624901,138.952896
226,榎本内科クリニック,955-0861,三条市,北新保1丁目1番28号,0256-33-0235,平成12年7月7日,榎本　博幸,榎本　博幸,1,0,0,1,0,0,0,0,0,0,0,0,0,0,0,0,0,0,0,0,0,0,0,0,0,0,0,0,0,0,0,0,0,0,0,0,0,0,0,,,,,,37.625767,138.957306
227,大渓外科医院,955-0045,三条市,一ﾉ門2丁目2-35,0256-33-3115,平成6年9月1日,医療法人社団　大渓外科医院,大渓　秀夫,0,0,0,1,0,0,0,0,1,0,0,0,0,0,0,1,0,0,0,0,1,0,1,0,0,0,0,0,0,0,0,0,0,0,0,0,0,0,0,8,,8,,,37.630043,138.968002
228,かおる心療内科,955-0057,三条市,新光町1-29,0256-32-8080,平成24年3月1日,矢沢　薫,矢沢　薫,1,0,0,0,0,1,0,0,0,0,0,0,0,1,1,0,0,0,0,0,0,0,0,0,0,0,0,0,0,0,0,0,0,0,0,0,0,0,0,,,,,,37.643070,138.962784
229,川瀬神経内科クリニック,955-0823,三条市,東本成寺20番8号,0256-33-9070,平成7年9月1日,医療法人社団川瀬神経内科クリニック,川瀬　裕士,1,0,0,0,0,1,0,0,0,0,0,0,0,0,0,0,0,0,0,0,0,0,0,0,0,0,0,0,0,0,0,0,0,0,0,0,0,0,0,,,,,,37.615917,138.948486
230,桑原小児科医院,955-0046,三条市,興野2-10-8,0256-32-0501,平成4年9月1日,医療法人社団　桑原小児科医院,桑原　春樹,0,0,0,0,0,0,0,0,0,0,0,0,1,0,0,0,0,0,0,0,0,0,0,0,0,0,0,0,0,0,0,0,0,0,0,0,0,0,0,,,,,,37.633057,138.971725
231,県央医師会応急診療所,955-0046,三条市,興野1丁目13-67,0256-32-0909,平成21年4月1日,社団法人　三条市医師会,田中　吉明,1,0,0,0,0,0,0,0,0,0,0,0,1,0,0,1,0,0,0,0,0,0,0,0,1,0,0,0,0,0,0,0,0,0,0,0,0,0,0,,,,,,37.634274,138.967499
232,養護老人ホーム県央寮診療所,955-0805,三条市,吉田字薬王寺1237,0256-34-1010,昭和45年4月1日,三条・燕・西蒲・南蒲広域養護老人ホーム施設組合,小浦方　啓代,1,0,0,0,0,0,0,0,0,0,0,0,0,0,0,0,0,0,0,0,0,0,0,0,0,0,0,0,0,0,0,0,0,0,0,0,0,0,0,,,,,,37.589500,138.974258
233,さいとう小児科,955-0084,三条市,石上2丁目15番35号,0256-31-1755,平成11年9月1日,医療法人社団　さいとう小児科,斎藤　昌志,0,0,0,0,0,0,0,0,0,1,0,0,1,0,0,0,0,0,0,0,0,0,0,0,0,0,0,0,0,0,0,0,0,0,0,0,0,0,0,,,,,,37.644474,138.955078
234,坂内小児科医院,955-0862,三条市,南新保1-3,0256-35-6633,平成4年9月1日,医療法人社団　坂内小児科医院,坂内　優子,0,0,0,0,0,0,0,0,0,0,0,0,1,0,0,0,0,0,0,0,0,0,0,0,0,0,0,0,0,0,0,0,0,0,0,0,0,0,0,,,,,,37.624329,138.958725
235,特別養護老人ホームさかえの里医務室,959-1155,三条市,福島新田丁1481番地1,0256-45-0500,平成11年4月1日,社会福祉法人　さかえ福祉会,中嶋　俊明,1,0,0,0,0,0,0,0,0,0,0,0,0,0,0,0,0,0,0,0,0,0,0,0,0,0,0,0,0,0,0,0,0,0,0,0,0,0,0,,,,,,37.588890,138.916107
236,さとう栄整形外科クリニック,955-0845,三条市,西本成寺1丁目35番10号,0256-33-2220,平成25年5月1日,医療法人社団さとう栄整形外科クリニック,佐藤　栄,0,0,0,0,0,0,0,0,0,0,0,0,0,0,0,0,0,0,0,0,0,0,0,0,1,0,0,0,0,0,0,0,0,0,0,0,0,0,0,,,,,,37.618382,138.939331
237,産科婦人科　茅原クリニック,955-0823,三条市,東本成寺12-14,0256-31-1103,平成10年4月1日,医療法人社団　恵和会,茅原　保,0,0,0,0,0,0,0,0,0,0,0,0,0,0,0,0,0,0,0,0,0,0,0,0,0,0,0,0,0,0,1,1,1,0,0,0,0,0,0,,,,,,37.614975,138.949539
238,三条眼科,955-0852,三条市,南四日町4丁目3番10号,0256-36-0077,平成16年4月9日,医療法人社団　慈眼会,白鳥　敦,0,0,0,0,0,0,0,0,0,0,0,0,0,0,0,0,0,0,0,0,0,0,0,0,0,0,0,1,0,0,0,0,0,0,0,0,0,0,0,,,,,,37.615334,138.955032
239,三条市総合福祉センター,955-0823,三条市,東本成寺2番1号,0256-33-8511,平成17年5月1日,三条市,水野　春芳,1,0,0,0,0,0,0,0,0,0,0,0,1,0,0,1,0,0,0,0,0,0,0,0,0,0,0,0,0,0,0,0,0,0,0,0,0,0,0,,,,,,37.612591,138.953995
240,三条しただ郷クリニック,955-0151,三条市,荻堀1182番地1,0256-46-8717,令和1年6月6日,医療法人社団　陽心会,池上　敬一,1,0,0,0,0,0,0,0,0,0,0,0,0,0,0,1,0,0,0,0,0,0,0,0,0,0,0,0,0,0,0,0,0,0,0,0,0,0,0,,,,,,37.571781,139.033508
241,三条りゅうクリニック,955-0046,三条市,興野1丁目14番32号,0256-33-9388,平成28年4月1日,渡辺　竜助,渡辺　竜助,1,0,0,0,0,0,0,0,0,0,0,0,0,0,0,0,0,0,0,0,0,1,0,0,0,0,0,0,0,0,0,0,0,0,0,0,0,0,0,,,,,,37.636211,138.968018
242,篠田耳鼻咽喉科医院,955-0823,三条市,東本成寺21番38号,0256-33-5875,平成23年4月1日,医療法人社団篠田耳鼻咽喉科医院,篠田　秀夫,0,0,0,0,0,0,0,0,0,1,0,0,0,0,0,0,0,0,0,0,0,0,0,0,0,0,0,0,1,0,0,0,0,0,0,0,0,0,0,,,,,,37.615887,138.948257
243,田中内科クリニック,955-0092,三条市,須頃2丁目101-1,0256-32-8100,平成11年11月1日,田中　吉明,田中　吉明,1,0,1,0,0,0,0,0,0,0,0,0,1,0,0,0,0,0,0,0,0,0,0,0,0,0,0,0,0,0,0,0,0,0,0,0,0,0,0,,,,,,37.644917,138.940720
244,谷村脳神経外科クリニック,955-0046,三条市,興野1丁目13番14号,0256-35-6868,平成4年9月1日,医療法人社団　五常会,谷村　聡,0,0,0,0,0,1,0,0,0,0,0,0,0,0,0,0,0,0,0,0,0,0,0,1,0,0,0,0,0,0,0,0,0,1,0,0,0,0,0,,,,,,37.635540,138.966827
245,たむら皮フ科クリニック,955-0823,三条市,東本成寺21番34号,0256-36-1231,平成18年4月1日,医療法人社団たむら皮フ科クリニック,田村　正和,0,0,0,0,0,0,0,0,1,0,0,0,0,0,0,0,0,0,0,0,0,0,0,0,0,0,0,0,0,0,0,0,0,0,0,0,0,0,0,,,,,,37.616013,138.947815
246,特別養護老人ホーム長和園,955-0833,三条市,大野畑6-86-7,0256-35-2131,昭和54年8月1日,社会福祉法人恩賜財団済生会支部新潟県済生会　,坂内　均,1,0,0,0,0,0,0,0,0,0,0,0,0,0,0,0,0,0,0,0,0,0,0,0,0,0,0,0,0,0,0,0,0,0,0,0,0,0,0,,,,,,37.627689,138.940414
247,塚野目診療所,955-0055,三条市,塚野目2丁目9番54号,0256-34-6551,令和1年10月1日,医療法人社団　塚野目診療所,河内　裕介,1,0,0,0,0,0,0,0,0,0,0,0,0,0,0,0,0,0,0,0,0,0,0,0,0,0,0,0,0,0,0,0,0,0,0,0,0,0,0,10,,10,,,37.637188,138.978378
248,津端内科医院,955-0862,三条市,南新保1-16,0256-33-0151,平成1年10月1日,医療法人社団　津端内科医院,津端　俊介,1,0,0,0,0,0,0,0,0,0,0,0,0,0,0,0,0,0,0,0,0,0,0,0,0,0,0,0,0,0,0,0,0,0,0,0,0,0,0,,,,,,37.623943,138.958511
249,坪井内科医院,955-0071,三条市,本町3-6-14,0256-33-1241,平成20年5月1日,坪井　康紀,坪井　康紀,1,0,0,0,0,0,0,0,0,0,0,0,0,0,0,0,0,0,0,0,0,0,0,0,0,0,0,0,0,0,0,0,0,0,0,0,0,0,0,,,,,,37.629227,138.956467
250,地域密着型介護老人福祉施設つつじガーデン三条医務室,955-0801,三条市,諏訪3丁目317-1,0256-36-2561,平成28年9月15日,社会福祉法人つつじ会,馬場　靖幸,1,0,0,0,0,0,0,0,0,0,0,0,0,0,0,0,0,0,0,0,0,0,0,0,0,0,0,0,0,0,0,0,0,0,0,0,0,0,0,,,,,,37.612938,138.982224
251,といし整形外科クリニック,955-0083,三条市,荒町2-1-46,0256-32-1014,平成19年10月10日,登石　聡,登石　聡,0,0,0,0,0,0,0,0,0,0,0,0,0,0,0,0,0,0,0,0,0,0,0,0,1,0,0,0,0,0,0,0,0,1,0,0,0,0,0,,,,,,37.638344,138.953812
252,どうや胃腸科,955-0046,三条市,興野1丁目6番46号,0256-36-7411,平成12年5月8日,銅冶　康之,銅冶　康之,0,0,0,1,0,0,0,0,0,0,0,0,0,0,0,0,0,0,0,0,0,0,0,0,0,0,0,0,0,0,0,0,0,0,0,0,0,0,0,,,,消化器科・胃腸科,,37.633038,138.968826
253,特別養護老人ホーム裏館倶楽部　医務室,955-0082,三条市,西裏館3丁目6番54号,0256-47-4202,令和2年11月12日,社会福祉法人あさひ共生福祉会,坪井　康紀,1,0,0,0,0,0,0,0,0,0,0,0,0,0,0,0,0,0,0,0,0,0,0,0,0,0,0,0,0,0,0,0,0,0,0,0,0,0,0,,,,,,37.643970,138.960342
254,特別養護老人ホームうらだての里　医務室,955-0081,三条市,東裏館3丁目6番58号,0256-35-8801,平成11年10月18日,社会福祉法人　県央福祉会,馬場　靖幸,1,0,0,0,0,0,0,0,0,0,0,0,0,0,0,0,0,0,0,0,0,0,0,0,0,0,0,0,0,0,0,0,0,0,0,0,0,0,0,,,,,,37.642567,138.962479
255,特別養護老人ホームつかのめの里　医務室,955-0055,三条市,塚野目2380-2,0256-38-5865,平成6年4月1日,社会福祉法人　県央福祉会,金原　英雄,1,0,0,0,0,0,0,0,0,0,0,0,0,0,0,0,0,0,0,0,0,0,0,0,0,0,0,0,0,0,0,0,0,0,0,0,0,0,0,,,,,,37.659103,138.975662
256,富永草野クリニック,955-0046,三条市,興野2丁目11-28,0256-32-0669,平成15年5月1日,医療法人社団　積発堂,滝澤　隆史,1,0,1,0,0,0,0,0,0,0,1,0,0,0,0,0,0,0,0,0,0,0,0,0,1,1,0,0,0,0,0,0,0,1,0,0,0,0,0,,,,,,37.633205,138.971634
257,内科・消化器科わたなべ医院,955-0845,三条市,西本成寺1-38-45,0256-36-7377,平成19年4月1日,医療法人社団内科・消化器科わたなべ医院,渡邉　貴之,1,0,0,1,0,0,0,0,0,0,0,0,0,0,0,0,0,0,0,0,0,0,0,0,0,0,0,0,0,0,0,0,0,0,0,0,0,0,0,,,,消化器科・胃腸科,,37.622883,138.942108
258,内科・呼吸器内科　山口医院,955-0823,三条市,東本成寺12番1号,0256-46-8537,令和1年6月5日,山口　美沙子,山口　美沙子,1,1,0,0,0,0,0,0,0,0,0,0,0,0,0,0,0,0,0,0,0,0,0,0,0,0,0,0,0,0,0,0,0,0,0,0,0,0,0,,,,,,37.615200,138.950562
259,中川内科医院,955-0047,三条市,東三条2丁目2-18,0256-33-1671,平成28年10月1日,医療法人　中川内科医院,中川　理,1,0,0,0,0,0,1,0,0,0,0,0,0,0,0,0,0,0,0,0,0,0,0,0,0,0,0,0,0,0,0,0,0,0,0,0,0,0,0,,,,内分泌内科,,37.631321,138.974731
260,なかじま医院,959-1153,三条市,新堀1305-1,0256-45-7777,平成18年4月1日,医療法人社団　なかじま医院,中嶋　俊明,1,1,0,1,0,0,0,0,0,1,0,0,1,0,0,0,0,0,0,0,0,0,0,0,0,0,0,0,0,0,0,0,0,0,0,0,0,0,0,,,,,,37.588078,138.921432
261,新潟県三条保健所,955-0046,三条市,興野1-13-45,0256-36-2362,昭和59年4月17日,新潟県,鈴木　幸雄,1,0,0,0,0,0,0,0,0,0,0,0,0,0,0,0,0,0,0,0,0,0,0,0,0,0,0,0,0,0,0,0,0,0,0,0,0,0,0,,,,,,37.634800,138.969238
262,日戸医院,955-0842,三条市,島田1-1-19,0256-33-1295,平成22年3月13日,髙木　美樹,髙木　美樹,0,0,0,0,0,0,0,0,1,0,0,0,0,0,0,0,0,0,0,0,0,0,0,0,0,0,0,0,0,0,0,0,0,0,0,0,0,0,0,,,,,,37.629169,138.948105
263,馬場内科医院,955-0081,三条市,東裏館2丁目16-12,0256-35-3100,平成6年4月1日,医療法人社団　馬場内科医院,馬場　靖幸,1,0,0,1,0,0,0,0,0,0,0,0,0,0,0,0,0,0,0,0,0,0,0,0,0,0,0,0,0,0,0,0,0,0,0,0,0,0,0,,,,,,37.637661,138.959076
264,藤﨑医院,955-0082,三条市,西裏館1丁目8番8号,0256-32-1753,平成1年4月1日,医療法人社団　藤崎医院,藤崎　俊之,0,0,0,0,0,0,0,0,0,0,0,0,0,0,0,0,0,0,0,0,0,0,0,0,0,0,0,0,1,0,0,0,0,0,0,0,0,0,0,,,,,,37.633602,138.953766
265,ふじみや耳鼻科クリニック,955-0046,三条市,興野1-3-9,0256-36-1311,平成19年5月1日,医療法人ふじみや耳鼻科クリニック,藤宮　大,0,0,0,0,0,0,0,0,0,1,0,0,0,0,0,0,0,0,0,0,0,0,0,0,0,0,0,0,1,0,0,0,0,0,0,0,0,0,0,,,,,,37.631882,138.968704
266,水野内科クリニック,955-0803,三条市,月岡1丁目23番48号,0256-32-3582,平成10年2月1日,医療法人社団水野内科クリニック,水野　春芳,1,0,1,0,0,0,0,0,0,0,0,0,1,0,0,0,0,0,0,0,0,0,0,0,0,0,0,0,0,0,0,0,0,0,0,0,0,0,0,,,,,,37.613514,138.969589
267,むとう医院,955-0842,三条市,島田2丁目8番12号,0256-34-6368,平成27年9月30日,武藤　学,武藤　学,1,0,0,0,0,1,0,0,0,1,0,0,0,0,0,0,0,0,0,0,0,0,0,0,0,0,0,0,0,0,0,0,0,0,0,0,0,0,0,,,,,,37.625851,138.947464
268,やまぐち内科クリニック,955-0051,三条市,鶴田2-1-6-5,0256-39-0111,平成30年1月5日,医療法人社団やまぐち内科クリニック,山口　修,1,0,0,1,0,0,0,0,0,1,0,0,0,0,0,0,0,0,0,0,0,0,0,0,0,0,0,0,0,0,0,0,0,0,0,0,0,0,0,,,,,,37.640800,138.983932
269,吉澤医院,955-0033,三条市,西大崎1-9-28,0256-38-3961,平成1年8月1日,医療法人社団　吉澤医院,吉澤　園恵,1,0,0,0,0,0,0,0,0,0,0,0,1,0,0,0,0,0,0,0,0,0,0,0,0,0,0,0,0,0,0,0,0,0,0,0,0,0,0,,,,,,37.621849,138.987625
270,レディスクリニック石黒,955-0083,三条市,荒町2丁目25-33,0256-33-0150,平成15年9月18日,医療法人社団　雄愛会,石黒　竜也,0,0,0,0,0,0,0,0,0,0,0,0,1,0,0,0,0,0,0,0,0,0,0,0,0,0,0,0,0,0,1,0,0,0,0,0,0,0,0,19,,19,,,37.643215,138.954590
271,三条こどもクリニック,955-0845,三条市,西本成寺2-4-24,0256-35-2020,平成26年5月1日,医療法人　慈恩会,小林　武弘,0,0,0,0,0,0,0,0,0,1,0,0,1,0,0,0,0,0,0,0,0,0,0,0,0,0,0,0,0,0,0,0,0,0,0,0,0,0,0,,,,,,37.617023,138.944183
272,東三条まもる眼科,955-0047,三条市,東三条1丁目15番23号,0256-35-1020,平成24年5月7日,宗村　守,宗村　守,0,0,0,0,0,0,0,0,0,0,0,0,0,0,0,0,0,0,0,0,0,0,0,0,0,0,0,1,0,0,0,0,0,0,0,0,0,0,0,,,,,,37.629128,138.970673
273,たかおクリニック,955-0081,三条市,東裏館2丁目21番36号㈱佐藤産業ﾋﾞﾙ3階,0256-47-1783,平成24年4月12日,医療法人社団みるら神経内科・心療内科,矢沢　隆夫,1,0,0,0,0,1,0,0,0,0,0,0,0,1,1,0,0,0,0,0,0,0,0,0,0,0,0,0,0,0,0,0,0,0,0,0,0,0,0,,,,,,37.637085,138.961487
274,ヒルズクリニック,955-0803,三条市,月岡1丁目23番43号,0256-64-7451,平成25年6月17日,医療法人社団水野内科クリニック,田中　耿介,1,0,0,0,0,0,0,0,0,0,0,0,0,0,0,0,0,0,0,0,0,0,0,0,0,0,0,0,0,0,0,0,0,0,0,0,0,0,0,,,,,,37.613510,138.970154
275,特別養護老人ホームおおじまの里　医務室,955-0094,三条市,大島3783番1,0256-33-7780,平成25年7月1日,社会福祉法人　県央福祉会,坪井　康紀,1,0,0,0,0,0,0,0,0,0,0,0,0,0,0,0,0,0,0,0,0,0,0,0,0,0,0,0,0,0,0,0,0,0,0,0,0,0,0,,,,,,37.666336,138.962540
276,奥田皮膚科クリニック,955-0051,三条市,鶴田2丁目1番15号,0256-31-5511,平成27年3月16日,奥田長三郎,奥田　長三郎,0,0,0,0,0,0,0,0,1,0,0,0,0,0,0,0,0,0,0,0,0,0,0,0,0,0,0,0,0,0,0,0,0,0,0,0,0,0,0,,,,,,37.640572,138.984192
277,新潟三条ささき内科・消化器内科クリニック,955-0046,三条市,興野1-18-13,0256-46-8488,令和8年4月1日,医療法人社団Ecube新潟三条ささき内科・消化器内科クリニック,佐々木一之,1,0,0,1,0,0,0,0,0,0,0,0,0,0,0,0,0,0,0,0,0,0,0,0,0,0,0,0,0,0,0,0,0,0,0,0,0,0,0,,,,,,37.638386,138.967255
278,燕三条すごろ脳脊髄クリニック,955-0091,三条市,上須頃1525番,0256-47-4811,令和6年1月30日,医療法人社団　樹央会,佐藤　大樹,1,0,0,0,0,0,0,0,0,0,0,0,0,0,0,0,0,0,0,0,0,0,0,1,0,0,0,0,0,0,0,0,0,0,0,0,0,0,0,,,,,,37.636944,138.937607
279,いたみと女性の野田医院県央,955-0091,三条市,上須頃1597番地1,0256-36-5577,令和6年4月10日,野田　宗慶,野田　宗慶,1,0,0,0,0,0,0,0,0,0,0,0,0,0,0,0,0,0,0,0,0,0,0,0,0,0,0,0,0,0,0,0,0,0,0,1,0,0,0,,,,,,37.636944,138.937607
280,一般社団法人新潟県労働衛生医学協会県央健診スクエア,955-0091,三条市,上須頃4番地1,-,令和6年4月1日,一般社団法人新潟県労働衛生医学協会,佐藤　信昭,1,0,0,0,0,0,0,0,0,0,0,0,0,0,0,0,0,0,0,0,0,0,0,0,0,0,0,0,0,0,0,0,1,0,0,0,0,0,0,,,,,,37.636944,138.937607
281,燕三条すごろ眼科,955-0091,三条市,上須頃1597番地1 ﾒﾃﾞｨｶﾙﾌﾟﾗｻﾞ21 1階,0256-47-1703,令和6年5月13日,吉野　秀昭,吉野　秀昭,0,0,0,0,0,0,0,0,0,0,0,0,0,0,0,0,0,0,0,0,0,0,0,0,0,0,0,1,0,0,0,0,0,0,0,0,0,0,0,,,,,,37.636944,138.937607
282,こころのケア三条クリニック,955-0051,三条市,鶴田2-1-10,0256-46-0911,令和6年10月1日,嶋田　修一郎,嶋田　修一郎,0,0,0,0,0,0,0,0,0,0,0,0,0,1,1,0,0,0,0,0,0,0,0,0,0,0,0,0,0,0,0,0,0,0,0,0,0,0,0,,,,,,37.641018,138.984100
283,ムラヤマ皮フ科,955-0083,三条市,荒町2丁目1番21号,0256-47-0097,令和7年1月6日,村山　翔太郎,村山　翔太郎,0,0,0,0,0,0,0,0,1,1,0,0,0,0,0,0,0,0,0,0,0,0,0,0,0,0,0,0,0,0,0,0,0,0,0,0,0,0,0,,,,,,37.637897,138.952423
284,けんおう皮フ科クリニック,955-0092,三条市,須頃3丁目118番地,0256-64-7712,令和7年6月9日,二瓶　達也,二瓶　達也,0,0,0,0,0,0,0,0,1,0,0,0,0,0,0,0,0,0,0,0,0,0,0,0,0,1,0,0,0,0,0,0,0,0,0,0,0,0,0,,,,,,37.666386,139.040283
285,としみ眼科医院,955-0056,三条市,嘉坪川1-1-12,0256-33-2008,令和7年6月1日,清河　慈,清河　慈,0,0,0,0,0,0,0,0,0,0,0,0,0,0,0,0,0,0,0,0,0,0,0,0,0,0,0,1,0,0,0,0,0,0,0,0,0,0,0,,,,,,37.666386,139.040283
286,さくらクリニック,959-1384,加茂市,寿町9番10号,0256-52-9511,平成13年6月1日,医療法人社団　白美会,永井　雅昭,1,0,0,0,0,0,0,0,0,0,0,0,0,0,0,0,0,0,0,0,0,0,0,0,0,0,0,0,0,0,0,0,0,1,0,0,0,0,0,,19,19,人工透析内科,,37.659016,139.044846
287,いからし小児科アレルギークリニック,959-1313,加茂市,幸町2丁目9番23号,0256-53-2250,平成4年9月1日,医療法人社団いからし小児科アレルギークリニック,五十嵐　隆夫,0,0,0,0,0,0,0,0,0,1,0,0,1,0,0,0,0,0,0,0,0,0,0,0,0,0,0,0,0,0,0,0,0,0,0,0,0,0,0,,,,,,37.666317,139.044250
288,加茂市母子健康センター,959-1313,加茂市,幸町2丁目3番5号,0256-52-4085,平成6年3月29日,加茂市,鷲塚　隆,1,0,0,0,0,0,0,0,0,0,0,0,0,0,0,0,0,0,0,0,0,0,0,0,0,0,0,0,0,0,0,0,0,0,0,0,0,0,0,,,,,,37.664997,139.040939
289,監物小児科医院,959-1383,加茂市,旭町7-11,0256-52-0800,平成1年4月1日,医療法人社団　監物小児科医院,監物　靖,1,0,0,0,0,0,0,0,0,0,0,0,1,0,0,0,0,0,0,0,0,0,0,0,0,0,0,0,0,0,0,0,0,0,0,0,0,0,0,,,,,,37.661697,139.043365
290,小池内科消化器科クリニック,959-1351,加茂市,仲町1番37号,0256-53-3355,平成15年4月17日,医療法人社団　小池医院,小池　雅彦,1,0,0,1,0,0,0,0,0,0,0,0,0,0,0,0,0,0,0,0,0,0,0,0,0,0,0,0,0,0,0,0,0,0,0,0,0,0,0,,,,,,37.658646,139.055847
291,特別養護老人ホーム障害者支援施設第二平成園医務室,959-1312,加茂市,石川2丁目2473番地1,0256-41-4031,平成9年3月24日,社会福祉法人　加茂福祉会,山ノ井　忠良,1,0,0,0,0,0,0,0,0,0,0,0,0,0,0,0,0,0,0,0,0,0,0,0,0,0,0,0,0,0,0,0,0,0,0,0,0,0,0,,,,,,37.668701,139.043793
292,特別養護老人ホーム第三平成園1階医務室・2階医務室,959-1325,加茂市,神明町1-7-1,0256-57-1661,平成21年12月1日,社会福祉法人　加茂福祉会,阿方　裕,1,0,0,0,0,0,0,0,0,0,0,0,0,0,0,0,0,0,0,0,0,0,0,0,0,0,0,0,0,0,0,0,0,0,0,0,0,0,0,,,,,,37.660942,139.061234
293,徳友医院,959-1387,加茂市,高須町1丁目6-11,0256-53-0167,平成8年4月1日,医療法人社団　徳友医院,手塚　光彦,1,1,0,0,0,0,0,0,1,0,0,0,1,0,0,0,0,0,0,0,0,0,0,0,0,0,0,0,0,0,0,0,0,0,0,0,0,0,0,,,,,,37.659470,139.038406
294,ながば耳鼻咽喉科医院,959-1314,加茂市,番田8-16,0256-53-0751,昭和63年10月1日,医療法人社団　長徳会,長場　章,0,0,0,0,0,0,0,0,0,0,0,0,0,0,0,0,0,0,0,1,0,0,0,0,0,0,0,0,1,0,0,0,0,0,0,0,0,0,0,,,,,,37.660965,139.049103
295,中村医院,959-1353,加茂市,五番町3番29号,0256-52-0095,平成20年10月31日,医療法人社団　中村医院,中村　忠,1,0,0,0,0,0,0,0,0,0,0,0,0,0,0,1,0,0,0,0,1,0,1,0,0,0,0,0,0,0,0,0,0,0,0,0,0,0,0,,,,,,37.657051,139.060516
296,にのみや内科クリニック,959-1381,加茂市,新栄町4番1号,0256-57-0770,平成29年8月1日,二宮　悟,二宮　悟,1,0,0,0,0,0,1,0,0,0,0,0,0,0,0,0,0,0,0,0,0,0,0,0,0,0,0,0,0,0,0,0,0,0,0,0,0,0,0,,,,,,37.665455,139.040100
297,特別養護老人ホーム平成園医務室,959-1312,加茂市,石川2丁目2472番地1,0256-52-1711,平成2年4月1日,社会福祉法人　加茂福祉会,樋口　哲也,1,0,0,0,0,0,0,0,0,0,0,0,0,0,0,0,0,0,0,0,0,0,0,0,0,0,0,0,0,0,0,0,0,0,0,0,0,0,0,,,,,,37.668701,139.043793
298,堀内医院,959-1311,加茂市,加茂新田8358,0256-52-0953,平成3年10月28日,医療法人社団　加新会,堀内　陽介,1,0,0,0,0,0,0,0,1,0,0,0,0,0,0,0,0,0,0,0,0,0,0,0,1,0,0,0,0,0,0,0,0,0,0,1,0,0,0,,,,,,37.685406,139.036743
299,松橋アイクリニック,959-1327,加茂市,千刈1丁目6-18,0256-53-3777,平成9年4月15日,松橋　綾子,松橋　綾子,0,0,0,0,0,0,0,0,0,0,0,0,0,0,0,0,0,0,0,0,0,0,0,0,0,0,0,1,0,0,0,0,0,0,0,0,0,0,0,,,,,,37.664608,139.050949
300,みながわ整形外科,959-1314,加茂市,番田7-11,0256-53-3877,平成4年9月21日,皆川　元,皆川　元,0,0,0,0,0,0,0,0,0,0,0,0,0,0,0,0,0,0,0,0,0,0,0,0,1,0,0,0,0,0,0,0,0,1,0,0,0,0,0,,,,,,37.661503,139.048798
301,吉田内科医院,959-1386,加茂市,柳町2丁目5番4号,0256-57-7511,平成15年8月4日,吉田　英春,吉田　英春,1,0,0,1,0,0,0,0,0,0,0,0,0,0,0,0,0,0,0,0,0,0,0,0,0,0,0,0,0,0,0,0,0,0,0,0,0,0,0,,,,,,37.639477,138.902664
302,鷲塚内科医院,959-1371,加茂市,穀町7番7号,0256-52-2054,平成1年4月1日,医療法人社団　鷲塚内科医院,鷲塚　隆,1,0,0,0,0,0,0,0,0,0,0,0,0,0,0,0,0,0,0,0,0,0,0,0,0,0,0,0,0,0,0,0,0,0,0,0,0,0,0,,,,,,37.663578,138.928131
303,青山医院,959-1284,燕市,杣木1470,0256-63-9151,平成15年4月1日,医療法人社団　青山医院,青山　徹,1,0,0,0,0,0,0,0,1,0,0,0,0,0,0,0,0,0,0,0,0,0,0,0,1,0,0,0,0,0,0,0,0,0,0,0,0,0,0,,,,,,37.666206,138.919022
304,荒木内科医院,959-1289,燕市,東太田2891,0256-66-1181,平成6年9月1日,医療法人社団　荒木内科医院,荒木　進,1,0,0,1,0,0,0,0,0,0,0,0,0,0,0,0,0,0,0,0,0,0,0,0,0,0,0,0,0,0,0,0,0,0,0,0,0,0,0,,,,,,37.670193,138.917465
305,石田医院,959-1201,燕市,灰方790,0256-66-1110,平成24年7月1日,医療法人社団　石田医院,石田　啓一郎,1,1,0,0,0,0,0,0,0,0,0,0,0,0,0,0,0,0,0,0,0,0,0,0,0,0,0,0,0,0,0,0,0,0,0,0,0,0,0,,,,,,37.685345,138.934906
306,伊東こどもクリニック,959-0242,燕市,吉田大保町23-11,0256-93-1515,平成18年10月2日,伊東　道夫,伊東　道夫,0,0,0,0,0,0,0,0,0,1,0,0,1,0,0,0,0,0,0,0,0,0,0,0,0,0,0,0,0,0,0,0,0,0,0,0,0,0,0,,,,,,37.688305,138.883606
307,医療法人社団　安藤医院,959-1262,燕市,水道町4-3-44,0256-66-1377,平成8年4月1日,医療法人社団　安藤医院,安藤　徹,1,0,0,0,0,0,0,0,0,0,0,0,1,0,0,0,0,0,0,0,0,1,0,0,0,0,0,0,0,0,0,0,0,0,0,0,0,0,0,,,,,,37.659840,138.915329
308,岩﨑内科医院,959-1241,燕市,小高828,0256-61-3666,令和2年4月1日,岩﨑　友洋,岩﨑　友洋,1,0,0,0,0,0,0,0,0,0,0,0,0,0,0,0,0,0,0,0,0,0,0,0,0,0,0,0,0,0,0,0,0,0,0,0,0,0,0,,,,,,37.664772,138.941635
309,いわぶち整形外科クリニック,959-0264,燕市,吉田3478-1,0256-92-1354,令和2年1月1日,医療法人泰幸,岩淵　泰宏,0,0,0,0,0,0,0,0,0,0,0,0,0,0,0,0,0,0,0,0,0,0,0,0,1,0,0,0,0,0,0,0,0,1,0,0,0,0,0,,,,,,37.694321,138.885544
310,うえだクリニック,959-1232,燕市,井土巻2丁目60,0256-66-5666,平成13年4月1日,医療法人社団フォア・ウィメン,上田　昌博,0,0,0,0,0,0,0,0,0,0,0,0,0,0,0,0,0,0,0,0,0,0,0,0,0,0,0,0,0,0,1,0,0,0,0,0,0,0,0,,,,,,37.654209,138.930161
311,江口眼科医院,959-1251,燕市,白山町2丁目4-23,0256-61-7766,平成17年4月11日,江口　功一,江口　功一,0,0,0,0,0,0,0,0,0,0,0,0,0,0,0,0,0,0,0,0,0,0,0,0,0,0,0,1,0,0,0,0,0,0,0,0,0,0,0,,,,,,37.666340,138.925720
312,えんどう整形外科クリニック,959-1284,燕市,杣木815番地1,0256-66-0009,令和4年5月1日,医療法人社団えんどう整形外科クリニック,遠藤　栄之助,0,0,0,0,0,0,0,0,0,0,0,0,0,0,0,0,0,0,0,0,0,0,0,0,1,0,0,0,0,0,0,0,0,0,0,0,0,0,0,,,,,,37.673786,138.903885
313,えんどう内科クリニック,959-1284,燕市,杣木1823-1,0256-63-2001,令和2年5月1日,医療法人社団　壽一会,遠藤　新作,1,0,0,0,0,0,0,0,0,0,0,0,0,0,0,0,0,0,0,0,0,0,0,0,0,0,0,0,0,0,0,0,0,0,0,0,0,0,0,,,,,,37.673786,138.903885
314,小澤医院,959-1261,燕市,秋葉町4丁目11-43,0256-61-1666,平成16年10月1日,医療法人社団　小澤医院,小澤　光,1,0,0,1,0,0,0,0,0,0,0,0,0,0,0,1,0,0,0,0,0,0,0,0,0,0,0,0,0,0,0,0,0,0,0,0,0,0,0,,,,,,37.663692,138.910599
315,おばらクリニック,959-0129,燕市,地蔵堂本町2丁目6番6号,0256-97-2360,平成21年4月1日,小原　宏一,小原　宏一,1,0,0,1,0,0,0,0,0,0,0,0,1,0,0,0,0,0,0,0,0,0,0,0,0,0,0,0,0,0,0,0,0,0,0,0,0,0,0,,,,,,37.626614,138.841446
316,小柳医院,959-1263,燕市,大曲2997,0256-66-1601,平成8年4月1日,医療法人社団　小柳医院,小柳　隆介,1,0,0,1,0,0,0,0,0,0,0,0,0,0,0,1,0,0,0,0,1,0,0,0,0,0,0,0,0,0,0,0,0,0,0,0,0,0,0,2,,2,,,37.649006,138.919403
317,菊川脳神経内科クリニック,959-1284,燕市,杣木1428,0256-61-6000,平成28年7月1日,医療法人社団　燕結会,菊川　公紀,1,0,0,0,0,1,0,0,0,0,0,0,0,0,0,0,0,0,0,0,0,0,0,0,0,0,0,0,0,0,0,0,0,0,0,0,0,0,0,,,,,,37.673786,138.903885
318,國定内科医院,959-1284,燕市,杣木813,0256-61-7700,平成19年9月4日,國定　薫,國定　薫,1,1,1,0,0,0,0,0,0,0,0,0,0,0,0,0,0,0,0,0,0,0,0,0,0,0,0,0,0,0,0,0,0,0,0,0,0,0,0,,,,,,37.673786,138.903885
319,甲田内科クリニック,959-0264,燕市,吉田3748,0256-92-0001,平成13年4月1日,医療法人社団甲田内科クリニック,甲田　豊,1,0,1,0,0,0,0,0,0,0,0,0,0,0,0,0,0,0,0,0,0,0,0,0,0,0,0,0,0,0,0,0,0,0,0,0,0,0,0,,,,,,37.698231,138.883408
320,からだこころ発達支援クリニック,959-0241,燕市,吉田神田町19番8号,0256-78-7830,令和4年4月1日,柳原　俊雄,柳原　俊雄,0,0,0,0,0,0,0,0,0,0,0,0,1,1,0,0,0,0,0,0,0,0,0,0,0,0,0,0,0,0,0,0,0,1,0,0,0,0,0,,,,,,37.693592,138.883118
321,後藤医院,959-0248,燕市,吉田浜首町12-33,0256-92-5124,平成17年6月22日,医療法人社団　後藤医院,後藤　隆夫,1,1,0,1,0,0,0,0,0,0,0,0,0,0,0,0,0,0,0,0,0,0,0,0,0,0,0,0,0,0,0,0,0,0,0,0,0,0,0,,,,,,37.691761,138.874771
322,ごとう内科消化器科クリニック,959-0241,燕市,吉田神田町9-5,0256-93-1114,平成11年4月1日,後藤　俊夫,後藤　俊夫,1,0,0,1,0,0,0,0,0,0,0,0,0,0,0,0,0,0,0,0,0,0,0,0,0,0,0,0,0,0,0,0,0,0,0,0,0,0,0,,,,,,37.690941,138.882217
323,齋藤医院,959-1244,燕市,中央通1丁目1番34号,0256-63-4006,平成2年8月1日,医療法人社団　齋藤医院,齋藤　博之,1,1,1,0,0,0,0,0,0,1,0,0,0,0,0,0,0,0,0,0,0,0,0,0,0,0,0,0,0,0,0,0,0,0,0,0,0,0,0,,,,,,37.664467,138.930328
324,さいとう内科クリニック,959-0214,燕市,吉田法花堂1696-4,0256-91-0016,平成25年8月23日,斉藤　琢磨,斉藤　琢磨,1,1,0,0,0,0,0,0,0,1,0,0,0,0,0,0,0,0,0,0,0,0,0,0,0,0,0,0,0,0,0,0,0,0,0,0,0,0,0,,,,,,37.679962,138.891235
325,坂井眼科医院,959-0214,燕市,吉田法花堂1635-1,0256-93-5200,平成4年8月1日,坂井　豊明,坂井　豊明,0,0,0,0,0,0,0,0,0,0,0,0,0,0,0,0,0,0,0,0,0,0,0,0,0,0,0,1,0,0,0,0,0,0,0,0,0,0,0,,,,,,37.681061,138.884583
326,榊原医院,959-0124,燕市,五千石3247,0256-97-5111,平成12年4月13日,榊原　清,榊原　清,1,0,0,1,0,0,0,0,0,0,0,0,0,0,0,1,0,0,0,0,0,0,1,0,0,0,0,0,0,0,0,0,0,0,0,0,0,0,0,,,,胃腸科,,37.623848,138.839050
327,さかいファミリークリニック,959-1274,燕市,柳山777-1,0256-61-7737,平成30年5月1日,医療法人社団さかいファミリークリニック,坂井　勇仁,1,0,0,0,0,0,0,0,0,0,1,0,0,0,0,0,0,0,0,0,0,0,0,0,0,0,0,0,0,0,0,0,0,0,0,0,0,0,0,,,,,,37.639477,138.902664
328,佐藤眼科クリニック,959-0130,燕市,分水桜町2-5-2,0256-97-3100,平成16年10月1日,医療法人社団佐藤眼科クリニック,佐藤　知明,0,0,0,0,0,0,0,0,0,0,0,0,0,0,0,0,0,0,0,0,0,0,0,0,0,0,0,1,0,0,0,0,0,0,0,0,0,0,0,,,,,,37.627823,138.838913
329,佐藤内科小児科医院,959-0130,燕市,分水桜町2丁目4番21号,0256-97-2355,平成13年7月9日,医療法人社団佐藤内科小児科医院,佐藤　直明,1,0,0,0,0,0,0,0,0,0,0,0,1,0,0,0,0,0,0,0,0,0,0,0,0,0,0,0,0,0,0,0,0,0,0,0,0,0,0,,,,,,37.627792,138.838348
330,社団法人　新潟県労働衛生医学協会附属燕検査センター,959-1289,燕市,大字東太田字杉名田6857,0256-63-5260,昭和59年3月1日,社団法人新潟県労働衛生医学協会,藤巻　宏夫,1,0,0,0,0,0,0,0,0,0,0,0,0,0,0,0,0,0,0,0,0,0,0,0,0,0,0,0,0,0,0,0,0,0,0,0,0,0,0,,,,,,37.669083,138.914597
331,社団法人　新潟県労働衛生医学協会附属吉田検査センター,959-0232,燕市,吉田東栄町36-20,0256-92-2336,昭和45年5月,社団法人新潟県労働衛生医学協会,高澤　希子,1,0,0,0,0,0,0,0,0,0,0,0,0,0,0,0,0,0,0,0,0,0,0,0,0,0,0,0,0,0,0,0,0,0,0,0,0,0,0,,,,,,37.679996,138.874756
332,小児科こでらクリニック,959-1228,燕市,佐渡242-1,0256-63-4159,平成14年9月1日,医療法人社団小児科こでらクリニック,古寺　利彰,0,0,0,0,0,0,0,0,0,1,0,0,1,0,0,0,0,0,0,0,0,0,0,0,0,0,0,0,0,0,0,0,0,0,0,0,0,0,0,,,,,,37.665218,138.949753
333,清野医院,959-0129,燕市,地蔵堂本町三丁目4番6号,0256-97-2433,令和3年6月1日,医療法人社団　桜煌会,清野　智,1,0,0,1,0,0,0,0,0,0,0,0,0,0,0,0,0,0,0,0,0,0,0,0,0,0,0,0,0,0,0,0,0,0,0,0,0,0,0,,,,,,37.628281,138.842514
334,たかだ小児科医院,959-0264,燕市,吉田3505-1,0256-93-5107,平成8年4月10日,医療法人社団　高田小児科医院,髙田　彰,0,0,0,0,0,0,0,0,0,0,0,0,1,0,0,0,0,0,0,0,0,0,0,0,0,0,0,0,0,0,0,0,0,0,0,0,0,0,0,,,,,,37.696293,138.883972
335,丹野神経内科クリニック,959-0264,燕市,吉田2758-1,0256-92-1116,令和8年2月1日,丹野　芳範,丹野　芳範,1,0,0,0,0,1,0,0,0,0,0,0,0,0,0,0,0,0,0,0,0,0,0,0,0,0,0,0,0,0,0,0,0,0,0,0,0,0,0,,,,,,37.694321,138.885544
336,地域密着ユニット型介護福祉施設はな広場・しまかみ,959-0111,燕市,横田9948番地1,0256-47-1222,平成23年9月1日,社会福祉法人　桜井の里福祉会,小原　宏一,1,0,0,0,0,0,0,0,0,0,0,0,0,0,0,0,0,0,0,0,0,0,0,0,0,0,0,0,0,0,0,0,0,0,0,0,0,0,0,,,,,,37.632126,138.887970
337,地域密着型特別養護老人ホームときわ燕,959-1223,燕市,上児木390番地,0256-61-7011,平成29年5月1日,社会福祉法人　行雲,石黒　桂一郎,1,0,0,0,0,0,0,0,0,0,0,0,0,0,0,0,0,0,0,0,0,0,0,0,0,0,0,0,0,0,0,0,0,0,0,0,0,0,0,,,,,,37.681957,138.964691
338,つばくろの里医務室,959-0111,燕市,大字横田13604,0256-66-2602,昭和55年5月23日,社会福祉法人　つばめ福祉会,岩崎　洋一,1,0,0,0,0,0,0,0,0,0,0,0,0,0,0,0,0,0,0,0,0,0,0,0,0,0,0,0,0,0,0,0,0,0,0,0,0,0,0,,,,,,37.635906,138.884247
339,燕アイクリニック,959-1232,燕市,井土巻2丁目28,0256-64-2797,令和4年9月1日,戸田　和寿,戸田　和寿,0,0,0,0,0,0,0,0,0,0,0,0,0,0,0,0,0,0,0,0,0,0,0,0,0,0,0,1,0,0,0,0,0,0,0,0,0,0,0,,,,,,37.654633,138.928955
340,燕市役所燕庁舎,959-1251,燕市,白山町2-7-27燕市役所健康づくり課,0256-63-4001,平成18年3月31日,燕市,古川　伸夫,0,0,0,0,0,0,0,0,0,0,0,0,0,0,0,0,0,0,0,0,0,0,0,0,0,0,0,0,0,0,0,0,0,0,0,0,0,0,0,,,,標榜科なし,,37.666737,138.926193
341,燕市保健センター,959-0242,燕市,吉田大保町25-15,0256-93-5461,平成18年3月20日,燕市,甲田　豊,0,0,0,0,0,0,0,0,0,0,0,0,0,0,0,0,0,0,0,0,0,0,0,0,0,0,0,0,0,0,0,0,0,0,0,0,0,0,0,,,,標榜科なし,,37.689289,138.882950
342,つばめ皮フ科,959-0264,燕市,吉田3453番1,0256-94-8866,平成29年4月1日,久保田　葉子,久保田　葉子,0,0,0,0,0,0,0,0,1,0,0,0,0,0,0,0,0,0,0,0,0,0,0,0,0,0,0,0,0,0,0,0,0,0,0,0,0,0,0,,,,,,37.694321,138.885544
343,つばめ福寿園医務室,959-1228,燕市,佐渡745-1,0256-62-6157,昭和60年3月11日,社会福祉法人　つばめ福祉会,石田　啓一郎,1,0,0,0,0,0,0,0,0,0,0,0,0,0,0,0,0,0,0,0,0,0,0,0,0,0,0,0,0,0,0,0,0,0,0,0,0,0,0,,,,,,37.666515,138.953369
344,富樫医院,959-1261,燕市,秋葉町1-2-23,0256-63-5777,平成5年9月1日,医療法人社団　富樫医院,富樫　俊二,1,0,0,0,0,0,0,0,0,0,0,0,0,1,1,0,0,0,0,0,0,0,0,0,0,0,0,0,0,0,0,0,0,0,0,0,0,0,0,,,,,,37.662148,138.922531
345,特別養護老人ホームさわたりの郷　医務室,959-1228,燕市,佐渡741-1,0256-62-6157,平成19年4月1日,社会福祉法人　つばめ福祉会,青山　徹,1,0,0,0,0,0,0,0,0,0,0,0,0,0,0,0,0,0,0,0,0,0,0,0,0,0,0,0,0,0,0,0,0,0,0,0,0,0,0,,,,,,37.660755,138.951431
346,特別養護老人ホーム白ふじの里医務室,959-1263,燕市,大曲2472-1,0256-61-6150,平成12年4月1日,社会福祉法人　つばめ福祉会,古川　伸夫,1,0,0,0,0,0,0,0,0,0,0,0,0,0,0,0,0,0,0,0,0,0,0,0,0,0,0,0,0,0,0,0,0,0,0,0,0,0,0,,,,,,37.646637,138.915604
347,特別養護老人ホーム「太陽の園」医務・看護室,959-0214,燕市,法花堂740,0256-92-3339,平成1年4月1日,社会福祉法人　吉田福祉会,今成　朗,1,0,0,0,0,0,0,0,0,0,0,0,0,0,0,0,0,0,0,0,0,0,0,0,0,0,0,0,0,0,0,0,0,0,0,0,0,0,0,,,,,,37.673161,138.882095
348,特別養護老人ホーム「分水の里」医務室,959-0133,燕市,新堀2479-2,0256-97-7111,平成11年10月1日,社会福祉法人　桜井の里福祉会,佐藤　直明,1,0,0,0,0,0,0,0,0,0,0,0,0,0,0,0,0,0,0,0,0,0,0,0,0,0,0,0,0,0,0,0,0,0,0,0,0,0,0,,,,,,37.641087,138.838531
349,特別養護老人ホーム「分水のいちごの実」医務室,959-0124,燕市,五千石字屋敷浦3223-3,0256-98-0016,平成26年1月1日,社会福祉法人　新潟さくら会,高橋　貞就,1,0,0,0,0,0,0,0,0,0,0,0,0,0,0,0,0,0,0,0,0,0,0,0,1,0,0,0,0,0,0,0,0,0,0,0,0,0,0,,,,,,37.612537,138.831665
350,特別養護老人ホーム「吉田愛宕の園」医務室・看護コーナー,959-0227,燕市,粟生津字山王855,0256-92-9911,平成19年10月1日,社会福祉法人　愛宕福祉会,佐藤　直明,1,0,0,0,0,0,0,0,0,0,0,0,0,0,0,0,0,0,0,0,0,0,0,0,0,0,0,0,0,0,0,0,0,0,0,0,0,0,0,,,,,,37.646584,138.866852
351,特別養護老人ホーム燕愛宕の園医務室,959-1289,燕市,東太田1066番地5,0256-61-3750,平成30年3月1日,社会福祉法人　愛宕福祉会,高木　顕,1,0,0,0,0,0,0,0,0,0,0,0,0,0,0,0,0,0,0,0,0,0,0,0,0,0,0,0,0,0,0,0,0,0,0,0,0,0,0,,,,,,37.677910,138.941132
352,特別養護老人ホーム遊生の町医務室,959-1286,燕市,小関1389番地4,0256-64-7271,平成30年5月1日,社会福祉法人　遊生会,湧井　智,1,0,0,0,0,0,0,0,0,0,0,0,0,0,0,0,0,0,0,0,0,0,0,0,0,0,0,0,0,0,0,0,0,0,0,0,0,0,0,,,,,,37.663532,138.903183
353,富永草野医院,959-0211,燕市,富永216-1,0256-93-1001,平成9年8月1日,医療法人　積発堂,滝澤　隆史,1,0,0,0,0,0,0,0,0,0,0,0,0,0,0,0,0,0,0,0,0,0,0,0,1,0,0,0,0,0,0,0,0,1,0,0,0,0,0,,,,,,37.695900,138.889420
354,中村医院,959-0237,燕市,吉田堤町7-3,0256-93-2180,昭和63年6月1日,中村　宏志,中村　宏志,1,0,1,0,0,0,1,0,0,0,0,0,0,0,0,0,0,0,0,0,0,0,0,0,0,0,0,0,0,0,0,0,0,0,0,0,0,0,0,,,,,,37.689163,138.879501
355,にいじま耳鼻科医院,959-0251,燕市,吉田本所74番1,0256-92-1133,平成11年4月1日,医療法人社団　にいじま耳鼻科医院,新島　元,0,0,0,0,0,0,0,0,0,0,0,0,0,0,0,0,0,0,0,0,0,0,0,0,0,0,0,0,1,0,0,0,0,0,0,0,0,0,0,,,,,,37.696999,138.879959
356,のがみ眼科,959-0265,燕市,吉田東町3473-2,0256-77-5333,平成20年12月20日,野神　麗子,野神　麗子,0,0,0,0,0,0,0,0,0,0,0,0,0,0,0,0,0,0,0,0,0,0,0,0,0,0,0,1,0,0,0,0,0,0,0,0,0,0,0,,,,,,37.695625,138.881454
357,パナソニック新潟健康管理室,959-0123,燕市,大川津字島畑1115,0256-97-4411,平成3年1月7日,パナソニック健康保険組合,宮島　静一,1,0,0,0,0,0,0,0,0,0,0,0,0,0,0,0,0,0,0,0,0,0,0,0,0,0,0,0,0,0,0,0,0,0,0,0,0,0,0,,,,,,37.607101,138.841980
358,プラザ21眼科クリニック,959-1232,燕市,井土巻3丁目95,0256-66-4009,平成27年1月16日,佐藤義隆,佐藤　義隆,0,0,0,0,0,0,0,0,0,0,0,0,0,0,0,0,0,0,0,0,0,0,0,0,0,0,0,1,0,0,0,0,0,0,0,0,0,0,0,,,,,,37.650356,138.934052
359,古川医院分院,959-1257,燕市,宮町1番10号,0256-63-2614,昭和63年4月1日,医療法人社団　古川医院,古川　伸夫,1,0,0,0,0,0,0,0,0,0,0,0,0,0,0,0,0,0,0,0,0,0,0,0,0,0,0,0,0,0,0,0,0,0,0,0,0,0,0,,,,,,37.664734,138.926346
360,本間医院,959-1261,燕市,秋葉町4-13-53,0256-63-3110,昭和62年4月1日,医療法人社団　本間医院,本間　信之,1,0,0,1,0,0,0,0,0,0,0,0,0,0,0,0,0,0,0,0,0,0,0,0,0,0,0,0,0,0,0,0,0,0,0,0,0,0,0,,,,,,37.660610,138.916519
361,本間医院,959-0129,燕市,地蔵堂本町2-5-1,0256-97-3133,平成1年8月1日,医療法人社団　本間医院,片桐　幹夫,1,0,0,0,0,0,0,0,1,0,0,0,0,0,0,1,0,0,0,0,0,0,0,0,1,0,0,0,0,0,0,0,0,0,0,0,0,0,0,,,,,,37.626514,138.842270
362,丸山生春医院,959-1251,燕市,白山町1-3-20,0256-66-3051,平成4年4月23日,佐藤　祐次,佐藤　祐次,1,0,0,0,0,0,0,0,0,0,0,0,0,0,0,0,0,0,0,0,0,0,0,0,0,0,0,0,0,0,0,0,0,0,0,1,0,0,0,,,,,,37.663837,138.921616
363,水澤こどもクリニック,959-1289,燕市,東太田6864-1,0256-61-3456,平成17年7月7日,水澤　一郎,水澤　一郎,0,0,0,0,0,0,0,0,0,0,0,0,1,0,0,0,0,0,0,0,0,0,0,0,0,0,0,0,0,0,0,0,0,0,0,0,0,0,0,,,,,,37.669083,138.914597
364,水澤内科医院,959-1258,燕市,仲町6番13号,0256-66-5522,平成25年10月1日,医療法人社団　水澤内科医院,水澤　彰郎,1,1,0,0,0,0,0,0,0,1,0,0,1,0,0,0,0,0,0,0,0,0,0,0,0,0,0,0,0,0,0,0,0,0,0,0,0,0,0,,,,,,37.662518,138.924301
365,宮島循環器内科,959-1232,燕市,井土巻4丁目279,0256-61-6501,平成19年4月1日,医療法人社団　宮島循環器内科,宮島　静一,1,0,1,0,0,0,0,0,0,0,0,0,0,0,0,0,0,0,0,0,0,0,0,0,0,0,0,0,0,0,0,0,0,0,0,0,0,0,0,,,,,,37.654755,138.935989
366,湧井医院,959-0237,燕市,吉田堤町3-16,0256-93-2220,平成30年3月16日,湧井　智,湧井　智,1,0,0,0,0,0,0,0,0,0,0,0,0,0,0,0,0,0,0,0,0,0,0,0,0,0,0,0,0,0,0,0,0,0,0,0,0,0,0,,,,,,37.688393,138.877991
367,たけうち内科クリニック,959-1234,燕市,南6丁目11番18号,0256-63-6912,令和6年6月1日,医療法人社団　竹林会　たけうち内科クリニック,竹内　亮,1,0,0,0,0,0,1,0,0,0,0,0,0,0,0,0,0,0,0,0,0,0,0,0,0,0,0,0,0,0,0,0,0,0,0,0,0,0,0,,,,,,37.656200,138.931396
368,古川医院,959-1289,燕市,東太田7018番地1,0256-46-0855,令和6年9月2日,医療法人社団古川医院,古川　和郎,1,0,0,0,0,0,1,0,0,0,0,0,0,0,0,0,0,0,0,0,0,0,0,0,0,0,0,0,0,0,0,0,0,0,0,0,0,0,0,,,,,,37.669083,138.914597
369,たかだ産婦人科医院,959-0264,燕市,吉田2750-1,0256-78-7511,令和6年11月1日,医療法人社団　恒佳会,髙田　杏奈,0,0,0,0,0,0,0,0,0,0,0,0,0,0,0,0,0,0,0,0,0,0,0,0,0,0,0,0,0,0,1,1,0,0,0,0,0,0,0,,,,,,37.692013,139.070618
370,ささき耳鼻科クリニック,959-1232,燕市,井土巻2丁目347,0256-64-8760,令和7年4月1日,佐々木　祟暢,佐々木　祟暢,0,0,0,0,0,0,0,0,0,1,0,0,0,0,0,0,0,0,0,0,0,0,0,0,0,0,0,0,1,0,0,0,0,0,0,0,0,0,0,,,,,,37.698849,139.057968
371,特別養護老人ホームあじさいの里医務室,959-1502,田上町,大字田上丙2987番地1,0256-57-2000,平成7年7月1日,社会福祉法人　ごまどう福祉会,鈴木　東,1,0,0,0,0,0,0,0,0,0,0,0,0,0,0,0,0,0,0,0,0,0,0,0,0,0,0,0,0,0,0,0,0,0,0,0,0,0,0,,,,,,37.720390,139.077393
372,須田医院,959-1512,田上町,大字羽生田丙151-14,0256-41-5025,平成13年4月1日,医療法人社団　須田医院,須田　剛,1,0,0,0,0,0,0,0,0,0,0,0,0,0,0,0,0,0,0,0,0,0,0,1,0,0,0,0,0,0,0,0,0,1,0,0,0,0,0,,,,,,37.692932,139.059036
373,田上診療所,959-1502,田上町,大字田上丙1225番地,0256-57-5015,平成6年9月1日,医療法人社団　田上診療所,七里　雅男,1,0,0,0,0,0,0,0,0,0,0,0,1,1,0,0,0,0,0,0,0,0,0,0,0,0,0,0,0,0,0,0,0,0,0,0,0,0,0,,,,,,37.713722,139.072052
374,田上町総合保健福祉センター,959-1503,田上町,大字原ヶ崎新田3071番地,0256-57-6112,平成9年5月1日,田上町,七里　雅男,1,0,0,0,0,0,0,0,0,0,0,0,0,0,0,0,0,0,0,0,0,0,0,0,0,0,0,0,0,0,0,0,0,0,0,0,0,0,0,,,,,,37.691059,138.855164
375,星野内科医院,959-1513,田上町,大字川船河甲1330-6,0256-41-4141,平成14年12月2日,星野　清,星野　清,1,1,0,0,0,0,0,0,0,1,0,0,0,0,0,0,0,0,0,0,0,0,0,0,0,0,0,0,0,0,0,0,0,0,0,0,0,0,0,,,,,,37.680271,138.868408
376,桜井の里医務室,959-0318,弥彦村,麓3036,0256-94-3939,平成6年4月1日,社会福祉法人　桜井の里福祉会,蓮池　尚文,1,0,0,0,0,0,0,0,0,0,0,0,0,0,0,0,0,0,0,0,0,0,0,0,0,0,0,0,0,0,0,0,0,0,0,0,0,0,0,,,,,,37.679909,138.826385
377,堤内科医院,959-0305,弥彦村,大字矢作7395-1,0256-94-4402,平成8年4月1日,医療法人社団　堤内科医院,堤　清次,1,0,1,0,0,0,0,0,1,0,0,0,1,0,0,0,0,0,0,0,0,0,0,0,0,0,0,0,0,0,0,0,0,0,0,0,0,0,0,,,,,,37.690796,138.857483
378,本間医院弥彦診療所,959-0323,弥彦村,大字弥彦1043-59,0256-94-2052,平成1年4月1日,医療法人社団　本間医院,本間　候,1,0,0,0,0,0,0,0,0,0,0,0,1,0,0,0,0,0,0,0,0,0,0,0,0,0,0,0,0,0,0,0,0,0,0,0,0,0,0,,,,,,37.701176,138.830688
379,弥彦競輪場医務室,959-0323,弥彦村,大字弥彦2621弥彦競輪場内,0256-94-2066,平成21年6月2日,弥彦村,島垣　和花,1,0,0,0,0,0,0,0,1,0,0,0,0,0,0,0,0,0,0,0,0,0,0,0,1,0,0,0,0,0,0,0,0,0,0,0,0,0,0,,,,,,37.711849,138.819626
380,やひこの里診療所,959-0318,弥彦村,大字麓6958,0256-94-2362,平成3年4月1日,西蒲原郡福祉事務組合,本間　候,1,0,0,0,0,0,0,0,0,0,0,0,0,0,0,0,0,0,0,0,0,0,0,0,0,0,0,0,0,0,0,0,0,0,0,0,0,0,0,,,,,,37.446533,138.851486
381,弥彦村保健センター,959-0318,弥彦村,大字麓3047,0256-94-3003,平成3年5月1日,弥彦村,島垣　和花,1,0,0,0,0,0,0,0,0,0,0,0,0,0,0,0,0,0,0,0,0,0,0,0,0,0,0,0,0,0,0,0,0,0,0,0,0,0,0,,,,,,37.446533,138.851486
382,アイ内科クリニック,940-0061,長岡市,城内町1丁目611-1 CoCoLo長岡2階,0258-33-8833,令和1年11月1日,（医社）悠安舎,殷　熙安,1,0,0,0,0,0,0,0,0,0,0,0,0,0,0,0,0,0,0,0,0,0,0,0,0,0,0,0,0,0,0,0,0,0,0,0,0,0,0,,,0,,,37.446590,138.853516
383,青柳医院,940-0046,長岡市,四郎丸2-4-12,0258-32-3118,平成1年8月1日,(医社）青柳医院,青柳　徹,1,0,0,0,0,0,0,0,0,0,0,0,0,0,0,0,0,0,0,0,0,0,0,0,0,0,0,0,0,0,0,0,0,0,0,0,0,0,0,,,0,,,37.440784,138.855759
384,旭岡木口クリニック,940-0840,長岡市,旭岡2丁目207番地,0258-94-4951,令和1年10月16日,（医社）木口内科クリニック,木口　俊郎,1,1,0,0,0,0,0,0,0,0,0,0,0,0,0,0,0,0,0,0,0,0,0,0,0,0,0,0,0,0,0,0,0,0,0,0,0,0,0,,,0,,,37.425865,138.856842
385,阿部アイクリニック,940-0875,長岡市,新保1-21-1,0258-33-3533,平成8年4月1日,阿部　映一,阿部　映一,0,0,0,0,0,0,0,0,0,0,0,0,0,0,0,0,0,0,0,0,0,0,0,0,0,0,0,1,0,0,0,0,0,0,0,0,0,0,0,,,0,,,37.462837,138.866562
386,市川医院,940-0097,長岡市,山田2-4-13,0258-33-4619,平成11年9月1日,(医社）市川医院,市川　健太郎,1,0,0,0,0,0,0,0,0,0,0,0,0,0,0,0,0,0,0,0,0,0,0,0,0,0,0,0,0,0,0,0,0,0,0,0,0,0,0,,,0,,,37.446091,138.838943
387,伊藤皮膚科クリニック,940-0046,長岡市,四郎丸4-6-18,0258-35-2001,平成1年4月1日,(医社)伊藤医院,伊藤　薫,0,0,0,0,0,0,0,0,1,0,0,0,0,0,0,0,0,0,0,0,0,0,0,0,0,0,0,0,0,0,0,0,0,0,0,0,0,0,0,,,0,,,37.443970,138.855972
388,江部医院,940-0087,長岡市,千手3-10-12,0258-32-0971,平成5年9月1日,(医社）江部医院,江部　佑輔,1,1,0,0,0,0,0,0,0,0,0,0,0,0,0,0,0,0,0,0,0,0,0,0,0,0,0,0,0,0,0,0,0,0,0,0,0,0,0,,,0,,,37.445431,138.842636
389,王見台診療所,940-2056,長岡市,王番田町2900,0258-28-8800,平成11年4月1日,(社福）長岡福祉協会,三木　健司,1,0,0,0,0,0,0,0,0,0,0,0,0,0,0,0,0,0,0,0,0,0,0,0,1,0,0,0,0,0,0,0,0,0,0,0,0,0,0,,,0,,,37.465542,138.789337
390,おおじま心療クリニック,940-2105,長岡市,緑町1-甲1177-69,0258-25-8707,平成15年10月1日,(医社)おおじま心療クリニック,大橋　正和,0,0,0,0,0,0,0,0,0,0,0,0,0,1,1,0,0,0,0,0,0,0,0,0,0,0,0,0,0,0,0,0,0,0,0,0,0,0,0,,,0,,,37.447514,138.822235
391,太田こどもとアレルギークリニック,940-0023,長岡市,新町1-2-29,0258-32-4884,平成2年4月1日,(医社）太田クリニック,太田　匡哉,1,0,0,0,0,0,0,0,0,1,0,0,1,0,0,0,0,0,0,0,0,0,0,0,0,0,0,0,0,0,0,0,0,0,0,0,0,0,0,,,0,,,37.459911,138.855545
392,大貫内科医院,940-2104,長岡市,大島新町4-121-14,0258-29-3455,平成7年9月1日,(医社）大貫内科医院,西垣　佑紀,1,0,0,1,0,0,0,0,0,0,0,0,0,0,0,0,0,0,0,0,0,0,0,0,0,0,0,0,0,0,0,0,0,0,1,0,0,0,0,,,0,,,37.445663,138.820450
393,おくがわ小児クリニック,940-2106,長岡市,古正寺1-2838,0258-28-3111,平成17年4月1日,医療法人　おくがわ小児クリニック,奥川　敬祥,0,0,0,0,0,0,0,0,0,1,0,0,1,0,0,0,0,0,0,0,0,0,0,0,0,0,0,0,0,0,0,0,0,0,0,0,0,0,0,,,0,,,37.455235,138.821655
394,片桐医院,940-2034,長岡市,上除町西2-54,0258-46-2027,平成14年4月1日,(医社）片桐医院,鈴木　俊太郎,1,0,0,0,0,0,0,0,0,0,0,0,1,0,0,0,0,0,0,0,0,0,0,0,0,0,0,0,0,0,0,0,0,0,1,0,0,0,0,,,0,,,37.452320,138.778473
395,特別養護老人ホームかつぼ園診療所,940-0803,長岡市,加津保町1695-2,0258-44-8338,昭和62年5月1日,(社福)長岡東山福祉会,北澤　仁,1,0,0,0,0,0,0,0,0,0,0,0,0,0,0,0,0,0,0,0,0,0,0,0,0,0,0,0,0,0,0,0,0,0,0,0,0,0,0,,,0,,,37.475784,138.916733
396,加藤クリニック,940-0864,長岡市,川崎6-1289,0258-31-1148,平成14年8月26日,（医社）加藤クリニック,加藤　英雄,1,0,0,1,0,0,0,0,0,0,0,0,0,0,0,1,0,0,0,0,0,0,1,0,0,0,0,0,0,0,0,0,0,1,0,0,0,0,0,,,0,,,37.454861,138.873352
397,加納耳鼻咽喉科医院,940-2113,長岡市,大山2-8-4,0258-28-0303,平成1年4月1日,(医社）加納医院,加納　昭彦,0,0,0,0,0,0,0,0,0,1,0,0,0,0,0,0,0,0,0,0,0,0,0,0,0,0,0,0,1,0,0,0,0,0,0,0,0,0,0,,,0,,,37.442101,138.816711
398,かわさき内科クリニック,940-0864,長岡市,川崎2-2477-1,0258-34-1180,平成11年5月1日,(医社）かわさき内科クリニック,高野　吉行,1,0,0,0,0,0,0,0,0,0,0,0,1,0,0,0,0,0,0,0,0,0,0,0,0,0,0,0,0,0,0,0,0,0,0,0,0,0,0,,,0,,,37.452095,138.867813
399,かわじ整形外科,940-0856,長岡市,美沢2丁目55番地1,0258-36-6300,平成19年6月1日,河路　洋一,河路　洋一,0,0,0,0,0,0,0,0,0,0,1,0,0,0,0,0,0,0,0,0,0,0,0,0,1,0,0,0,0,0,0,0,0,1,0,0,0,0,0,,,0,,,37.439964,138.866364
400,生協かんだ診療所,940-0024,長岡市,西新町2丁目3番22号,0258-32-2887,平成15年4月1日,ながおか医療生活協同組合,星野　智,1,0,1,1,0,0,0,0,0,0,0,0,0,0,0,0,0,0,0,0,0,1,0,0,0,0,0,0,0,0,0,0,0,1,0,0,0,0,0,,,0,,,37.465511,138.854843
401,草間医院,940-0071,長岡市,表町4-1-3,0258-32-0289,平成18年8月1日,草間　昭夫,草間　昭夫,1,0,0,1,0,0,0,0,0,0,0,0,0,0,0,1,0,0,0,0,0,0,1,0,0,0,0,0,0,0,0,0,0,0,0,0,0,0,0,,,0,,,37.451588,138.848450
402,窪田医院,940-1151,長岡市,三和1-3-27,0258-39-3193,平成9年8月1日,窪田　久,窪田　久,1,0,0,0,0,0,0,0,0,0,0,0,0,0,0,0,0,0,0,0,0,0,0,0,0,0,0,0,0,0,0,0,0,0,0,0,0,0,0,,,0,,,37.432728,138.843658
403,特別養護老人ホーム岡南の郷医務室,940-1132,長岡市,渡沢町字早田53,0258-23-7511,平成13年4月9日,(社福）信濃川令終会,江部　佑輔,1,1,0,0,0,0,0,0,0,0,0,0,0,0,0,1,0,0,0,0,0,0,0,0,0,0,0,0,0,0,0,0,0,0,0,0,0,0,0,,,0,,,37.365974,138.854782
404,特別養護老人ホームこぶし園診療所,940-2121,長岡市,喜多町2900番地,0258-20-5170,平成26年3月1日,社会福祉法人　長岡福祉協会,本田　雅浩,1,0,0,0,0,0,0,0,0,0,0,0,0,0,0,0,0,0,0,0,0,0,0,0,0,0,0,0,0,0,0,0,0,0,0,0,0,0,0,,,0,,,37.453239,138.805374
405,さいとう医院,940-2105,長岡市,緑町1-38-56,0258-28-1158,昭和61年12月1日,(医社）さいとう医院,齋藤　淳志,1,0,1,0,0,0,0,0,0,0,0,0,0,0,0,0,0,0,0,0,0,0,0,0,0,0,0,0,0,0,0,0,0,0,0,0,0,0,0,,,0,,,37.450401,138.822281
406,幸町耳鼻咽喉科,940-0084,長岡市,幸町1-4-3,0258-37-4111,平成9年9月1日,(医社）幸町耳鼻咽喉科,佐藤　浩司,0,0,0,0,0,0,0,0,0,1,0,0,0,0,0,0,0,0,0,0,0,0,0,0,0,0,0,0,1,0,0,0,0,0,0,0,0,0,0,,,0,,,37.436691,138.841675
407,長岡皮フ科・形成外科医院,940-0041,長岡市,学校町1-9-20,0258-39-8186,平成26年2月19日,医療法人社団さくら形成クリニック,後藤　清,0,0,0,0,0,0,0,0,1,0,0,0,0,0,0,0,0,0,0,0,0,0,0,0,0,1,1,0,0,0,0,0,0,0,0,0,0,0,0,,,0,,,37.440941,138.858948
408,笹川眼科,940-2112,長岡市,大島本町5-113,0258-28-5005,平成18年8月16日,笹川　智幸,笹川　智幸,0,0,0,0,0,0,0,0,0,0,0,0,0,0,0,0,0,0,0,0,0,0,0,0,0,0,0,1,0,0,0,0,0,0,0,0,0,0,0,,,0,,,37.445480,138.819229
409,自明堂眼科,940-0064,長岡市,殿町3-2-8,0258-32-1217,平成1年4月1日,(医社）自明堂医院,笛田　孝明,0,0,0,0,0,0,0,0,0,0,0,0,0,0,0,0,0,0,0,0,0,0,0,0,0,0,0,1,0,0,0,0,0,0,0,0,0,0,0,,,0,,,37.446144,138.848694
410,七條胃腸科内科医院,940-0875,長岡市,新保6丁目77番地,0258-22-7177,平成22年4月1日,(医社）セッテローザ,七條　公利,1,0,0,1,0,0,0,0,0,1,0,0,0,0,0,0,0,0,0,0,0,0,0,0,0,0,0,0,0,0,0,0,1,0,0,0,0,0,0,,,0,内科：女性内科、内視鏡内科、漢方内科、食道内科、乳腺内科、胃腸内科,,37.468151,138.868912
411,長岡健康管理センター,940-2101,長岡市,千秋2-229-1,0258-28-3666,平成19年4月1日,一般財団法人　新潟県けんこう財団,明石　明夫,1,0,0,0,0,0,0,0,0,0,0,0,0,0,0,0,0,0,0,0,0,0,0,0,0,0,0,0,0,0,0,0,0,0,0,0,0,0,0,,,0,,,37.458366,138.828369
412,しなのハートクリニック,940-0098,長岡市,信濃2-6-18,0258-37-0521,平成17年8月1日,石黒　淳司,石黒　淳司,1,0,1,0,0,0,0,0,0,0,0,0,0,1,1,0,0,0,0,0,0,0,0,0,0,0,0,0,0,0,0,0,0,0,0,0,0,0,0,,,0,歯科標榜,○,37.450813,138.837814
413,じゅん脳外科内科,940-0025,長岡市,泉2-4-1,0258-39-8155,平成11年9月1日,(医社）じゅん脳外科・内科,土田　秀夫,1,0,0,0,0,0,0,0,0,0,0,0,0,0,0,0,0,0,0,0,0,0,0,1,0,0,0,0,0,0,0,0,0,1,0,0,0,0,0,,,0,,,37.464409,138.852646
414,特別養護老人ホーム縄文の杜関原医務室,940-2035,長岡市,関原町1丁目字上ﾉ沢1072ｰ1,0258-21-5055,平成17年9月1日,(社福）長岡三古老人福祉会,本田　雅浩,1,0,0,0,0,0,0,0,0,0,0,0,0,0,0,0,0,0,0,0,0,0,0,0,0,0,0,0,0,0,0,0,0,0,0,0,0,0,0,,,0,,,37.442741,138.768616
415,新保内科医院,940-2106,長岡市,古正寺3-12,0258-25-8282,平成21年4月1日,(医社)　新俊会,新保　俊光,1,1,0,0,0,0,0,0,0,1,0,0,1,0,0,0,0,0,0,0,0,0,0,0,0,0,0,0,0,0,0,0,0,0,0,0,0,0,0,,,0,,,37.458504,138.824814
416,医療法人社団　杉本医院,940-0087,長岡市,千手3-1-9,0258-32-3018,平成12年4月1日,(医社）杉本医院,杉本　伸彦,1,0,0,1,0,0,0,0,0,0,0,0,1,0,0,0,0,0,0,0,0,0,0,0,0,0,0,0,0,0,0,0,0,0,0,0,0,0,0,,,0,,,37.443325,138.844650
417,鈴木内科医院,940-0087,長岡市,千手1-8-6,0258-35-6946,平成8年4月1日,(医社）鈴木内科医院,鈴木　信明,1,0,0,0,0,0,0,0,0,0,0,0,0,0,0,0,0,0,0,0,0,0,0,0,0,0,0,0,0,0,0,0,0,0,0,0,0,0,0,,,0,,,37.440052,138.843613
418,セントポーリアウイメンズクリニック,940-2116,長岡市,南七日町2-8,0258-21-0800,平成15年4月1日,(医社）セントポーリアクリニック,星野　明生,1,0,0,0,0,0,0,0,0,0,0,0,0,0,0,0,0,0,0,0,0,0,0,0,0,0,0,0,0,0,0,1,1,0,0,0,0,0,0,,,0,女性内科,,37.441418,138.800995
419,特別養護老人ホーム千秋　診療所,940-2108,長岡市,千秋2丁目221番地14,0258-28-8820,平成20年7月1日,(社福)長岡福祉協会,石黒　淳司,1,0,0,0,0,0,0,0,0,0,0,0,0,0,0,0,0,0,0,0,0,0,0,0,0,0,0,0,0,0,0,0,0,0,0,0,0,0,0,,,0,,,37.459034,138.827637
420,髙木内科クリニック,940-2105,長岡市,緑町1-37-2,0258-21-3500,平成15年4月1日,(医社）髙木クリニック,高木　正人,1,0,0,0,0,0,0,0,0,0,0,0,1,0,0,0,0,0,0,0,0,0,0,0,0,0,0,0,0,0,0,0,0,0,0,0,0,0,0,,,0,,,37.450565,138.824371
421,高野医院,940-0048,長岡市,台町1-9-6,0258-32-0767,平成1年10月1日,(医社）高野医院,高野　勝,1,0,0,0,0,0,0,0,0,0,0,0,0,0,0,1,0,0,0,0,0,0,0,0,0,0,0,0,0,0,0,0,0,0,0,0,0,0,0,,,0,,,37.444481,138.854385
422,高橋内科医院,940-0836,長岡市,豊田町7-10,0258-36-5666,平成1年8月1日,(医社）高橋内科医院,高橋　暁,1,0,0,1,0,0,0,0,0,0,0,0,0,0,0,0,0,0,0,0,0,0,0,0,0,0,0,0,0,0,0,0,0,0,0,0,0,0,0,,,0,,,37.429661,138.854935
423,田中医院,940-0094,長岡市,中島7-1-31,0258-35-3377,平成1年8月1日,(医社）田中医院,田中　直行,1,0,0,0,0,0,0,0,0,0,0,0,0,0,0,1,0,0,0,0,0,0,0,0,0,0,0,0,0,0,0,0,0,0,0,0,0,0,0,,,0,,,37.459259,138.850510
424,田辺医院,940-0054,長岡市,稽古町甲1663甲,0258-33-7661,昭和61年12月1日,(医社）雄志会,田辺　一彦,1,0,1,0,0,0,0,0,0,0,0,0,1,0,0,0,0,0,0,0,0,0,0,0,0,0,0,0,0,0,0,0,0,0,1,0,0,0,0,,,0,,,37.454460,138.855499
425,こころのクリニック　ウィズ,940-0061,長岡市,台町2丁目1-16,0258-34-7502,令和4年11月8日,社会医療法人崇徳会,後藤　雅博,0,0,0,0,0,0,0,0,0,0,0,0,0,1,1,0,0,0,0,0,0,0,0,0,0,0,0,0,0,0,0,0,0,0,0,0,0,0,0,,,0,,,37.446011,138.855850
426,土田内科循環器科クリニック,940-0033,長岡市,今朝白3-12-29,0258-39-8888,平成7年9月1日,(医社）土田内科循環器科クリニック,土田　桂蔵,1,0,1,0,0,0,0,0,0,0,0,0,0,0,0,0,0,0,0,0,0,0,0,0,0,0,0,0,0,0,0,0,0,0,0,0,0,0,0,,,0,,,37.450871,138.859909
427,桐樹園診療所,940-2126,長岡市,西津町字原4668,0258-47-2200,平成4年4月1日,(社福）長岡福祉協会,田崎　哲也,1,0,0,0,0,0,0,0,0,0,0,0,0,1,0,0,0,0,0,0,0,0,0,0,0,0,0,0,0,0,0,0,0,0,0,0,0,0,0,,,0,,,37.430225,138.799759
428,長尾医院,940-0034,長岡市,福住3-6-21,0258-32-3123,平成6年12月12日,(医社）長尾医院,長尾　政之助,1,0,0,0,0,0,0,0,0,0,0,0,0,0,0,0,0,0,0,0,0,0,0,0,0,0,0,0,0,0,0,0,0,0,0,0,0,0,0,,,0,,,37.454041,138.858459
429,長岡眼科医院,940-0033,長岡市,今朝白1丁目7番12号,0258-39-5577,平成19年11月11日,医療法人信眼会,安藤　伸朗,0,0,0,0,0,0,0,0,0,0,0,0,0,0,0,0,0,0,0,0,0,0,0,0,0,0,0,1,0,0,0,0,0,0,0,0,0,0,0,6,,6,,,37.446152,138.857803
430,長岡技術科学大学体育保健センター,940-2137,長岡市,上富岡町1603-1,0258-46-6000,,国立大学法人長岡技術科学大学,今井　紳一郎,1,0,0,0,0,0,0,0,0,0,0,0,0,0,0,1,0,0,0,0,0,0,0,0,0,0,0,0,0,0,0,0,0,0,0,0,0,0,0,,,0,,,37.424774,138.778793
431,長岡休日・夜間急患診療所,940-0084,長岡市,幸町2-1-1,0258-37-1199,平成26年5月13日,一般社団法人　長岡市医師会,草間　昭夫,1,0,0,0,0,0,0,0,0,0,0,0,1,0,0,1,0,0,0,0,0,0,0,0,0,0,0,0,0,0,0,0,0,0,0,0,0,0,0,,,0,,,37.435719,138.839935
432,長岡市健康増進課,940-0084,長岡市,幸町2-1-1,0258-32-5000,平成26年4月21日,長岡市長,（巡回診療）,1,0,0,0,0,0,0,0,0,0,0,0,0,0,0,0,0,0,0,0,0,0,0,0,0,0,0,0,0,0,0,0,0,0,0,0,0,0,0,,,0,歯科標榜,○,37.435719,138.839935
433,長岡市中越こども急患センター,940-0084,長岡市,幸町2-1-1,0258-86-5099,平成26年5月13日,長岡市長,草間　昭夫,0,0,0,0,0,0,0,0,0,0,0,0,1,0,0,0,0,0,0,0,0,0,0,0,0,0,0,0,0,0,0,0,0,0,0,0,0,0,0,,,0,,,37.435719,138.839935
434,長岡市役所医務室,940-8501,長岡市,大手通1丁目4番地10ｱｵｰﾚ長岡1階,0258-39-2201,平成24年11月27日,長岡市長,藤田　信也,1,0,0,0,0,0,0,0,0,0,0,0,0,0,0,0,0,0,0,0,0,0,0,0,0,0,0,0,0,0,0,0,0,0,0,0,0,0,0,,,0,,,37.446819,138.851379
435,ながおか生協診療所,940-0042,長岡市,前田1-6-7,0258-39-7001,平成7年5月10日,ながおか医療生活協同組合,羽賀　正人,1,0,0,1,0,0,0,0,0,0,0,0,0,0,0,1,0,0,0,0,0,1,0,0,0,0,0,0,0,0,0,0,0,1,0,0,0,0,0,,,0,,,37.436981,138.860474
436,長岡レディースクリニック,940-0875,長岡市,新保2丁目5番43号,0258-22-7780,平成26年4月1日,医療法人社団　長岡レディースクリニック,七里　和良,0,0,0,0,0,0,0,0,0,0,0,0,0,0,0,0,0,0,0,0,0,0,0,0,0,0,0,0,0,0,1,0,0,0,0,0,0,0,0,,,0,,,37.463577,138.866226
437,新潟県赤十字血液センター長岡出張所,940-2108,長岡市,千秋2丁目1087番1,0258-29-2350,平成22年12月21日,日本赤十字社,中野　研一,1,0,0,0,0,0,0,0,0,0,0,0,0,0,0,0,0,0,0,0,0,0,0,0,0,0,0,0,0,0,0,0,0,0,0,0,0,0,0,,,0,,,37.458450,138.826279
438,一般社団法人新潟県労働衛生医学協会附属アクアーレ長岡健康増進センター,940-2147,長岡市,新陽2-5-1 ｱｸｱｰﾚ長岡2階,0258-47-5811,平成9年4月22日,一般社団法人　新潟県労働衛生医学協会,入澤　敬夫,1,0,0,0,0,0,0,0,0,0,0,0,0,0,0,0,0,0,0,0,0,0,0,0,0,0,0,0,0,0,0,0,1,0,0,0,0,0,0,,,0,,,37.428600,138.753708
439,新潟少年学院医務課診療所,940-0828,長岡市,御山町117-13,0258-35-0118,,法務省,,1,0,0,0,0,0,0,0,0,0,0,0,0,1,0,0,0,0,0,0,0,0,0,0,1,0,0,0,0,0,0,0,0,0,0,0,0,0,0,,,0,歯科標榜,○,37.424042,138.880814
440,新潟県長岡保健所,940-0857,長岡市,沖田3丁目2711番地1,0258-33-4930,昭和60年3月14日,新潟県知事,園田　裕久,1,0,0,0,0,0,0,0,0,0,0,0,0,0,0,0,0,0,0,0,0,0,0,0,0,0,0,0,0,0,0,0,0,0,0,0,0,0,0,,,0,,,37.446068,138.868011
441,にしむら女性クリニック,940-0875,長岡市,新保6-86,0258-24-2525,平成20年8月1日,西村　紀夫,西村　紀夫,1,0,0,0,0,0,0,0,0,0,0,0,0,0,0,0,0,0,0,0,0,0,0,0,0,0,0,0,0,0,1,0,0,0,0,0,0,0,0,,,0,,,37.468151,138.868912
442,西脇耳鼻咽喉科医院,940-2023,長岡市,蓮潟4-2-22,0258-20-5115,平成15年4月1日,(医社）西脇耳鼻咽喉科医院,西脇　智弘,0,0,0,0,0,0,0,0,0,1,0,0,0,0,0,0,0,0,0,0,0,0,0,0,0,0,0,0,1,0,0,0,0,0,0,0,0,0,0,,,0,,,37.467674,138.827560
443,野々村医院,940-0026,長岡市,石内1-1-1,0258-32-8733,平成11年11月1日,(医社）野々村医院,野々村　直文,0,0,0,0,0,0,0,0,0,1,0,0,0,0,0,0,0,0,0,0,0,0,0,0,0,0,0,0,1,0,0,0,0,0,0,0,0,0,0,,,0,,,37.460560,138.853806
444,野村こどもクリニック,940-1151,長岡市,三和3-8-14,0258-39-3660,平成15年10月18日,野村　裕治,野村　裕治,1,0,0,0,0,0,0,0,0,1,0,0,1,0,0,0,0,0,0,0,0,0,0,0,0,0,0,0,0,0,0,0,0,0,0,0,0,0,0,,,0,,,37.433468,138.837418
445,特別養護老人ホーム花の里かつぼ診療所,940-0804,長岡市,水穴町393番地,0258-44-8742,平成20年9月15日,(社福)長岡東山福祉会,北澤　仁,1,0,0,0,0,0,0,0,0,0,0,0,0,0,0,0,0,0,0,0,0,0,0,0,0,0,0,0,0,0,0,0,0,0,0,0,0,0,0,,,0,,,37.472038,138.921921
446,福居皮フ科医院,940-0064,長岡市,殿町2-5-1ﾛｲﾔﾙ長岡301,0258-36-1767,昭和57年6月17日,福居　憲和,福居　憲和,0,0,0,0,0,0,0,0,1,0,0,0,0,0,0,0,0,0,0,0,0,0,0,0,0,0,0,0,0,0,0,0,0,0,0,0,0,0,0,,,0,,,37.445862,138.849411
447,特別養護老人ホーム福住　医務・静養室,940-0034,長岡市,福住2丁目1番15号,0258-31-3281,平成21年7月1日,社会福祉法人長岡三古老人福祉会,長尾　政之助,1,0,0,0,0,0,0,0,0,0,0,0,0,0,0,0,0,0,0,0,0,0,0,0,0,0,0,0,0,0,0,0,0,0,0,0,0,0,0,,,0,,,37.451336,138.857452
448,藤田皮膚科クリニック,940-0084,長岡市,幸町1-8-25,0258-39-3434,平成13年9月1日,(医社）藤田皮膚科クリニック,藤田　繁,0,0,0,0,0,0,0,0,1,0,0,0,0,0,0,0,0,0,0,0,0,0,0,0,0,0,0,0,0,0,0,0,0,0,0,0,0,0,0,,,0,,,37.438709,138.841690
449,ほんだファミリークリニック,940-2145,長岡市,青葉台3-16-6,0258-46-6085,平成17年4月1日,(医社)ほんだファミリークリニック,本田　雅浩,1,0,0,0,0,0,0,0,0,0,0,0,0,0,0,0,0,0,0,0,0,0,0,0,0,0,0,0,0,0,0,0,0,0,0,0,0,0,0,,,0,,,37.441910,138.754211
450,槇山けやき苑医務室,940-2002,長岡市,槇山町1593-1,0258-29-2500,平成8年4月8日,(社福）長岡三古老人福祉会,森田　昌宏,1,0,0,0,0,0,0,0,0,0,0,0,0,1,0,0,0,0,0,0,0,0,0,0,0,0,0,0,0,0,0,0,0,0,0,0,0,0,0,,,0,,,37.481113,138.837326
451,まちだ園医務室,940-1111,長岡市,町田町字湯沢540,0258-39-3927,平成4年4月1日,(社福）長岡福寿会,荒川　太郎,1,0,0,0,0,0,0,0,0,0,0,0,0,0,0,0,0,0,0,0,0,0,0,0,0,0,0,0,0,0,0,0,0,0,0,0,0,0,0,,,0,,,37.415749,138.859329
452,丸岡医院,940-1106,長岡市,宮内5-9-3,0258-39-2422,平成3年7月1日,丸岡　稔,丸岡　稔,1,0,0,0,0,0,0,0,0,0,0,0,0,0,0,1,0,0,0,0,0,0,0,0,0,0,0,0,0,0,0,0,1,0,0,0,0,0,0,,,0,,,37.427074,138.842819
453,三上医院,940-0083,長岡市,宮原3-12-30,0258-32-7502,平成5年10月1日,(医社）三上医院,三上　理,1,0,0,0,0,0,0,0,0,0,0,0,0,0,0,0,0,0,0,0,0,0,0,0,0,0,0,0,0,0,0,0,0,0,0,0,0,0,0,,,0,,,37.437771,138.845337
454,美園内科クリニック,940-0866,長岡市,美園2-4-1,0258-35-0333,平成1年8月1日,(医社）美園内科クリニック,戸谷　真紀,1,0,0,0,0,0,1,0,0,0,0,0,1,0,0,0,0,0,0,0,0,0,0,0,0,0,0,0,0,0,0,0,0,0,0,0,0,0,0,,,0,,,37.461300,138.869354
455,みぞはた眼科,940-2108,長岡市,千秋2丁目278番地ﾘﾊﾞｰｻｲﾄﾞ千秋2F,0258-21-3395,平成24年1月14日,溝端　乃里夫,溝端　乃里夫,0,0,0,0,0,0,0,0,0,0,0,0,0,0,0,0,0,0,0,0,0,0,0,0,0,0,0,1,0,0,0,0,0,0,0,0,0,0,0,,,0,,,37.460854,138.827026
456,メッツ整形外科クリニック,940-0864,長岡市,川崎2-2479-1,0258-39-5517,平成18年10月1日,(医社)メッツ整形外科クリニック,長谷川　俊哉,0,0,0,0,0,0,0,0,0,0,1,0,0,0,0,0,0,0,0,0,0,0,0,0,1,0,0,0,0,0,0,0,0,1,0,0,0,0,0,,,0,,,37.451672,138.867157
457,やおえだ眼科,940-0053,長岡市,長町2-1649-1,0258-32-0833,令和4年10月1日,医療法人社団　やおえだ眼科,八百枝　潔,0,0,0,0,0,0,0,0,0,0,0,0,0,0,0,0,0,0,0,0,0,0,0,0,0,0,0,1,0,0,0,0,0,0,0,0,0,0,0,,,0,R4.10.1法人化,,37.455936,138.855545
458,山井医院,940-0033,長岡市,今朝白2-8-8,0258-32-5600,平成5年9月1日,(医社）山井医院,山井　健介,1,0,0,1,0,0,0,0,0,0,0,0,0,0,0,1,0,0,0,0,0,0,1,0,0,0,0,0,0,0,0,0,0,1,0,0,0,0,0,,,0,,,37.448944,138.858490
459,横山皮膚科,940-0033,長岡市,今朝白1-13-7,0258-32-7511,平成11年4月1日,(医社）横山皮膚科,横山　令,0,0,0,0,0,0,0,0,1,0,0,0,0,0,0,0,0,0,0,0,0,0,0,0,0,0,0,0,0,0,0,0,0,0,0,0,0,0,0,,,0,,,37.446815,138.858063
460,わきや医院,940-2039,長岡市,関原南2-4122-1,0258-47-1122,平成13年5月1日,(医社）わきや医院,脇屋　義彦,1,0,1,0,0,0,0,0,0,0,0,0,0,0,0,0,0,0,0,0,0,0,0,0,0,0,0,0,0,0,0,0,0,0,0,0,0,0,0,,,0,,,37.447571,138.774246
461,渡辺医院,940-0088,長岡市,柏町1-4-29,0258-33-1200,昭和63年10月1日,(医社）渡辺医院,渡邉　秀明,1,0,0,0,0,0,0,0,0,0,0,0,0,0,0,1,0,0,0,0,0,0,0,1,0,0,0,0,0,0,0,0,0,0,0,0,0,0,0,,,0,,,37.443081,138.847061
462,渡辺皮フ科医院,940-0053,長岡市,長町2丁目1番地2,0258-32-4967,平成19年6月11日,(医社）渡辺皮フ科医院,渡辺　修一,0,0,0,0,0,0,0,0,1,0,0,0,0,0,0,0,0,0,0,0,0,0,0,0,0,1,0,0,0,0,0,0,0,0,0,0,0,0,0,,,0,,,37.456287,138.854935
463,上原医院,954-0213,長岡市,下沼新田甲97,0256-98-2551,平成20年4月1日,(医社)麻布会,上原　兼宗,1,0,0,1,0,0,0,0,0,0,0,0,0,0,0,0,0,0,0,0,0,0,0,0,0,0,0,0,0,0,0,0,0,0,0,0,0,0,0,,,0,,,37.599686,138.863998
464,さえき内科,954-0124,長岡市,中之島三並569-6,0258-66-8500,平成16年10月1日,(医社)堀医院,佐伯　牧彦,1,0,1,0,0,0,0,0,0,0,0,0,0,0,0,0,0,0,0,0,0,0,0,0,0,0,0,0,0,0,0,0,0,0,0,0,0,0,0,,,0,,,37.537216,138.874512
465,特別養護老人ホーム中之島医務室,954-0124,長岡市,中之島字古新田2105ｰ6,0258-61-2828,平成17年9月1日,(社福）長岡三古老人福祉会,佐伯　牧彦,1,0,0,0,0,0,0,0,0,0,0,0,0,0,0,0,0,0,0,0,0,0,0,0,0,0,0,0,0,0,0,0,0,0,0,0,0,0,0,,,0,,,37.537216,138.874512
466,横田内科消化器科クリニック,949-5213,長岡市,小国町法坂910,0258-95-3141,平成12年4月1日,(医社)健誠会,横田　剛,1,0,0,1,0,0,0,0,0,0,0,0,0,0,0,0,0,0,0,0,0,0,0,0,0,0,0,1,0,0,0,0,0,0,0,0,0,0,0,,,0,,,37.296833,138.720215
467,長岡市小国診療所,949-5331,長岡市,小国町楢沢88,0258-95-2010,平成17年4月1日,長岡市長,福居　和人,1,0,0,0,0,0,0,0,0,0,0,0,0,0,0,0,0,0,0,0,0,0,0,0,1,0,0,0,0,0,0,0,0,0,0,0,0,0,0,,,0,,,37.284035,138.735596
468,おごしの里診療所,949-5331,長岡市,小国町楢沢90,0258-95-3110,平成5年4月1日,(社福)小越会,藤巻　克久,1,0,0,0,0,0,0,0,0,0,0,0,0,0,0,0,0,0,0,0,0,0,0,0,0,0,0,0,0,0,0,0,0,0,0,0,0,0,0,,,0,,,37.284035,138.735596
469,長岡市種苧原診療所,947-0201,長岡市,山古志種苧原2676-1,0258-59-3032,平成18年7月6日,長岡市長,佐藤　良司,1,0,0,0,0,0,0,0,0,0,0,0,0,0,0,0,0,0,0,0,0,0,0,0,0,0,0,0,0,0,0,0,0,0,0,0,0,0,0,,,0,常勤医師を探すため休止,,37.355751,138.934280
470,長岡市山古志診療所,947-0204,長岡市,山古志竹沢甲2835,0258-59-3807,平成17年4月1日,長岡市長,石川　忍,1,0,0,0,0,0,0,0,0,0,0,0,0,0,0,0,0,0,0,0,0,0,0,0,0,0,0,0,0,0,0,0,0,0,0,0,0,0,0,,,0,,,37.324604,138.882782
471,岩塚診療所,949-5414,長岡市,飯塚2800-1,0258-41-3232,平成19年4月1日,医療法人社団優樹会,横森　哲太郎,1,0,0,0,0,0,0,0,1,0,0,0,1,0,0,0,0,0,0,0,0,0,0,0,0,0,0,0,0,0,0,0,0,0,0,0,0,0,0,,,0,,,37.385742,138.756989
472,こしじ医院,949-5406,長岡市,浦641-1,0258-41-0707,平成11年10月1日,児玉　伸子,児玉　伸子,1,0,0,0,0,0,0,0,0,0,0,0,0,0,0,1,0,0,0,0,0,0,0,0,1,0,0,0,0,0,0,0,0,1,0,0,0,0,0,,,0,,,37.394890,138.789062
473,こしじの里診療所,949-5416,長岡市,不動沢2219-5,0258-41-0801,平成10年10月1日,(社福）小越会,今井　篤,1,0,0,0,0,0,0,0,0,0,0,0,0,0,0,0,0,0,0,0,0,0,0,0,0,0,0,0,0,0,0,0,0,0,0,0,0,0,0,,,0,,,37.365822,138.746552
474,白山診療所,949-5411,長岡市,来迎寺2426,0258-92-3321,平成6年4月1日,(医社）白山診療所,今井　篤,1,0,0,0,0,0,0,0,0,0,0,0,1,0,0,0,0,0,0,0,0,0,0,0,0,0,0,0,0,0,0,0,0,0,0,0,0,0,0,,,0,,,37.399380,138.792206
475,みのわの里更生園診療所,949-5416,長岡市,不動沢126-3,0258-92-4945,平成10年7月1日,(社福）中越福祉会,今井　篤,1,0,0,0,0,0,0,0,0,0,0,0,0,0,0,0,0,0,0,0,0,0,0,0,0,0,0,0,0,0,0,0,0,0,0,0,0,0,0,,,0,,,37.365822,138.746552
476,みのわの里療護園診療所,949-5416,長岡市,不動沢126-3,0258-92-3748,昭和56年3月26日,(社福）中越福祉会,今井　篤,1,0,0,0,0,0,0,0,0,0,0,0,0,0,0,0,0,0,0,0,0,0,0,0,0,0,0,0,0,0,0,0,0,0,0,0,0,0,0,,,0,,,37.365822,138.746552
477,特別養護老人ホームわらび園診療所,949-5406,長岡市,浦3060,0258-41-3150,平成8年3月1日,(社福）長岡老人福祉協会,佐藤　敏輝,1,0,0,0,0,0,0,0,0,0,0,0,0,0,0,0,0,0,0,0,0,0,0,0,0,0,0,0,0,0,0,0,0,0,0,0,0,0,0,,,0,,,37.388649,138.804245
478,横田内科・消化器科医院,949-5406,長岡市,浦9913-1,0258-41-0660,平成19年4月1日,（医社）横田内科・消化器科医院,横田　隆司,1,0,0,1,0,0,0,0,0,0,0,0,1,0,0,0,0,0,0,0,0,0,1,0,0,0,0,0,0,0,0,0,0,0,0,0,0,0,0,,,0,,,37.392399,138.802338
479,ほり内科医院,940-2314,長岡市,上岩井6813番地,0258-41-2525,平成20年6月1日,医療法人社団　ほり内科医院,堀　高史朗,1,0,0,1,0,0,0,0,0,1,0,0,0,0,0,0,0,0,0,0,0,0,0,0,0,0,0,0,0,0,0,0,0,0,0,0,0,0,0,,,0,,,37.489059,138.775284
480,特別養護老人ホームみしま園,940-2301,長岡市,宮沢580-3,0258-42-3131,昭和57年4月1日,(社福）長岡三古老人福祉会,田中　晋,1,0,0,0,0,0,0,0,0,0,0,0,0,1,0,0,0,0,0,0,0,0,0,0,0,0,0,0,0,0,0,0,0,0,0,0,0,0,0,,,0,,,37.513821,138.780670
481,荒井医院,940-0218,長岡市,栃尾表町1-4,0258-52-2248,平成12年9月1日,荒井　義彦,荒井　義彦,1,0,0,0,0,1,0,0,0,0,0,0,1,0,0,0,0,0,0,0,0,0,0,0,0,0,0,0,0,0,0,0,0,0,1,0,0,0,0,,,0,,,37.475746,138.993164
482,いずみ苑医務室,940-0234,長岡市,栃尾泉419-2,0258-53-2211,平成3年5月1日,(社福）刈谷田福祉会,中村　秀美,1,0,0,0,0,0,0,0,0,0,0,0,0,0,0,0,0,0,0,0,0,0,0,0,0,0,0,0,0,0,0,0,0,0,0,0,0,0,0,,,0,,,37.451412,139.011490
483,特別養護老人ホーム「サンホーム」医務室,940-0203,長岡市,楡原784-13,0258-52-0151,平成16年9月1日,(社福)太陽福祉会,大橋　謙之亮,1,0,0,0,0,0,0,0,0,0,0,0,0,0,0,0,0,0,0,0,0,0,0,0,0,0,0,0,0,0,0,0,0,0,0,0,0,0,0,,,0,,,37.495052,138.992432
484,守門の里診療所,940-0203,長岡市,楡原岩ﾉ原2220,0258-52-1055,平成2年8月10日,(社福）栃尾福祉会,吉原　理恵,1,0,0,0,0,0,0,0,0,0,0,0,0,1,0,0,0,0,0,0,0,0,0,0,0,0,0,0,0,0,0,0,0,0,0,0,0,0,0,,,0,,,37.495052,138.992432
485,関内科医院,940-0205,長岡市,栄町3-3-12,0258-52-5828,平成4年4月1日,(医社）関内科医院,杉谷　鈴子,1,0,0,1,0,0,0,0,0,0,0,0,0,0,0,0,0,0,0,0,0,0,0,0,0,0,0,0,0,0,0,0,0,0,0,0,0,0,0,,,0,,,37.484013,138.994217
486,たかはし内科医院,940-0223,長岡市,栃尾本町6-1,0258-51-5520,平成26年6月1日,医療法人社団　たかはし内科医院,高橋　和久,1,0,0,0,0,1,0,0,0,0,0,0,1,0,0,0,0,0,0,0,0,0,0,0,0,0,0,0,0,0,0,0,0,0,0,0,0,0,0,,,0,,,37.475941,138.994812
487,栃尾眼科医院,940-0226,長岡市,滝の下町3-40,0258-53-0508,平成18年12月4日,医療法人信眼会,五十嵐　秀人,0,0,0,0,0,0,0,0,0,0,0,0,0,0,0,0,0,0,0,0,0,0,0,0,0,0,0,1,0,0,0,0,0,0,0,0,0,0,0,,,0,,,37.473473,138.996994
488,風間医院,940-2406,長岡市,与板町江西3-1-20,0258-72-2130,平成9年5月12日,(医社）風間医院,風間　治男,1,0,0,0,0,0,0,0,0,0,0,0,1,0,0,0,0,0,0,0,0,0,0,0,0,0,0,0,0,0,0,0,0,0,0,0,0,0,0,,,0,,,37.535175,138.816696
489,小林医院,940-2402,長岡市,与板町与板441,0258-72-2016,平成5年4月1日,(医社)小林医院,小林　徹,1,0,0,0,0,0,0,0,0,0,0,0,0,0,0,0,0,0,0,0,0,0,0,0,1,0,0,0,0,0,0,0,0,1,0,0,0,0,0,,,0,,,37.539772,138.811722
490,木村医院,949-4511,長岡市,小島谷3343,0258-74-2172,平成2年4月1日,(医社）木村医院,木村　元朗,1,0,0,0,0,0,0,0,0,0,0,0,0,0,0,0,0,0,0,0,0,0,0,0,0,0,0,0,0,0,0,0,0,0,0,0,0,0,0,,,0,,,37.560894,138.769135
491,石塚医院,940-2502,長岡市,寺泊片町7753,0258-75-2071,昭和36年6月29日,(医社)石塚医院,石塚　康夫,1,1,0,0,0,0,0,0,0,0,0,0,0,0,0,1,0,0,0,0,0,0,0,0,0,0,0,0,0,0,0,0,0,0,0,0,0,0,0,,,0,,,37.642185,138.765869
492,特別養護老人ホーム　桐原の郷医務室,959-0152,長岡市,寺泊下桐3700-1,0256-97-5000,平成10年10月1日,(社福）長岡三古老人福祉会,砂山　徹,1,0,0,0,0,0,0,0,0,0,0,0,0,0,0,0,0,0,0,0,0,0,0,0,0,0,0,0,0,0,0,0,0,0,0,0,0,0,0,,,0,,,37.609035,138.803879
493,コロニーにいがた白岩の里診療所,940-2502,長岡市,寺泊藪田6789-4,0258-75-3131,昭和46年12月1日,新潟県知事,関　耕治,1,0,0,0,0,0,0,0,1,0,0,0,0,1,0,0,0,0,0,0,0,0,0,0,0,0,0,0,0,0,0,0,0,0,0,0,0,0,0,,,0,,,37.658684,138.785950
494,長岡市国民健康保険寺泊診療所,959-0141,長岡市,寺泊敦ヶ曽根605-1,0256-97-2359,平成18年1月1日,長岡市長,山田　聡,1,0,0,0,0,0,0,0,0,0,0,0,0,0,0,0,0,0,0,0,0,0,0,0,0,0,0,0,0,0,0,0,0,0,0,0,0,0,0,,,0,,,37.616142,138.826874
495,川口診療所,949-7513,長岡市,西川口1240番地1,0258-89-2104,平成19年4月1日,医療法人社団川口診療所,内田　和宏,1,0,0,1,0,0,0,0,0,0,0,0,0,0,0,1,0,0,0,0,0,0,0,0,0,0,0,0,0,0,0,0,0,0,0,0,0,0,0,,,0,,,37.530731,138.709396
496,特別養護老人ホームあおりの里診療所,949-7513,長岡市,西川口1173-3,0258-89-4880,平成13年4月1日,社会福祉法人小千谷北魚沼福祉会,内田　和宏,1,0,0,0,0,0,0,0,0,0,0,0,0,0,0,0,0,0,0,0,0,0,0,0,0,0,0,0,0,0,0,0,0,0,0,0,0,0,0,,,0,,,37.530731,138.709396
497,出雲崎町診療所,949-4353,出雲崎町,大字川西140,0258-78-3111,S54.6,出雲崎町長,（巡回診療）,1,0,0,0,0,0,0,0,0,0,0,0,1,0,0,0,0,0,0,0,0,0,0,0,0,0,0,0,0,0,0,0,0,0,0,0,0,0,0,,,0,歯科標榜,○,37.527447,138.707748
498,佐藤医院,949-4353,出雲崎町,大字川西28-8,0258-78-2153,平成20年5月1日,(医社）佐藤医院,佐藤　毅,1,0,1,0,0,0,0,0,0,0,0,0,1,0,0,0,0,0,0,0,0,0,0,0,0,0,0,0,0,0,0,0,0,0,0,0,0,0,0,,,0,,,37.531593,138.912781
499,特別養護老人ホーム　やすらぎの里,949-4353,出雲崎町,大字川西660-1,0258-78-3311,昭和55年7月1日,(社福）中越老人福祉協会,佐藤　毅,1,0,0,0,0,0,0,0,1,0,0,0,0,0,0,0,0,0,0,0,0,0,0,0,0,0,0,0,0,0,0,0,0,0,0,0,0,0,0,,,0,,,37.531593,138.912781
500,いぐち耳鼻咽喉科,954-0082,見附市,柳橋町割前274-6,0258-61-2200,平成19年4月1日,医療法人社団　いぐち耳鼻咽喉科,井口　正男　,0,0,0,0,0,0,0,0,0,1,0,0,0,0,0,0,0,0,0,0,0,0,0,0,0,0,0,0,1,0,0,0,0,0,0,0,0,0,0,,,0,,,37.542122,138.900421
501,内島医院,954-0111,見附市,今町1-10-9,0258-66-2446,平成3年1月7日,内島　弘,内島　弘,1,0,0,0,0,0,0,0,0,0,0,0,0,0,0,0,0,0,0,0,0,0,0,0,0,0,0,0,0,0,0,0,0,0,0,0,0,0,0,,,0,,,37.547516,138.885330
502,特別養護老人ホーム　大平園医務室,954-0052,見附市,学校町2-13-31,0258-63-3500,平成7年3月1日,(社福)見附福祉会,関原　芳夫,1,0,0,0,0,0,0,0,0,0,0,0,0,0,0,0,0,0,0,0,0,0,0,0,0,0,0,0,0,0,0,0,0,0,0,0,0,0,0,,,0,,,37.535110,138.920517
503,おがわ眼科クリニック,954-0082,見附市,柳橋町266番地9,0258-61-5333,平成14年9月1日,(医社)おがわ眼科クリニック,小川　政男,0,0,0,0,0,0,0,0,0,0,0,0,0,0,0,0,0,0,0,0,0,0,0,0,0,0,0,1,0,0,0,0,0,0,0,0,0,0,0,,,0,,,37.542301,138.899536
504,お元気でクリニック,954-0052,見附市,学校町2-13-76,0258-63-3800,平成24年6月1日,医療法人社団　Wholeness,関原　芳夫,1,0,0,0,0,0,0,0,0,0,0,0,0,1,1,0,0,0,0,0,0,0,0,1,0,0,0,0,0,0,0,0,0,0,0,0,0,0,0,,,0,内科：漢方内科、老年内科,,37.533772,138.919495
505,貝瀬皮膚科,954-0082,見附市,柳橋町274-25,0258-66-8100,平成14年4月1日,貝瀬　明,貝瀬　明,0,0,0,0,0,0,0,0,1,0,0,0,0,0,0,0,0,0,0,0,0,0,0,0,0,0,0,0,0,0,0,0,0,0,0,0,0,0,0,,,0,,,37.537186,138.899353
506,金井医院,954-0053,見附市,本町1-4-7,0258-62-0116,平成7年4月1日,(医社)金井医院,金井　朋行,1,0,0,1,0,0,0,0,0,0,0,0,0,0,0,1,0,0,0,0,0,0,0,0,0,0,0,0,0,0,0,0,0,0,1,0,0,0,0,,,0,,,37.528290,138.922928
507,杏仁堂医院,954-0053,見附市,本町1丁目2番50号,0258-62-0123,平成1年4月1日,(医社)杏仁堂医院,小林　静佳,1,0,1,0,0,0,0,0,0,0,0,0,1,0,0,0,0,0,0,0,0,0,0,0,0,0,0,0,0,0,0,0,0,0,0,0,0,0,0,,,0,,,37.527153,138.924683
508,霜鳥内科医院,954-0057,見附市,新町1-8-3,0258-62-0579,昭和53年10月25日,霜鳥　克彦,霜鳥　克彦,1,0,0,0,0,0,0,0,0,0,0,0,0,0,0,0,0,0,0,0,0,0,0,0,0,0,0,0,0,0,0,0,0,0,0,0,0,0,0,,,0,,,37.526482,138.920990
509,特別養護老人ホーム　すずらんの園医務室,954-0036,見附市,田井町1715番地1,0258-61-3520,平成14年5月1日,(社福)人と緑の大地,田崎　哲也,1,0,0,0,0,0,0,0,0,0,0,0,0,0,0,0,0,0,0,0,0,0,0,0,0,0,0,0,0,0,0,0,0,0,0,0,0,0,0,,,0,,,37.496307,138.929428
510,田崎医院,954-0053,見附市,本町2丁目9番23号,0258-62-1122,平成2年4月1日,(医社)田崎医院,田崎　哲也,1,0,0,0,0,0,0,0,0,0,0,0,1,0,0,0,0,0,0,0,0,0,0,0,0,0,0,0,0,0,0,0,0,0,0,0,0,0,0,,,0,,,37.525669,138.924545
511,林俊壱クリニック内科・胃腸科,954-0082,見附市,柳橋町274-23,0258-66-3000,平成16年1月24日,林　俊一,林　俊一,1,0,0,0,0,0,0,0,0,0,0,0,0,0,0,0,0,0,0,0,0,0,0,0,0,0,0,0,0,0,0,0,0,0,0,0,0,0,0,,,0,,,37.537186,138.899353
512,特別養護老人ホームフローラ　医務室,954-0076,見附市,新幸町7番9号,0258-89-5880,平成20年5月1日,(社福)見附福祉会,小林　欣也,1,0,0,0,0,0,0,0,0,0,0,0,0,0,0,0,0,0,0,0,0,0,0,0,0,0,0,0,0,0,0,0,0,0,0,0,0,0,0,,,0,,,37.540447,138.891663
513,星整形外科医院,954-0082,見附市,柳橋町274番地6,0258-66-8808,平成10年4月1日,(医社)康信会,星　信一,0,0,0,0,0,0,0,0,0,0,0,0,0,0,0,1,0,0,0,0,0,0,0,0,1,0,0,0,0,0,0,0,0,1,0,0,0,0,0,,,0,,,37.537186,138.899353
514,星野医院,954-0053,見附市,本町4-2-37,0258-62-0998,平成1年12月15日,(医社)仁弘会,星野　弘之,1,0,0,0,0,0,0,0,0,0,0,0,1,0,0,0,0,0,0,0,0,0,0,0,0,0,0,0,0,0,0,0,0,0,0,0,0,0,0,,,0,,,37.529964,138.925705
515,見附市保健福祉センター,954-0052,見附市,学校町2丁目13番30号,0258-61-1350,平成10年5月1日,見附市,高橋　壮一郎,1,0,0,0,0,0,0,0,0,0,0,0,0,0,0,0,0,0,0,0,0,0,0,0,0,0,0,0,0,0,0,0,0,0,0,0,0,0,0,,,0,,,37.535194,138.920517
516,山谷クリニック,954-0051,見附市,本所1丁目12-10,0258-61-1388,平成10年11月5日,山谷　春喜,山谷　春喜,1,0,0,0,0,0,0,0,0,0,0,0,1,0,0,0,0,0,0,0,0,0,0,0,0,0,0,0,0,0,0,0,0,0,0,0,0,0,0,,,0,,,37.534809,138.912048
517,養護老人ホーム龍宮荘医務室,954-0032,見附市,本明町1694,0258-62-1087,平成17年2月10日,(社福)見附福祉会,星野　弘之,1,0,0,0,0,0,0,0,0,0,0,0,0,0,0,0,0,0,0,0,0,0,0,0,0,0,0,0,0,0,0,0,0,0,0,0,0,0,0,,,0,,,37.519352,138.955536
518,わたなべ皮フ科クリニック,954-0059,見附市,昭和町2-21-22,0258-62-7750,平成14年7月5日,渡部　恭,渡部　恭,0,0,0,0,0,0,0,0,1,0,0,0,0,0,0,0,0,0,0,0,0,0,0,0,0,0,0,0,0,0,0,0,0,0,0,0,0,0,0,,,0,,,37.457443,138.848328
519,水澤眼科,954-0052,見附市,学校町2-13-70,0258-63-0230,平成22年4月1日,水澤　由香,水澤　由香,0,0,0,0,0,0,0,0,0,0,0,0,0,0,0,0,0,0,0,0,0,0,0,0,0,0,0,1,0,0,0,0,0,0,0,0,0,0,0,,,0,,,37.533340,138.919617
520,特別養護老人ホーム　てまり診療所,940-0137,長岡市,平1丁目3番55号,0258-51-5005,平成23年4月1日,(社福)　平成福祉会,花城　恒,1,0,0,0,0,0,0,0,0,0,0,0,0,0,0,0,0,0,0,0,0,0,0,0,0,0,0,0,0,0,0,0,0,0,0,0,0,0,0,,,0,,,37.471264,139.004623
521,特別養護老人ホーム古志乃里　医務室,954-0045,見附市,緑町20-1,0258-62-1600,平成23年4月1日,(社福)人と緑の大地,髙村　麻子,1,0,0,0,0,0,0,0,0,0,0,0,0,0,0,0,0,0,0,0,0,0,0,0,0,0,0,0,0,0,0,0,0,0,0,0,0,0,0,,,0,,,37.449738,138.824158
522,なかの眼科クリニック,949-5406,長岡市,浦651-4,0258-86-8673,平成23年4月1日,中野　敦雄,中野　敦雄,0,0,0,0,0,0,0,0,0,0,0,0,0,0,0,0,0,0,0,0,0,0,0,0,0,0,0,1,0,0,0,0,0,0,0,0,0,0,0,,,0,,,37.394730,138.790695
523,メンタルクリニック長岡,940-0041,長岡市,学校町3丁目11-46,0258-84-7337,平成23年5月10日,柿村　善晴,柿村　善晴,1,0,0,0,0,0,0,0,0,0,0,0,0,1,1,0,0,0,0,0,0,0,0,0,0,0,0,0,0,0,0,0,0,0,0,0,0,0,0,,,0,,,37.444366,138.858536
524,木村医院,940-2035,長岡市,関原町2-244,0258-46-2019,平成23年10月1日,木村　慶太,木村　慶太,1,0,0,0,0,0,0,0,0,0,0,0,0,0,0,0,0,0,0,0,0,0,0,0,0,0,0,0,0,0,0,0,0,0,0,0,0,0,0,,,0,,,37.453197,138.774048
525,辻本皮ふ科,940-0082,長岡市,千歳1-3-41,0258-39-4112,平成24年6月1日,辻本　友高,辻本　友高,0,0,0,0,0,0,0,0,1,0,0,0,0,0,0,0,0,0,0,0,0,0,0,0,0,0,0,0,0,0,0,0,0,0,0,0,0,0,0,,,0,,,37.436104,138.847031
526,特別養護老人ホーム小国あいあい医務室,949-5335,長岡市,小国町太郎丸1520-1,0258-95-5172,平成24年6月15日,社会福祉法人あいあい,勝見　明彦,1,0,0,0,0,0,0,0,0,0,0,0,0,0,0,0,0,0,0,0,0,0,0,0,0,0,0,0,0,0,0,0,0,0,0,0,0,0,0,,,0,,,37.270847,138.712479
527,栃尾みみ・はな・のどクリニック,940-0225,長岡市,仲子町8-27,0258-53-0033,平成24年10月1日,髙野　由美子,髙野　由美子,0,0,0,0,0,0,0,0,0,1,0,0,0,0,0,0,0,0,0,0,0,0,0,0,0,0,0,0,1,0,0,0,0,0,0,0,0,0,0,,,0,,,37.314442,138.795013
528,生協こどもクリニック,940-1101,長岡市,沢田1丁目1番20,0258-33-7131,平成24年11月1日,ながおか医療生活協同組合,井埜　晴義,1,0,0,0,0,0,0,0,0,0,0,0,1,0,0,0,0,0,0,0,0,0,0,0,0,0,0,0,0,0,0,0,0,0,0,0,0,0,0,,,0,,,37.314442,138.795013
529,医療法人坦誠会根元整形外科医院,947-0028,小千谷市,城内2-1-5,0258-82-4530,昭和46年4月1日,医療法人坦誠会,根元　純一,0,0,0,0,0,0,0,0,0,0,0,0,0,0,0,0,0,0,0,0,0,0,0,0,1,0,0,0,0,0,0,0,0,0,0,0,0,0,0,,,0,,,37.312664,138.798859
530,藤巻医院,949-8726,小千谷市,真人町甲5-1,0258-86-3006,平成1年10月1日,医療法人社団藤巻医院,藤巻　克久,1,0,0,0,0,0,0,0,0,0,0,0,0,0,0,1,0,0,0,0,0,0,0,0,0,0,0,0,0,0,0,0,1,0,0,0,0,0,0,,,0,,,37.240639,138.755798
531,小千谷市養護老人ホーム診療所,947-0041,小千谷市,小粟田2732-6,0258-83-2196,昭和36年7月1日,小千谷市,中村　忠夫,1,0,0,0,0,0,0,0,0,0,0,0,0,0,0,0,0,0,0,0,0,0,0,0,0,0,0,0,0,0,0,0,0,0,0,0,0,0,0,,,0,,,37.343342,138.799881
532,特別養護老人ホーム小粟田の里診療所,947-0041,小千谷市,小粟田2732-7,0258-83-2100,昭和58年4月1日,社会福祉法人小千谷北魚沼福祉会,北村　雄大,1,0,0,0,0,0,0,0,0,0,0,0,0,0,0,0,0,0,0,0,0,0,0,0,0,0,0,0,0,0,0,0,0,0,0,0,0,0,0,,,0,,,37.343342,138.799881
533,新潟県厚生農業協同組合連合会　小千谷総合病院岩沢診療所,949-8724,小千谷市,岩沢1003,0258-86-2008,昭和62年11月18日,新潟県厚生農業協同組合連合会,渡辺　庄治,1,0,0,0,0,0,0,0,0,0,0,0,0,0,0,0,0,0,0,0,0,0,0,0,0,0,0,0,0,0,0,0,0,0,0,0,0,0,0,,,0,,,37.227028,138.798874
534,池田内科医院,947-0028,小千谷市,城内2-6-5,0258-82-6568,平成5年9月27日,医療法人池田内科医院,池田　敏明,1,0,0,0,0,0,0,0,0,0,0,0,1,0,0,0,0,0,0,0,0,0,0,0,0,0,0,0,0,0,0,0,0,0,0,0,0,0,0,,,0,,,37.313702,138.796066
535,大矢医院,947-0003,小千谷市,薭生乙933-7,0258-83-0111,平成7年7月1日,医療法人社団都城会,大矢　敏裕,1,0,0,1,0,0,0,0,0,0,0,0,0,0,0,1,0,0,0,0,0,0,1,0,0,0,0,0,0,0,0,0,0,0,0,0,0,0,0,,,0,,,37.314442,138.795013
536,中村内科消化器科医院,947-0021,小千谷市,本町2-2-23,0258-81-1730,平成11年4月1日,医療法人社団中村内科消化器科医院,中村　忠夫,1,0,0,1,0,0,0,0,0,0,0,0,0,0,0,0,0,0,0,0,0,0,0,0,0,0,0,0,0,0,0,0,0,0,0,0,0,0,0,,,0,,,37.309418,138.796967
537,医療法人社団慶友会キタムラ　北村医院,947-0028,小千谷市,城内1-8-23,0258-82-7212,平成9年10月14日,医療法人社団慶友会キタムラ,北村　雄大,1,0,1,0,0,0,0,0,0,0,0,0,0,0,0,0,0,0,0,0,0,0,0,0,0,0,0,0,0,0,0,0,0,0,0,0,0,0,0,,,0,,,37.311234,138.796524
538,小林整形外科医院,947-0054,小千谷市,若葉3-97-1,0258-83-1154,平成13年3月19日,医療法人社団慶祥会,小林　一,1,0,0,0,0,0,0,0,1,0,0,0,0,0,0,0,0,0,0,0,0,0,0,0,1,0,0,0,0,0,0,0,0,1,0,0,0,0,0,,,0,院長後任を探すため休止,,37.303486,138.780731
539,片貝医院,947-0101,小千谷市,片貝町5035-15,0258-81-2624,平成12年1月11日,医療法人社団　紅鶴会,根本　忠,1,0,0,0,0,0,0,0,1,0,0,0,1,0,0,0,0,0,0,0,0,0,0,0,0,0,0,0,0,0,0,0,0,0,0,0,0,0,0,,,0,,,37.367321,138.777206
540,さわなか医院,947-0028,小千谷市,城内3-3-13,0258-81-0058,平成12年7月5日,澤中　信行,澤中　信行,1,0,0,1,0,0,0,0,0,0,0,0,0,0,0,0,0,0,0,0,0,0,0,0,0,0,0,0,0,0,0,0,0,0,0,0,0,0,0,,,0,,,37.313644,138.789490
541,安藤眼科,947-0021,小千谷市,本町1-4-17,0258-83-1717,平成16年4月1日,医療法人社団　安藤眼科,安藤　秀夫,0,0,0,0,0,0,0,0,0,0,0,0,0,0,0,0,0,0,0,0,0,0,0,0,0,0,0,1,0,0,0,0,0,0,0,0,0,0,0,,,0,,,37.310738,138.800522
542,山下メンタルクリニック,947-0042,小千谷市,平沢1丁目5-26 ,0258-83-1771,平成21年6月1日,医療法人社団　慧文会　,山下　正廣,0,0,0,0,0,0,0,0,0,0,0,0,0,1,1,0,0,0,0,0,0,0,0,0,0,0,0,0,0,0,0,0,0,0,0,0,0,0,0,,,0,,,37.317459,138.794083
543,特別養護老人ホーム　おぢやさくら診療所,947-0041,小千谷市,小粟田2732番地14,0258-83-1786,平成18年6月1日,社会福祉法人長岡福祉協会,山内　英臣,1,0,0,0,0,0,0,0,0,0,0,0,0,1,0,0,0,0,0,0,0,0,0,0,0,0,0,0,0,0,0,0,0,0,0,0,0,0,0,,,0,,,37.343342,138.799881
544,ときみずの家診療所,947-0033,小千谷市,時水182-1,0258-81-6120,平成20年5月12日,社会福祉法人おぢや福祉会,横森　忠紘,1,0,0,0,0,0,0,0,0,0,0,0,0,0,0,0,0,0,0,0,0,0,0,0,0,0,0,0,0,0,0,0,0,0,0,0,0,0,0,,,0,,,37.301304,138.763260
545,山本医院,947-0035,小千谷市,桜町5147-9,0258-81-7717,平成26年9月1日,医療法人社団　山本医院,山本　潔,1,0,0,0,0,1,0,0,0,0,0,0,0,0,0,0,0,0,0,0,0,0,0,1,0,0,0,0,0,0,0,0,0,1,0,0,0,0,0,,,0,,,37.313183,138.780212
546,特別養護老人ホーム　片貝さくら診療所,947-0101,小千谷市,片貝町4708番地1,0258-81-2051,平成21年11月1日,社会福祉法人長岡福祉協会,藤田　俊夫,1,0,0,0,0,0,0,0,0,0,0,0,0,0,0,0,0,0,0,0,0,0,0,0,0,0,0,0,0,0,0,0,0,0,0,0,0,0,0,,,0,,,37.370346,138.779053
547,公益財団法人新潟県保健衛生センター中越メジカルセンター,947-0028,小千谷市,城内2丁目6番5号,025-267-6323,平成22年4月30日,公益財団法人新潟県保健衛生センター,遠藤　道仁,1,0,0,0,0,0,0,0,0,0,0,0,0,0,0,0,0,0,0,0,0,0,0,0,0,0,0,0,0,0,0,0,0,0,0,0,0,0,0,,,0,,,37.313702,138.796066
548,千谷島の家診療所,947-0053,小千谷市,大字千谷川302,0258-81-6211,平成23年4月14日,社会福祉法人おぢや福祉会,横森　忠紘,1,0,0,0,0,0,0,0,0,0,0,0,0,0,0,0,0,0,0,0,0,0,0,0,0,0,0,0,0,0,0,0,0,0,0,0,0,0,0,,,0,,,37.340771,138.704269
549,つつじガーデン小千谷医務室,947-0016,小千谷市,四ﾂ子509-1,0258-84-0030,平成24年12月1日,社会福祉法人つつじ会,神谷　岳太郎,1,0,0,0,0,0,0,0,0,0,0,0,0,0,0,1,0,0,0,0,0,0,0,0,0,0,0,0,0,0,0,0,0,0,0,0,0,0,0,,,0,,,37.531593,138.912781
550,戸内整形外科クリニック,940-2012,長岡市,荻野1-7-38,0258-27-9987,平成25年5月1日,戸内　英雄,戸内　英雄,0,0,0,0,0,0,0,0,0,0,1,0,0,0,0,0,0,0,0,0,0,0,0,0,1,0,0,0,0,0,0,0,0,1,0,0,0,0,0,,,0,,,37.314442,138.795013
551,アットホーム今町医務室,954-0111,見附市,今町5-41-37,0258-66-0334,平成26年4月1日,社会福祉法人悠遊,石川　直樹,1,0,0,0,0,0,0,0,0,0,0,0,0,0,0,0,0,0,0,0,0,0,0,0,0,0,0,0,0,0,0,0,0,0,0,0,0,0,0,,,0,,,37.553593,138.891556
552,モス・コーラ診療所,947-0035,小千谷市,大字桜町3146-2,0258-86-7072,平成26年6月1日,社会福祉法人平成福祉会,池田　敏明,1,0,0,0,0,0,0,0,0,0,0,0,0,0,0,0,0,0,0,0,0,0,0,0,0,0,0,0,0,0,0,0,0,0,0,0,0,0,0,,,0,,,37.446533,138.851486
553,公益財団法人新潟県保健衛生センター県央メジカルセンター,954-0051,見附市,本所1-2-64,0258-62-8000,平成27年4月1日,公益財団法人新潟県保健衛生センター,吉田　和清,1,0,0,0,0,0,0,0,0,0,0,0,0,0,0,0,0,0,0,0,0,0,0,0,0,0,0,0,0,0,0,0,0,0,0,0,0,0,0,,,0,,,37.465828,139.064346
554,みやざわ苑診療所,940-0233,長岡市,栃尾宮沢1778,0258-52-2500,平成27年4月1日,社会福祉法人刈谷田福祉会,今村　彰,1,0,0,0,0,0,0,0,0,0,0,0,0,0,0,0,0,0,0,0,0,0,0,0,0,0,0,0,0,0,0,0,0,0,0,0,0,0,0,,,0,,,37.457211,139.000336
555,おのづかこどもクリニック,940-2121,長岡市,喜多町1147-3,0258-29-3715,平成27年4月13日,小野塚　淳哉,小野塚　淳哉,1,0,0,0,0,0,0,0,0,1,0,0,1,0,0,0,0,0,0,0,0,0,0,0,0,0,0,0,0,0,0,0,0,0,0,0,0,0,0,,,0,内科：正しくは新生児内科,,37.448753,138.811020
556,特別養護老人ホームわしま医務室,949-4511,長岡市,小島谷3399,0258-89-8560,平成27年4月16日,社会福祉法人長岡三古老人福祉会,瀧本　光弘,1,0,0,0,0,0,0,0,0,0,0,0,0,0,0,0,0,0,0,0,0,0,0,0,0,0,0,0,0,0,0,0,0,0,0,0,0,0,0,,,0,,,37.560894,138.769135
557,ながおか医療生協協同組合　あたごこどもクリニック,940-0038,長岡市,琴平1-2-1,0258-36-5810,平成27年7月1日,ながおか医療生活協同組合,吉川　秀人,1,0,0,0,0,0,0,0,0,0,0,0,1,0,0,0,0,0,0,0,0,0,0,0,0,0,0,0,0,0,0,0,0,0,0,0,0,0,0,,,0,,,37.459034,138.863312
558,特別養護老人ホームサクラーレ福住医務室,940-0034,長岡市,福住2-1-7,0258-35-5590,平成27年8月1日,社会福祉法人長岡三古老人福祉会,長尾　政之助,1,0,0,0,0,0,0,0,0,0,0,0,0,0,0,0,0,0,0,0,0,0,0,0,0,0,0,0,0,0,0,0,0,0,0,0,0,0,0,,,0,,,37.450649,138.857193
559,喜多町むらやまクリニック,940-2121,長岡市,喜多町1144-1,0258-27-7720,平成27年9月15日,村山　慎一郎,村山　慎一郎,0,0,0,0,0,0,0,0,0,0,0,0,0,0,0,0,0,0,0,0,0,1,0,0,0,0,0,0,0,0,0,0,0,0,0,0,0,0,0,,,0,,,37.451694,138.806824
560,特別養護老人ホームアカシアの丘黒条医務室,940-0007,長岡市,黒津町字東田367,0258-25-6110,平成28年6月1日,社会福祉法人朋友福祉会,吉田　比美子,1,0,0,0,0,0,0,0,0,0,0,0,0,0,0,1,0,0,0,0,0,0,0,1,0,0,0,0,0,0,0,0,0,0,0,0,0,0,0,,,0,,,37.531593,138.912781
561,栃尾郷クリニック,940-0221,長岡市,金町2丁目5番22号,0258-52-2181,平成28年8月1日,新潟厚生農業協同組合連合会,宮﨑　大輔,1,0,0,0,0,0,0,0,0,0,0,0,0,0,0,0,0,0,0,0,0,0,0,0,0,0,0,0,0,0,0,0,0,0,0,0,0,0,0,,,0,,,37.314442,138.795013
562,石川医院,954-0111,見附市,今町6丁目3番45号,0258-66-2140,平成28年8月2日,医療法人社団　成美会,石川　直樹,1,0,0,0,0,0,0,0,0,0,0,0,0,0,0,0,0,0,0,0,0,0,0,0,0,0,0,0,0,0,0,0,0,0,0,0,0,0,0,,,0,,,37.424171,138.827301
563,かつみ医院,947-0004,小千谷市,東栄一丁目6番6号,0258-81-0011,平成28年9月1日,医療法人社団真路会,勝見　明彦,1,0,0,0,0,0,0,0,0,0,0,0,0,1,1,0,0,0,0,0,0,0,0,0,0,0,0,0,0,0,0,0,0,0,0,0,0,0,0,,,0,,,37.457855,138.863235
564,すずき脳神経クリニック,940-2121,長岡市,喜多町3043,0258-89-7077,平成29年2月15日,鈴木　健司,鈴木　健司,1,0,0,0,0,1,0,0,0,0,0,0,0,0,0,0,0,0,0,0,0,0,0,1,0,0,0,0,0,0,0,0,0,1,0,0,0,0,0,,,0,,,37.453091,138.806717
565,キャッツこどもクリニック,940-0856,長岡市,美沢3丁目493番地1,0258-33-1122,平成29年4月17日,医療法人 太子会,磯部　賢諭,0,0,0,0,0,0,0,0,1,0,0,0,1,1,0,0,0,0,0,0,0,0,0,0,0,0,0,0,0,0,0,0,0,0,0,0,0,0,0,,,0,,,37.443146,138.869400
566,髙須メンタルクリニック,940-0062,長岡市,大手通1-4-3 ﾄﾞﾙﾐｰ駅前ﾋﾞﾙ7F,0258-37-3575,平成29年5月1日,医療法人社団　高須クリニック,髙須　庸平,1,0,0,0,0,0,0,0,0,0,0,0,0,1,1,0,0,0,0,0,0,0,0,0,0,0,0,0,0,0,0,0,0,0,0,0,0,0,0,,,0,,,37.446819,138.851379
567,ながおか心のクリニック,940-0082,長岡市,千歳1-3-42,0258-38-5001,平成29年5月1日,医療法人社団　未来舎,中垣内　正和,1,0,0,0,0,0,0,0,0,0,0,0,0,1,1,0,0,0,0,0,0,0,0,0,0,0,0,0,0,0,0,0,0,0,0,0,0,0,0,,,0,,,37.436253,138.847137
568,特別養護老人ホーム　アカシアの丘黒条　医務室２,940-0845,長岡市,黒津町字東田367,0258-25-6110,平成29年5月16日,社会福祉法人朋友福祉会,齋藤　淳志,1,0,1,0,0,0,0,0,0,0,0,0,0,0,0,0,0,0,0,0,0,0,0,0,0,0,0,0,0,0,0,0,0,0,0,0,0,0,0,,,0,,,37.531593,138.912781
569,特別養護老人ホームはるか　医務室,940-0845,長岡市,花園南2丁目337番地,0258-38-0850,平成29年6月1日,社会福祉法人　虹のまち福祉会,星野　智,1,0,0,0,0,0,0,0,0,0,0,0,0,0,0,0,0,0,0,0,0,0,0,0,0,0,0,0,0,0,0,0,0,0,0,0,0,0,0,,,0,,,37.430340,138.865372
570,特別養護老人ホームケアガーデン新幸医務室,954-0076,見附市,新光町7番18号,0258-86-6775,平成30年4月1日,社会福祉法人　見附福祉会,高橋　貞佳,1,0,0,0,0,0,0,0,0,0,0,0,0,0,0,0,0,0,0,0,0,0,0,0,0,0,0,0,0,0,0,0,0,0,0,0,0,0,0,,,0,,,37.489208,138.996094
571,大手大橋眼科クリニック,940-2105,長岡市,緑町1丁目216-1,なし,平成30年4月1日,森　悦子,森　悦子,0,0,0,0,0,0,0,0,0,0,0,0,0,0,0,0,0,0,0,0,0,0,0,0,0,0,0,1,0,0,0,0,0,0,0,0,0,0,0,,,0,,,37.452007,138.822296
572,長岡寺島眼科クリニック,940-2101,長岡市,寺島町730番地,0258-94-5163,平成30年5月18日,医療法人新光会,中村　美希,0,0,0,0,0,0,0,0,0,0,0,0,0,0,0,0,0,0,0,0,0,0,0,0,0,0,0,1,0,0,0,0,0,0,0,0,0,0,0,,,0,,,37.459866,138.823898
573,菜の花メンタルクリニック,940-0004,長岡市,高見町3020-2,070-1006-4443,平成30年6月30日,清川　乃美,清川　乃美,1,0,0,0,0,0,0,0,0,0,0,0,0,1,1,0,0,0,0,0,0,0,0,0,0,0,0,0,0,0,0,0,0,0,0,0,0,0,0,,,0,内科：老年内科,,37.511967,138.861237
574,江陽高田医院,940-2011,長岡市,藤沢1丁目8-17,0258-28-1835,平成30年10月1日,医療法人社団　互尊会,高田　琢磨,1,0,0,0,1,0,1,0,0,0,0,0,0,0,0,0,0,0,0,0,0,0,0,0,0,0,0,0,0,0,0,0,0,1,0,0,0,0,0,,,0,歯科・歯科口腔外科標榜,○,37.476074,138.839462
575,特別養護老人ホーム あおいの里・長岡　医務室,940-0872,長岡市,稲保南3丁目820番地6,0258-25-1122,平成31年3月15日,社会福祉法人　葵新生会,本田　雅浩,1,0,0,0,0,0,0,0,0,0,0,0,0,0,0,0,0,0,0,0,0,0,0,0,0,0,0,0,0,0,0,0,0,0,0,0,0,0,0,,,0,,,37.305401,138.794693
576,ふくはら内科クリニック,940-0856,長岡市,美沢二丁目57-8,0258-36-0077,令和1年11月1日,福原　康夫,福原　康夫,1,0,0,1,0,0,0,0,0,0,0,0,0,0,0,0,0,0,0,0,0,0,0,0,0,0,0,0,0,0,0,0,0,0,0,0,0,0,0,,,0,,,37.440205,138.864990
577,小千谷市健康・こどもプラザ,947-0028,小千谷市,城内4丁目1番38号,0258-83-3640,令和2年1月1日,小千谷市,仁田原　義之,1,0,0,0,0,0,0,0,0,0,0,0,0,0,0,0,0,0,0,0,0,0,0,0,0,0,0,0,0,0,0,0,0,0,0,0,0,0,0,,,0,,,37.445873,138.851746
578,はしもと眼科クリニック,940-2012,長岡市,荻野1-7-13,0258-27-5015,令和2年4月1日,橋本　薫,橋本　薫,0,0,0,0,0,0,0,0,0,0,0,0,0,0,0,0,0,0,0,0,0,0,0,0,0,0,0,1,0,0,0,0,0,0,0,0,0,0,0,,,0,,,37.472610,138.835342
579,おくむら耳鼻科クリニック,940-0841,長岡市,花園南1丁目64番地,0258-89-6088,令和2年5月1日,医療法人社団　おくむら耳鼻科クリニック,奥村　仁,0,0,0,0,0,0,0,0,0,1,0,0,0,0,0,0,0,0,0,0,0,0,0,0,0,0,0,0,1,0,0,0,0,0,0,0,0,0,0,,,0,,,37.428959,138.862778
580,黒条内科・消化器クリニック,940-0011,長岡市,下々条町2836-1,0258-24-4976,令和2年5月1日,医療法人　道志会,大関　康志,1,0,0,1,0,0,0,0,0,0,0,0,0,0,0,0,0,0,0,0,0,0,0,0,0,0,0,0,0,0,0,0,0,0,0,0,0,0,0,,,0,,,37.493710,138.861725
581,あさひおか内科・内視鏡クリニック,940-0840,長岡市,旭岡1丁目29-2,0258-84-7360,令和2年5月18日,髙野　明人,髙野　明人,1,0,1,0,0,0,0,0,0,0,0,0,0,0,0,0,0,0,0,0,0,0,0,0,0,0,0,0,0,0,0,0,0,0,0,0,0,0,0,,,0,,,37.422428,138.858337
582,エールホームクリニック,940-2013,長岡市,下柳1丁目10番13号,0258-86-8722,令和2年9月14日,医療法人メディカルビットバレー,藤本　篤,1,1,0,0,1,0,0,0,1,1,1,0,1,0,0,0,0,0,0,0,0,0,0,0,0,0,0,0,0,0,0,0,0,0,0,0,0,0,0,,,0,,,37.471180,138.833664
583,田村クリニック,940-0875,長岡市,新保1丁目20番9号,0258-32-3280,令和2年10月1日,医療法人社団田村クリニック,田村　隆美,1,0,0,0,0,0,0,0,1,0,0,0,0,0,0,0,0,0,0,0,0,1,0,0,0,0,0,0,0,0,0,0,0,0,0,0,0,0,0,,,0,,,37.462749,138.866089
584,みつまクリニック,940-0071,長岡市,表町4丁目1番地7,0258-34-1121,令和2年10月1日,医療法人社団三間内科医院,三間　渉,1,0,0,0,0,0,0,0,0,0,0,0,1,0,0,0,0,0,0,0,0,0,0,0,0,0,0,0,0,0,0,0,0,0,0,0,0,0,0,,,0,,,37.451588,138.848450
585,長岡こころの発達クリニック,940-0840,長岡市,旭岡1丁目29番地3,0258-35-3556,令和5年6月1日,医療法人社団　聴風歌,田村　立,0,0,0,0,0,0,0,0,0,0,0,0,0,1,1,0,0,0,0,0,0,0,0,0,0,0,0,0,0,0,0,0,0,0,0,0,0,0,0,,,0,児童精神科,,37.305206,138.812668
586,さの整形外科クリニック,940-1161,長岡市,左近3丁目62-1,0258-31-2080,令和3年6月1日,医療法人社団さの整形外科クリニック,佐野　敦樹,0,0,0,0,0,0,0,0,0,0,1,0,0,0,0,0,0,0,0,0,0,0,0,0,1,0,0,0,0,0,0,0,0,1,0,0,0,0,0,,,0,,,37.431099,138.838531
587,特別養護老人ホーム雪あかり　医務室,947—0022,小千谷市,元町10番1号,0258-89-6711,令和3年10月1日,社会福祉法人苗場福祉会,新国　惠也,1,0,0,0,0,0,0,0,0,0,0,0,0,0,0,1,0,0,0,0,0,0,0,0,0,0,0,0,0,0,0,0,0,0,0,0,0,0,0,,,0,,,37.446533,138.851486
588,おやなぎアレルギークリニック,940-1161,長岡市,左近3-61-2,0258-77-2070,令和4年3月15日,小柳　貴人,小柳　貴人,0,0,0,0,0,0,0,0,0,1,0,0,1,0,0,0,0,0,0,0,0,0,0,0,0,0,0,0,0,0,0,0,0,0,0,0,0,0,0,,,0,,,37.431099,138.838531
589,耳鼻咽喉科　斎藤医院,940-0097,長岡市,山田3丁目1番3号,0258-32-0834,令和4年5月1日,齋藤　修,齋藤　修,0,0,0,0,0,0,0,0,0,0,0,0,0,0,0,0,0,0,0,0,0,0,0,0,0,0,0,0,1,0,0,0,0,0,0,0,0,0,0,,,0,,,37.328758,138.767792
590,旭岡アイクリニック,940-0840,長岡市,旭岡2丁目270,0258-86-4713,令和4年5月9日,栂野　哲哉,栂野　哲哉,0,0,0,0,0,0,0,0,0,0,0,0,0,0,0,0,0,0,0,0,0,0,0,0,0,0,0,1,0,0,0,0,0,0,0,0,0,0,0,,,0,,,37.531593,138.912781
591,加藤耳鼻咽喉科クリニック,947-0027,小千谷市,平成1丁目2番7号,0258-86-8288,令和5年3月1日,医療法人社団　加藤耳鼻咽喉科クリニック,加藤　雄介,0,0,0,0,0,0,0,0,0,0,0,0,0,0,0,0,0,0,0,0,0,0,0,0,0,0,0,0,1,0,0,0,0,0,0,0,0,0,0,,,0,,,37.531593,138.912781
592,見附メンタルクリニック,954-0057,見附市,新町3丁目8番8-1号,0258-86-4195,令和5年2月19日,丸山　麻知子,丸山　麻知子,0,0,0,0,0,0,0,0,0,0,0,0,0,1,1,0,0,0,0,0,0,0,0,0,0,0,0,0,0,0,0,0,0,0,0,0,0,0,0,,,0,,,37.314442,138.795013
593,見附たなはしクリニック,954-0057,見附市,新町3丁目8番7-1号,0258-86-7227,令和5年3月1日,棚橋　怜生,棚橋　怜生,1,0,0,0,0,0,1,0,0,0,0,0,0,0,0,0,0,0,0,0,0,0,0,0,0,0,0,0,0,0,0,0,0,0,0,0,0,0,0,,,0,内分泌内科も標榜,,37.465591,138.858978
594,にたはらこどもクリニック,947-0035,小千谷市,桜町4962-1,0258-81-6811,令和5年4月1日,仁田原　康利,仁田原　康利,0,0,0,0,0,0,0,0,1,0,0,0,1,0,0,0,0,0,0,0,0,0,0,0,0,0,0,0,0,0,0,0,0,0,0,0,0,0,0,,,0,,,37.446533,138.851486
595,保川内科医院,940-1104,長岡市,摂田屋町763番地1,0258-89-8798,令和5年4月1日,保川　亮太,保川　亮太,1,0,0,0,1,0,0,0,0,0,0,0,0,0,0,0,0,0,0,0,0,0,0,0,0,0,0,0,0,0,0,0,0,0,0,0,0,0,0,,,0,,,37.412300,138.846863
596,エールホームクリニック長岡,940-0065,長岡市,坂之上町2丁目3番地20号 米百俵ﾌﾟﾚｲｽ北館1階,0258-86-7223,令和5年9月7日,医療法人メディカルビットバレー,田村　真麻,1,1,0,0,0,0,0,0,1,1,1,0,0,0,0,0,0,0,0,0,0,0,0,0,0,0,0,0,0,0,0,0,0,0,0,0,0,0,0,,,0,,,37.448910,138.849945
597,すとく・おれんじクリニック,940-0065,長岡市,坂之上町2丁目3番地20号 米百俵ﾌﾟﾚｲｽ北館1階,0258-46-3200,令和5年11月6日,社会医療法人崇徳会,田宮　崇,0,0,0,0,0,1,0,0,0,0,0,0,0,1,0,0,0,0,0,0,0,0,0,0,0,0,0,0,0,0,0,0,0,0,0,0,0,0,0,,,0,,,37.314442,138.795013
598,湘南美容クリニック　長岡院,940-0061,長岡市,城内町1丁目611-1 CoCoLo長岡M2階,050-5865-5944,令和6年3月14日,医療法人社団リッツ美容外科,田中　真緒,0,0,0,0,0,0,0,0,1,0,0,0,0,0,0,0,0,0,0,0,0,0,0,0,0,0,1,0,0,0,0,0,0,0,0,0,0,0,0,,,0,美容皮膚科,,37.312099,138.796677
599,ひがし小千谷耳鼻咽喉科,947-0005,小千谷市,旭町5-2,0258-94-6200,令和6年4月1日,吉﨑　直人,吉﨑　直人,0,0,0,0,0,0,0,0,0,0,0,0,0,0,0,0,0,0,0,0,0,0,0,0,0,0,0,0,1,0,0,0,0,0,0,0,0,0,0,,,0,,,37.442394,138.851334
600,特別養護老人ホーム　春風堂,947-0043,小千谷市,大字山谷1635番地100,0258-83-1311,令和6年4月1日,社会福祉法人慶友はるかぜ福祉会,北村　雄大,1,0,0,0,0,0,0,0,0,0,0,0,0,0,0,0,0,0,0,0,0,0,0,0,0,0,0,0,0,0,0,0,0,0,0,0,0,0,0,,,0,老年内科,,37.479927,139.071350
601,たくぼ整形外科クリニック,940-2105,長岡市,緑町1丁目132-2,0258-28-8008,令和6年4月21日,田窪　良太,田窪　良太,0,0,0,0,0,0,0,0,0,0,1,0,0,0,0,0,0,0,0,0,0,0,0,0,1,0,0,0,0,0,0,0,0,1,0,0,0,0,0,,,0,,,37.450565,138.824371
602,喜多町診療所,940-2121,長岡市,喜多町1070番地1,0258-29-1230,令和6年5月1日,医療法人社団喜多町診療所,鈴木　健介,1,0,0,0,0,0,0,0,0,0,0,0,0,0,0,0,0,0,0,0,0,0,0,0,0,0,0,0,0,0,0,0,0,0,0,0,0,0,0,,,0,内科と人工透析内科を標榜,,37.451694,138.806824
603,八幡産科婦人科医院,940-0872,長岡市,稲保南3丁目766-27,0258-94-6258,令和6年6月1日,八幡　哲郎,八幡　哲郎,0,0,0,0,0,0,0,0,0,0,0,0,0,0,0,0,0,0,0,0,0,0,0,0,0,0,0,0,0,0,0,1,1,0,0,0,0,0,0,19,,19,,,37.531593,138.912781
604,アグリホームクリニック ながおか,940-0897,長岡市,長岡市新組町2211番15 ﾒｿﾞﾝﾄﾞﾊｰﾓﾆｰ1階,0258-94-6178,令和6年12月1日,医療法人AGRIE,水澤　桂,1,0,0,0,0,0,0,0,0,0,0,0,0,1,0,1,0,0,0,0,0,0,0,0,0,0,0,0,0,0,0,0,0,0,0,0,0,0,0,,,0,,,37.531593,138.912781
605,みつけこどもクリニック,954-0057,見附市,新町3丁目8番5-1号,0258-84-7900,令和7年2月7日,土谷　修一,土谷　修一,0,0,0,0,0,0,0,0,0,0,0,0,1,0,0,0,0,0,0,0,0,0,0,0,0,0,0,0,0,0,0,0,0,0,0,0,0,0,0,,,0,,,37.465591,138.858978
606,たかはしこどもクリニック,954-0083,見附市,市野坪町337番地4,0258-86-6921,令和7年6月4日,髙橋　貞佳,髙橋　貞佳,0,0,0,0,0,0,0,0,0,0,0,0,1,0,0,0,0,0,0,0,0,0,0,0,0,0,0,0,0,0,0,0,0,0,0,0,0,0,0,,,0,,,37.446533,138.851486
607,あおばクリニック長岡院,940-0061,長岡市,城内町2丁目6番地1 高野不動産ﾋﾞﾙ6階,0258-30-1970,令和7年7月1日,医療法人社団あおばクリニック,大谷　信夫,0,0,0,0,0,0,0,0,0,0,0,0,0,0,0,0,0,0,0,0,0,0,0,0,0,0,1,1,0,0,0,0,0,0,0,0,0,0,0,,,0,美容皮膚科を美容外科に読み替えR7.6.30法人化のため廃止→R7.7.1開設,,37.448887,138.852859
608,ひぐち整形外科クリニック,940-0861,長岡市,川崎町779-1,0258-36-7688 ,令和7年10月1日,樋口　賢太郎,樋口　賢太郎,0,0,0,0,0,0,0,0,0,0,1,0,0,0,0,0,0,0,0,0,0,0,0,0,1,0,0,0,0,0,0,0,0,1,0,0,0,0,0,,,0,,,37.455200,138.875671
609,きしクリニック,940-0833,長岡市,笹崎1-2-3,050-5527-4691,令和7年10月7日,岸　翔平,岸　翔平,1,0,1,0,0,0,0,0,0,0,0,0,0,0,0,0,0,0,0,0,0,0,0,0,0,0,0,0,0,0,0,0,0,0,0,0,0,0,0,,,0,,,37.424732,138.846329
610,曲新町小林眼科医院,940-1103,長岡市,曲新町687-3,0258-37-8230,令和8年4月1日,小林　司,小林　司,0,0,0,0,0,0,0,0,0,0,0,0,0,0,0,0,0,0,0,0,0,0,0,0,0,0,0,1,0,0,0,0,0,0,0,0,0,0,0,,,0,,,37.236431,138.963776
611,吉田内科クリニック,940-1103,長岡市,曲新町592-5,,令和8年4月1日,(医社）吉田医院,吉田　正弘,1,0,0,1,0,0,0,0,0,0,0,0,0,0,0,0,0,0,0,0,0,0,0,0,0,0,0,0,0,0,0,0,0,0,0,0,0,0,0,,,0,,,37.236431,138.963776
612,六花園診療所,949-7413,魚沼市,堀之内2197-1,025-794-3980,昭和53年9月18日,社団法人　魚沼更生福祉会,上村　伯人,1,0,0,0,0,0,0,0,0,0,0,0,0,0,0,0,0,0,0,0,0,0,0,0,0,0,0,0,0,0,0,0,0,0,0,0,0,0,0,,,0,,,37.229683,138.926697
613,庭山医院,946-0007,魚沼市,四日町101-2,025-792-5511,昭和53年12月1日,医療法人社団　庭山医院,庭山　淳,1,0,0,0,0,0,0,0,0,0,0,0,0,0,0,0,0,0,0,0,0,0,0,0,0,0,0,0,0,0,0,0,0,0,0,0,0,0,0,,,0,,,37.235622,138.956177
614,魚沼市南山荘医務室,946-0085,魚沼市,下折立561,025-795-2503,平成16年11月1日,魚沼市,森田　慎一,1,0,0,0,0,0,0,0,0,0,0,0,0,0,0,0,0,0,0,0,0,0,0,0,0,0,0,0,0,0,0,0,0,0,0,0,0,0,0,,,0,,,37.207275,139.060150
615,廣川医院,946-0011,魚沼市,小出島1209-79,025-792-0015,平成1年4月1日,医療法人社団　廣川医院,廣川　幸二郎,0,0,0,0,0,0,0,0,0,0,0,0,0,0,0,0,0,0,0,1,0,0,0,0,0,0,0,0,1,0,0,0,0,0,0,0,0,0,0,,,0,,,37.229595,138.963776
616,美雪園診療所,946-0109,魚沼市,和田413-1,025-799-3000,平成1年4月1日,社会福祉法人　魚沼福祉会,上村　伯人,1,0,0,0,0,0,0,0,0,0,0,0,0,0,0,0,0,0,0,0,0,0,0,0,0,0,0,0,0,0,0,0,0,0,0,0,0,0,0,,,0,,,37.280460,138.978699
617,やいろの里診療所,946-0036,魚沼市,岡新田300-3,025-792-6123,平成5年4月1日,社会福祉法人　魚沼地域福祉会,宮　一路,1,0,0,0,0,0,0,0,0,0,0,0,0,1,0,0,0,0,0,0,0,0,0,0,0,0,0,0,0,0,0,0,0,0,0,0,0,0,0,,,0,,,37.183731,138.937851
618,宮医院,946-0076,魚沼市,井口新田439-1,025-792-0602,平成6年5月16日,医療法人社団宮　医院,宮　一路,1,0,0,0,0,0,0,0,0,1,0,0,1,0,0,0,0,0,0,0,0,0,0,0,0,0,0,0,0,0,0,0,0,0,0,0,0,0,0,,,0,,,37.232445,138.965057
619,魚沼市国民健康保険守門診療所,946-0216,魚沼市,須原1237-1,025-797-2062,平成16年11月1日,魚沼市,上村　伯人,1,0,0,0,0,0,0,0,0,0,0,0,0,0,0,0,0,0,0,0,0,0,0,0,0,0,0,0,0,0,0,0,0,0,0,0,0,0,0,,,0,,,37.317806,139.017715
620,かねもと外科内科医院,946-0076,魚沼市,井口新田945-1,025-792-7678,平成10年9月1日,医療法人社団かねもと外科内科医院,金本　勝哉,1,0,0,0,0,0,0,0,0,0,0,0,0,0,0,1,0,0,0,0,0,0,0,0,0,0,0,0,0,0,0,0,0,0,0,0,0,0,0,,,0,,,37.229084,138.970276
621,寿和ホーム診療所,946-0305,魚沼市,大栃山628-1,025-796-3711,平成8年4月1日,社会福祉法人　魚沼福祉会,仲丸　司,1,0,0,0,0,0,0,0,0,0,0,0,0,0,0,0,0,0,0,0,0,0,0,0,0,0,0,0,0,0,0,0,0,0,0,0,0,0,0,,,0,,,37.355663,139.068451
622,うかじ園診療所,949-7418,魚沼市,徳田112-1,025-794-6000,平成11年4月1日,社会福祉法人　魚沼福祉会,小玉　誠,1,0,0,0,0,0,0,0,0,0,0,0,0,0,0,0,0,0,0,0,0,0,0,0,0,0,0,0,0,0,0,0,0,0,0,0,0,0,0,,,0,,,37.256439,138.908859
623,(社)新潟県労働衛生医学協会附属小出検査ｾﾝﾀｰ,946-0011,魚沼市,小出島1240-13,025-792-3365,平成11年11月25日,(社)新潟県労働衛生医学協会,鈴木　孝明,1,0,0,0,0,0,0,0,0,0,0,0,0,0,0,0,0,0,0,0,0,0,0,0,0,0,0,0,0,0,0,0,1,0,0,0,0,0,0,,,0,,,37.229778,138.966385
624,あぶるま苑診療所,946-0216,魚沼市,須原1293番地,025-798-3100,平成13年4月1日,社会福祉法人　魚沼福祉会,上村　伯人,1,0,0,0,0,0,0,0,0,0,0,0,0,0,0,0,0,0,0,0,0,0,0,0,0,0,0,0,0,0,0,0,0,0,0,0,0,0,0,,,0,,,37.335449,139.011948
625,医療法人社団緑と清流の医療研究会星内科医院,946-0011,魚沼市,小出島81-1,025-793-3337,平成13年5月1日,医療法人社団緑と清流の医療研究会,星　隆洋,1,0,0,1,0,0,0,0,0,0,0,0,0,1,1,0,0,0,0,0,0,0,0,0,0,0,0,0,0,0,0,0,0,0,0,0,0,0,0,,,0,,,37.230892,138.965286
626,たちばな皮ふ科クリニック,946-0025,魚沼市,古新田179-1,025-793-3201,平成13年6月1日,橘敏明,橘　敏明,0,0,0,0,0,0,0,0,1,0,0,0,0,0,0,0,0,0,0,0,0,0,0,0,0,0,0,0,0,0,0,0,0,0,0,0,0,0,0,,,0,,,37.220528,138.964951
627,魚沼市国民健康保険入広瀬診療所,946-0305,魚沼市,大栃山635番地1,025-796-2320,平成16年11月1日,魚沼市,仲丸　司,1,0,0,0,0,0,0,0,0,0,0,0,0,0,0,0,0,0,0,0,0,0,0,0,0,0,0,0,0,0,0,0,0,0,0,0,0,0,0,,,0,,,37.349529,139.067780
628,特別養護老人ホームうおの園診療所,946-0031,魚沼市,原虫野438-4,025-792-1096,平成16年4月1日,社会福祉法人　魚野福祉会,鈴木　邦人,1,0,0,0,0,0,0,0,0,0,0,0,0,1,0,0,0,0,0,0,0,0,0,0,0,0,0,0,0,0,0,0,0,0,0,0,0,0,0,,,0,,,37.209835,138.965546
629,魚沼学園　医務室,946-0035,魚沼市,十日町1403-1,025-792-0846,平成16年10月6日,魚沼地区障害福祉組合,森田　慎一,1,0,0,0,0,0,0,0,0,0,0,0,0,1,0,0,0,0,0,0,0,0,0,0,0,0,0,0,0,0,0,0,0,0,0,0,0,0,0,,,0,,○,37.185978,138.944748
630,新潟県魚沼保健所,946-0004,魚沼市,大塚新田116-3,025-792-8612,昭和19年5月1日,新潟県,武藤　謙介,1,0,0,0,0,0,0,0,0,0,0,0,0,0,0,0,0,0,0,0,0,0,0,0,0,0,0,0,0,0,0,0,0,0,0,0,0,0,0,,,0,,,37.235085,138.964630
631,うおぬま眼科,946-0001,魚沼市,日渡新田字ﾋﾜﾀﾘ84番地の1,025-793-7347,平成25年5月15日,医療法人社団　ｵｸﾙｽ,田中　隆之,0,0,0,0,0,0,0,0,0,0,0,0,0,0,0,0,0,0,0,0,0,0,0,0,0,0,0,1,0,0,0,0,0,0,0,0,0,0,0,,,0,,,37.238075,138.959061
632,堀之内駅前小玉医院,949-7413,魚沼市,堀之内3870-1,025-798-2000,平成29年5月1日,医療法人社団　小玉医院,小玉　誠,1,0,1,0,0,0,0,0,0,0,0,0,0,0,0,0,0,0,0,0,0,0,0,0,0,0,0,0,0,0,0,0,0,0,0,0,0,0,0,,,0,,,37.238747,138.928223
633,医療法人社団　上村医院,946-0003,魚沼市,諏訪町1-12,025-792-0143,平成28年12月1日,医療法人社団　上村医院,森田　慎一,1,0,0,1,0,0,1,0,0,0,0,0,1,0,0,0,0,0,0,0,0,1,0,0,0,0,0,0,0,0,0,0,0,0,0,0,0,0,0,,,0,,,37.232708,138.960037
634,魚沼市国民健康保険堀之内医療センター,949-7413,魚沼市,堀之内4315,025-794-2450,平成29年4月1日,魚沼市,布施　克也,1,0,0,0,0,0,0,0,0,0,0,0,0,0,0,0,0,0,0,0,0,0,0,0,1,0,0,0,0,0,0,0,0,1,0,0,0,0,0,,,0,,,37.245281,138.926132
635,医療法人俊榮会ふくじゅクリニック,946-0112,魚沼市,田尻164-2,025-799-2015,令和4年9月1日,医療法人　俊榮会,河内　由布子,1,0,0,0,0,0,0,0,0,0,1,0,0,0,0,0,0,0,0,0,0,0,0,0,1,0,0,0,0,0,0,0,0,0,0,0,0,0,0,,,0,,,37.261505,138.972748
636,ふれあいの郷ひめさゆり診療所,946-0304,魚沼市,穴沢25番地,025-798-4006,令和5年4月1日,社会福祉法人　愛郷会,上村　伯人,1,0,0,0,0,0,0,0,0,0,0,0,0,0,0,0,0,0,0,0,0,0,0,0,0,0,0,0,0,0,0,0,0,0,0,0,0,0,0,,,0,,,37.361961,139.066254
637,魚沼こどもクリニック,946-0076,魚沼市,井口新田321番地1,025-793-7708,令和5年4月1日,板垣　成孝,板垣　成孝,0,0,0,0,0,0,0,0,0,1,0,0,1,0,0,0,0,0,0,0,0,0,0,0,0,0,0,0,0,0,0,0,0,0,0,0,0,0,0,,,0,,,36.933987,138.817474
638,骨とスポーツのクリニック,946-0024,魚沼市,中原字大塚80-1,025-795-6975,令和6年3月11日,医療法人　柏樹会,山中　力仁,0,0,0,0,0,0,0,0,0,0,0,0,0,0,0,0,0,0,0,0,0,0,0,0,1,0,0,0,0,0,0,0,0,1,0,0,0,0,0,,,0,,,36.933987,138.817474
639,角谷整形外科医院,949-6102,湯沢町,大字神立251-7,025-785-5130,昭和55年12月1日,角谷　文祐,角谷　文祐,0,0,0,0,0,0,0,0,0,0,0,0,0,0,0,0,0,0,0,0,0,0,0,0,1,0,0,0,0,0,0,0,0,0,0,0,0,0,0,,,0,,,36.935127,138.816223
640,湯沢町保健センター　　　,949-6101,湯沢町,大字湯沢2877-1,025-784-3149,平成14年12月24日,湯沢町,浅井 泰博,1,0,0,0,0,0,0,0,0,0,0,0,1,0,0,0,0,0,0,0,0,0,0,0,0,0,0,0,0,0,0,0,0,0,0,0,0,0,0,,,0,歯科,○,37.187653,138.978821
641,特別養護老人ホーム　ゆのさと園医務室,949-6102,湯沢町,大字神立1647-275,025-784-3785,平成10年10月1日,社会福祉法人 南魚沼福祉会,西谷　基子,1,0,0,0,0,0,0,0,0,0,0,0,0,0,0,0,0,0,0,0,0,0,0,0,0,0,0,0,0,0,0,0,0,0,0,0,0,0,0,,,0,,,37.065556,138.876114
642,南魚沼市立中之島診療所,949-6418,南魚沼市,仙石1-25,025-782-0130,平成17年10月1日,南魚沼市,冨永　衛,1,0,0,0,0,0,0,0,1,0,0,0,1,0,0,1,0,0,0,0,0,0,0,0,0,0,0,0,0,0,0,0,0,0,0,0,0,0,0,,,0,,,37.006424,138.841476
643,あんべクリニック,949-6408,南魚沼市,塩沢1055-16,025-782-5355,平成9年9月1日,医療法人社団　あんべクリニック,安部　龍一,1,0,0,1,0,0,0,0,0,0,0,0,0,0,0,1,0,0,0,0,0,0,0,0,0,0,0,0,0,0,0,0,0,1,0,1,0,0,0,,,0,,,37.042309,138.853973
644,特別養護老人ホーム　まいこ園,949-6418,南魚沼市,仙石1-18,025-782-1655,平成4年4月1日,社会福祉法人　南魚沼福祉会,丹波　嘉一郎,1,0,0,0,0,0,0,0,0,0,0,0,0,0,0,0,0,0,0,0,0,0,0,0,0,0,0,0,0,0,0,0,0,0,0,0,0,0,0,,,0,,,37.006424,138.841476
645,障害者支援施設まきはたの里　医務室,949-6555,南魚沼市,滝谷992-1,025-782-5061,平成10年4月1日,社会福祉法人　南魚沼福祉会,佐々木　航,1,0,0,0,0,0,0,0,0,0,0,0,0,0,0,0,0,0,0,0,0,0,0,0,0,0,0,0,0,0,0,0,0,0,0,0,0,0,0,,,0,,,36.988094,138.887344
646,藤島眼科医院,949-6680,南魚沼市,六日町1881,025-772-2059,平成2年10月1日,医療法人社団　藤島医院,藤島　浩,0,0,0,0,0,0,0,0,0,0,0,0,0,0,0,0,0,0,0,0,0,0,0,0,0,0,0,1,0,0,0,0,0,0,0,0,0,0,0,6,,6,,,37.061928,138.878220
647,萌気園二日町診療所,949-6772,南魚沼市,二日町212-1,025-778-0088,平成11年4月1日,医療法人社団　萌気会,田邊　繁世,1,0,0,0,0,1,0,0,0,0,1,0,1,0,0,0,0,0,0,0,0,0,0,0,1,0,0,0,0,0,0,0,0,0,0,0,0,0,0,,,0,,,37.090679,138.901398
648,マイトーラ医務室　　　　　　　　,949-6602,南魚沼市,欠之上538-1,025-770-0500,平成9年4月7日,社会福祉法人　雪国ボラントピア,鬼頭　隆尚,1,0,0,0,0,0,0,0,0,0,0,0,0,0,0,0,0,0,0,0,0,0,0,0,0,0,0,0,0,0,0,0,0,0,0,0,0,0,0,,,0,,,37.088104,138.865829
649,南魚沼市養護老人ホーム　魚沼荘,949-7112,南魚沼市,長森1008,025-775-2022,平成18年4月1日,南魚沼市,岡村　淳,1,0,0,0,0,0,0,0,0,0,0,0,0,0,0,0,0,0,0,0,0,0,0,0,0,0,0,0,0,0,0,0,0,0,0,0,0,0,0,,,0,,,37.098320,138.928787
650,特別養護老人ホーム　みなみ園,949-6680,南魚沼市,六日町712-4,025-773-3155,昭和63年4月1日,社会福祉法人　南魚沼福祉会,丹波　嘉一郎,1,0,0,0,0,0,0,0,0,0,0,0,0,0,0,0,0,0,0,0,0,0,0,0,0,0,0,0,0,0,0,0,0,1,0,0,0,0,0,,,0,,,37.055527,138.864273
651,特別養護老人ホーム　こころの杜医務室　　,949-6680,南魚沼市,六日町1148-1,025-770-1123,平成19年1月1日,社会福祉法人　苗場福祉会,松島　一雄,1,0,0,0,0,0,0,0,0,0,0,0,0,0,0,0,0,0,0,0,0,0,0,0,0,0,0,0,0,0,0,0,0,0,0,0,0,0,0,,,0,,,37.069580,138.879044
652,南魚沼保健所　　　　　　　　　,949-6680,南魚沼市,六日町620-2,025-772-2457,平成4年10月16日,新潟県,堀井　淳一,1,0,0,0,0,0,0,0,0,0,0,0,0,0,0,0,0,0,0,0,0,0,0,0,0,0,0,0,0,0,0,0,0,0,0,0,0,0,0,,,0,,,37.057720,138.868668
653,魚沼地域特別養護老人ホーム　八色園医務室,949-7302,南魚沼市,浦佐4059-1,025-777-3811,平成15年11月1日,魚沼地域特別養護老人ホーム組合,小林　豊,1,0,0,0,0,0,0,0,0,0,0,0,0,0,0,0,0,0,0,0,0,0,0,0,0,0,0,0,0,0,0,0,0,0,0,0,0,0,0,,,0,,,37.167477,138.922089
654,特別養護老人ホーム　坂戸楽生園医務室,949-6611,南魚沼市,坂戸7-3,025-772-8188,平成22年4月15日,社会福祉法人　曙会,廣田　喜一,1,0,0,0,0,0,0,0,0,0,0,0,0,0,0,0,0,0,0,0,0,0,0,0,0,0,0,0,0,0,0,0,0,0,0,0,0,0,0,,,0,,,37.060883,138.882401
655,特別養護老人ホーム雪椿の里診療所,949-7245,南魚沼市,穴地14番地1,025-780-1155,平成24年6月1日,社会福祉法人　八海福祉会,小林　豊,1,0,0,0,0,0,0,0,0,0,0,0,0,0,0,0,0,0,0,0,0,0,0,0,0,0,0,0,0,0,0,0,0,0,0,0,0,0,0,,,0,,,37.136024,138.961426
656,萌気園浦佐診療所,949-7302,南魚沼市,浦佐5363-1,025-777-5222,平成25年6月1日,医療法人社団　萌気会,黒岩　巌志,1,0,0,0,0,0,0,0,0,0,0,0,1,1,1,0,0,0,0,0,0,0,0,0,1,0,0,0,0,0,0,0,0,0,0,0,0,0,0,1,,1,,,37.167477,138.922089
657,特別養護老人ホーム百花園　医務室,949-6371,南魚沼市,関852番地,025-783-5200,平成25年9月17日,社会福祉法人　石打福祉会,佐々木　航,1,0,0,0,0,0,0,0,0,0,0,0,0,0,0,0,0,0,0,0,0,0,0,0,0,0,0,0,0,0,0,0,0,0,0,0,0,0,0,,,0,,,36.985386,138.808441
658,医療法人社団　やすかわ整形外科,949-6680,南魚沼市,六日町101-8 ,025-781-5320,平成25年10月1日,医療法人社団　やすかわ整形外科,安川　敬一郎,0,0,0,0,0,0,0,0,0,0,0,0,0,0,0,0,0,0,0,0,0,0,0,0,1,0,0,0,0,0,0,0,0,1,0,0,0,0,0,,,0,,,37.067184,138.877151
659,米倉医院,949-6680,南魚沼市,六日町101-8,025-778-1121,平成25年10月1日,医療法人社団　研鑚会,米倉　研史,1,0,0,1,0,0,0,0,1,0,0,0,1,0,0,0,0,0,0,0,0,0,0,0,0,0,0,0,0,0,0,0,0,0,0,0,0,0,0,,,0,肝臓内科、内視鏡内科,,37.067184,138.877151
660,公益社団法人地域医療振興協会今泉記念館ゆきあかり診療所,949-6363,南魚沼市,下一日市855番地,025-788-0760,平成25年10月1日,公益社団法人　地域医療振興協会,佐々木　航,1,0,0,0,0,0,0,0,1,0,0,0,1,0,0,1,0,0,0,0,0,0,0,0,0,0,0,0,0,0,0,0,0,0,0,0,0,0,0,,,0,,,37.003124,138.818863
661,萌気園あやめ診療所,949-7302,南魚沼市,浦佐330-7,025-780-4377,平成30年7月2日,医療法人社団　萌気会,柿原　敏夫,0,0,0,0,0,0,0,0,0,0,0,0,1,1,1,0,0,0,0,0,0,0,0,0,0,0,0,0,0,0,0,0,0,0,0,0,0,0,0,,,0,,,37.169170,138.921234
662,六日町こどもクリニック,949-6681,南魚沼市,余川3362番地1,025-775-7171,令和1年5月1日,医療法人社団六日町こどもクリニック,白井　崇準,0,0,0,0,0,0,0,0,0,1,0,0,1,0,0,0,0,0,0,0,0,0,0,0,0,0,0,0,0,0,0,0,0,0,0,0,0,0,0,,,0,,,37.077278,138.871658
663,六日町アイクリニック,949-6681,南魚沼市,余川坂ﾉ上3190-1,025-770-0930,令和2年12月1日,橘　晟,橘　晟,0,0,0,0,0,0,0,0,0,0,0,0,0,0,0,0,0,0,0,0,0,0,0,0,0,0,0,1,0,0,0,0,0,0,0,0,0,0,0,,,0,,,37.077278,138.871658
664,塩沢保健センター,949-6492,南魚沼市,塩沢1370-1,025-782-0250,令和3年4月1日,南魚沼市,冨永　衛,1,0,0,0,0,0,0,0,0,0,0,0,0,0,0,0,0,0,0,0,0,0,0,0,0,0,0,0,0,0,0,0,0,0,0,0,0,0,0,,,0,,,37.039928,138.847153
665,うらさ耳鼻科クリニック,949-7302,南魚沼市,浦佐1534番地3,025-780-4800,令和6年12月1日,医療法人社団うらさ耳鼻科クリニック,相澤　直孝,0,0,0,0,0,0,0,0,0,0,0,0,0,0,0,0,0,0,0,0,0,0,0,0,0,0,0,0,1,0,0,0,0,0,0,0,0,0,0,,,0,,,37.167477,138.922089
666,ひとみレディースクリニック,949-6681,南魚沼市,余川3360-2,025-775-7918,令和4年10月8日,佐藤　ひとみ,佐藤　ひとみ,0,0,0,0,0,0,0,0,0,0,0,0,0,0,0,0,0,0,0,0,0,0,0,0,0,0,0,0,0,0,1,0,0,0,0,0,0,0,0,,,0,,,37.077278,138.871658
667,医療法人俊榮会　ほうじゅクリニック,949-6408,南魚沼市,塩沢207-2,025-782-6688,令和6年1月1日,医療法人俊榮会,青木　聡,1,0,1,0,0,0,0,0,0,0,0,0,0,0,0,0,0,0,0,0,0,0,0,0,0,0,0,0,0,0,0,0,0,0,0,0,0,0,0,,,0,,,37.040710,138.853546
668,ゆきぐに大和診療所,949-7302,南魚沼市,浦佐4115番地,025-777-2111,令和6年11月1日,南魚沼市,田部井　薫,1,0,0,0,0,1,0,0,1,0,1,0,1,1,0,1,0,0,0,0,0,0,0,0,1,0,0,0,0,0,0,0,0,1,0,0,0,0,0,,,0,歯科・小児歯科・ペインクリニック内科・漢方内科,○,37.171974,138.936798
669,南魚沼市民病院附属石打丸山スキー診療所,949-6302,南魚沼市,石打1782番地2,-,令和6年11月8日,南魚沼市,笠井　昭男,0,0,0,0,0,0,0,0,0,0,0,0,0,0,0,0,0,0,0,0,0,0,0,0,1,0,0,0,0,0,0,0,0,0,0,0,0,0,0,,,0,休止R8.3.30～R8.12.18,,37.127499,138.755569
670,どんぐりこどもファミリークリニック,949-7114,南魚沼市,泉字大道下甲401番2,025-780-2204,令和7年4月1日,井口　英幸,井口　英幸,1,0,0,0,0,0,0,0,0,0,0,0,1,0,0,0,0,0,0,0,0,0,0,0,0,0,0,0,0,0,0,0,0,0,0,0,0,0,0,,,0,,,37.132706,138.756409
671,十日町市巡回診療所,948-8501,十日町市,千歳町3-3,025-757-3719,平成18年4月1日,十日町市,（巡回診療所）,1,0,0,0,0,0,0,0,0,0,0,0,0,0,0,0,0,0,0,0,0,0,0,0,0,0,0,0,0,0,0,0,0,0,0,0,0,0,0,,,0,巡回診療所、歯科,○,37.127480,138.755569
672,池田医院,948-0083,十日町市,本町西1丁目314番地1,025-752-2581,平成1年8月1日,医療法人社団 池田医院,池田　透,1,0,0,0,0,0,0,0,0,0,0,0,1,0,0,0,0,0,0,0,0,0,0,0,0,0,0,0,0,0,0,0,0,0,0,0,0,0,0,,,0,,,37.128967,138.759125
673,養護老人ホーム妻有荘診療所,949-8525,十日町市,新宮乙195-3,025-758-2050,昭和49年12月1日,社会福祉法人 妻有福祉会,畠中　敏夫,1,0,0,0,0,0,0,0,0,0,0,0,0,0,0,0,0,0,0,0,0,0,0,0,0,0,0,0,0,0,0,0,0,0,0,0,0,0,0,,,0,,,37.095108,138.721283
674,新潟県十日町保健所,948-0055,十日町市,高山857,025-757-2400,昭和58年5月26日,新潟県,山﨑　理,1,0,0,0,0,0,0,0,0,0,0,0,0,0,0,0,0,0,0,0,0,0,0,0,0,0,0,0,0,0,0,0,0,0,0,0,0,0,0,,,0,,,37.128479,138.745636
675,新潟県厚生農業協同組合連合会小千谷総合病院十日町診療所,948-0062,十日町市,泉町29,025-752-4401,平成29年4月1日,新潟県厚生農業協同組合連合会,田沼　厚人,1,0,0,0,0,0,0,0,0,0,0,0,0,0,0,0,0,0,0,0,0,0,0,0,0,0,0,0,0,0,0,0,0,0,0,0,0,0,0,,,0,,,37.133896,138.756668
676,医療法人社団山口医院,948-0066,十日町市,袋町中208,025-752-2174,昭和61年12月1日,医療法人社団 山口医院,山口　義文,1,0,0,0,0,0,0,0,0,0,0,0,1,0,0,0,0,0,0,0,0,0,0,0,0,0,0,0,0,0,0,0,0,0,0,0,0,0,0,,,0,,,37.130318,138.758774
677,医療法人社団山口医院,949-8603,十日町市,下条3-509,025-755-2003,昭和61年12月1日,医療法人社団 山口医院,山口　孝太郎,1,0,0,1,0,0,0,0,0,0,0,0,1,0,0,0,0,0,0,0,0,0,0,0,0,0,0,0,0,0,0,0,0,0,0,0,0,0,0,12,,12,,,37.196285,138.777969
678,大坪医院,948-0006,十日町市,四日町1743-10,025-757-6100,平成4年4月1日,医療法人社団 大坪医院,大坪　隆男,1,0,0,0,0,0,0,0,0,0,0,0,1,0,0,0,0,0,0,0,0,0,0,0,0,0,0,0,0,0,0,0,0,0,0,0,0,0,0,,,0,,,37.146381,138.765884
679,特別養護老人ホーム三好園診療所,949-8603,十日町市,下条3-485-1,025-756-2106,平成20年10月1日,社会福祉法人 十日町福祉会,山口孝太郎,1,0,0,0,0,0,0,0,0,0,0,0,0,0,0,0,0,0,0,0,0,0,0,0,0,0,0,0,0,0,0,0,0,0,0,0,0,0,0,,,0,,,37.196285,138.777969
680,田中外科医院,948-0028,十日町市,田中町本通り272-3,025-752-2403,平成8年4月1日,田中　陽一,田中　陽一,1,0,0,0,0,0,0,0,0,0,0,0,0,0,0,1,0,0,0,0,0,0,0,0,0,0,0,0,0,0,0,0,0,0,0,0,0,0,0,,,0,,,37.135277,138.762360
681,たかき医院,949-8551,十日町市,馬場丙1550-1,025-758-2361,平成20年5月2日,医療法人社団 たかき医院,仲　栄美子,0,0,0,0,0,0,0,0,0,0,0,0,1,0,0,0,0,0,0,0,0,0,0,0,0,0,0,0,0,0,1,0,0,0,0,0,0,0,0,16,,16,,,37.094353,138.725433
682,本町クリニック,948-0082,十日町市,本町3丁目362番ﾌﾟﾗｻﾞｺｱﾋﾞﾙ,025-750-1160,平成12年4月1日,医療法人社団 本町クリニック,高橋　修一,1,0,0,0,0,0,0,0,1,0,0,0,0,0,0,1,0,0,0,0,0,0,0,0,0,0,0,0,0,0,0,0,0,0,0,0,0,0,0,,,0,,,37.132828,138.760803
683,医療法人社団　大渕内科クリニック,949-8615,十日町市,中条甲1096-2,025-752-7155,平成13年10月1日,医療法人社団 大渕内科クリニック,大渕　雄子,1,0,0,0,0,0,0,0,0,0,0,0,1,0,0,0,0,0,0,0,0,0,0,0,0,0,0,0,0,0,0,0,0,0,0,0,0,0,0,,,0,,,37.164242,138.772095
684,せき整形外科,948-0006,十日町市,四日町1318-24,025-750-1155,平成14年1月8日,関　真人,関　真人,1,0,0,0,0,0,0,0,0,1,1,0,0,0,0,0,0,0,0,0,0,0,0,0,1,0,0,0,0,0,0,0,0,1,0,0,0,0,0,,,0,,,37.148170,138.761154
685,庭野医院,948-0051,十日町市,寿町4-3-5,025-752-2711,平成15年11月10日,医療法人社団 庭野医院,庭野　行雄,1,0,0,0,0,0,0,0,0,0,0,0,1,0,0,0,0,0,0,0,0,0,0,0,0,0,0,0,0,0,0,0,0,0,0,0,0,0,0,,,0,,,37.129368,138.754333
686,一般社団法人新潟県労働衛生医学協会附属十日町検診センター,948-0057,十日町市,春日113番地,025-752-6196,平成15年12月4日,一般社団法人 新潟県労働衛生医学協会,須藤　祐悦,1,0,0,0,0,0,0,0,0,0,0,0,0,0,0,0,0,0,0,0,0,0,0,0,0,0,0,0,0,0,0,0,1,0,0,0,0,0,0,,,0,,,37.131962,138.750366
687,特別養護老人ホーム三好園しんざ診療所,948-0003,十日町市,新座甲609番地2,025-752-7670,平成20年10月1日,社会福祉法人 十日町福祉会,設楽　兼司,1,0,0,0,0,0,0,0,0,0,0,0,0,0,0,0,0,0,0,0,0,0,0,0,0,0,0,0,0,0,0,0,0,0,0,0,0,0,0,,,0,,,37.143269,138.768326
688,十日町市国民健康保険川西診療所,948-0136,十日町市,高原田201-4,025-768-2034,令和7年3月27日,十日町市,堀崎　孝松,1,0,1,0,0,0,0,0,0,0,0,0,0,0,0,0,0,0,0,0,0,0,0,0,0,0,0,0,0,0,0,0,0,0,0,0,0,0,0,,,0,,,37.169209,138.738922
689,特別養護老人ホームあかね園診療所,948-0136,十日町市,高原田278-1,025-768-4565,平成20年10月1日,社会福祉法人 十日町福祉会,田中　陽一,1,0,0,0,0,0,0,0,0,0,0,0,0,0,0,0,0,0,0,0,0,0,0,0,0,0,0,0,0,0,0,0,0,0,0,0,0,0,0,,,0,,,37.170624,138.740707
690,江口医院,948-0143,十日町市,山野田376-4,025-768-4325,平成11年4月1日,江口　孝,江口　孝,1,0,0,0,0,0,0,0,0,0,0,0,0,1,0,1,0,0,0,0,0,0,0,0,0,0,0,0,0,0,0,0,0,1,0,0,0,0,0,,,0,神経科,,37.157642,138.739380
691,富田医院,948-0134,十日町市,上新井1145-2,025-761-0200,平成13年5月1日,医療法人社団 富田医院,富田　浩,1,0,0,1,0,0,0,0,1,0,0,0,0,0,0,1,0,0,0,0,0,0,0,0,0,0,0,0,0,0,0,0,0,1,0,0,0,0,0,,,0,,,37.158752,138.738815
692,特別養護老人ホーム七川荘診療所,949-8401,十日町市,上山己2739,025-763-2669,平成11年4月1日,社会福祉法人 なかさと福祉会,上村　斉,1,0,0,0,0,0,0,0,0,0,0,0,0,0,0,0,0,0,0,0,0,0,0,0,0,0,0,0,0,0,0,0,0,0,0,0,0,0,0,,,0,,,37.052670,138.699799
693,特別養護老人ホームほくほくの里医務室,942-1527,十日町市,太平664-4,025-597-2020,平成20年4月1日,社会福祉法人　松代福祉会,小堺　浩一,1,0,0,0,0,0,0,0,0,0,0,0,0,0,0,0,0,0,0,0,0,0,0,0,0,0,0,0,0,0,0,0,0,0,0,0,0,0,0,,,0,,,37.139751,138.625824
694,十日町市国民健康保険　松之山診療所,942-1406,十日町市,松之山1596-1,025-596-2240,平成17年4月1日,十日町市,安積　隆,1,0,0,0,0,0,0,0,0,0,0,0,1,0,0,0,0,0,0,0,0,0,0,0,0,0,0,0,0,0,0,0,0,0,0,0,0,0,0,,,0,,,37.014168,138.652496
695,特別養護老人ホーム不老閣　医務室,942-1406,十日町市,松之山1028-8,025-596-3366,平成5年4月1日,社会福祉法人 東頸福祉会,中山　康夫,1,0,0,0,0,0,0,0,0,0,0,0,0,0,0,0,0,0,0,0,0,0,0,0,0,0,0,0,0,0,0,0,0,0,0,0,0,0,0,,,0,,,37.014168,138.652496
696,津南町保健センター,949-8201,津南町,大字下船渡丁2792,025-765-2738,昭和61年2月1日,津南町,佐野　浩斎,1,0,0,0,0,0,0,0,0,0,0,0,0,0,0,0,0,0,0,0,0,0,0,0,0,0,0,0,0,0,0,0,0,0,0,0,0,0,0,,,0,歯科,○,37.026825,138.672546
697,特別養護老人ホーム恵福園診療所,949-8201,津南町,大字下船渡丁2682-3,025-765-3700,昭和56年7月22日,社会福祉法人 つなん福祉会,佐野　浩斎,1,0,0,0,0,0,0,0,0,0,0,0,0,0,0,0,0,0,0,0,0,0,0,0,0,0,0,0,0,0,0,0,0,0,0,0,0,0,0,,,0,,,37.026825,138.672546
698,古藤医院,949-8206,津南町,大字外丸丁2249,025-765-3001,平成13年4月27日,医療法人社団 恭清会,石川　威,1,0,0,0,0,0,0,0,0,0,0,0,1,0,1,0,0,0,0,0,0,0,0,0,0,0,0,0,0,0,0,0,0,0,0,0,0,0,0,,,0,,,37.127499,138.755569
699,石川医院,949-8125,津南町,大字上郷宮野原8-1,025-766-2061,平成13年4月27日,医療法人社団 恭清会,石川　威,1,0,0,0,0,0,0,0,0,0,0,0,1,0,1,0,0,0,0,0,0,0,0,0,0,0,0,0,0,0,0,0,0,0,0,0,0,0,0,,,0,,,36.959049,138.594101
700,あさだ皮フ科,948-0073,十日町市,稲荷町3丁目5-9,025-757-4112,平成17年5月16日,浅田　一幸,浅田　一幸,0,0,0,0,0,0,0,0,1,1,0,0,0,0,0,0,0,0,0,0,0,0,0,0,0,0,0,0,0,0,0,0,0,0,0,0,0,0,0,,,0,,,37.136932,138.758240
701,ケアホーム恵福園なかつ医務室,949-8311,津南町,大字中深見甲5540,025-765-5800,平成19年5月1日,社会福祉法人 つなん福祉会,佐野　浩斎,1,0,0,0,0,0,0,0,0,0,0,0,0,0,0,0,0,0,0,0,0,0,0,0,0,0,0,0,0,0,0,0,0,0,0,0,0,0,0,,,0,,,37.165592,138.731796
702,おおふち眼科,948-0073,十日町市,稲荷町三丁目南7番地25,025-761-7788,平成22年10月1日,医療法人 おおふち眼科,大渕　信隆,0,0,0,0,0,0,0,0,0,0,0,0,0,0,0,0,0,0,0,0,0,0,0,0,0,0,0,1,0,0,0,0,0,0,0,0,0,0,0,,,0,,,37.014168,138.652496
703,特別養護老人ホームよしだ診療所,948-0106,十日町市,南鐙坂446-1,025-761-7182,平成23年5月1日,社会福祉法人 十日町福祉会,富田　浩,1,0,0,0,0,0,0,0,0,0,0,0,0,0,0,0,0,0,0,0,0,0,0,0,0,0,0,0,0,0,0,0,0,0,0,0,0,0,0,,,0,,,37.126297,138.720871
704,恵福園ほくぶ医務室,949-8201,津南町,大字下船渡8119,025-765-5361,平成24年4月1日,社会福祉法人 つなん福祉会,佐野　浩斎,1,0,0,0,0,0,0,0,0,0,0,0,0,0,0,0,0,0,0,0,0,0,0,0,0,0,0,0,0,0,0,0,0,0,0,0,0,0,0,,,0,,,37.183254,138.784470
705,特別養護老人ホームまほろばの里川治医務室,948-0036,十日町市,川治4525番地,025-761-7333,平成24年5月1日,社会福祉法人 苗場福祉会,山口　義文,1,0,0,0,0,0,0,0,0,0,0,0,0,0,0,0,0,0,0,0,0,0,0,0,0,0,0,0,0,0,0,0,0,0,0,0,0,0,0,,,0,,,37.106316,138.764954
706,特別養護老人ホーム桜湯の里医務室,949-8407,十日町市,田中字会所前ﾛ475番地1,025-763-2111,平成27年1月1日,社会福祉法人 清津福祉会,畠中　敏夫,1,0,0,0,0,0,0,0,0,0,0,0,0,0,0,0,0,0,0,0,0,0,0,0,0,0,0,0,0,0,0,0,0,0,0,0,0,0,0,,,0,,,37.014168,138.652496
707,特別養護老人ホーム桜湯の里２号館レインボー医務室,949-8407,十日町市,田中字会所前ﾛ475番地1,025-763-2111,平成27年10月1日,社会福祉法人 清津福祉会,畠中　敏夫,1,0,0,0,0,0,0,0,0,0,0,0,0,0,0,0,0,0,0,0,0,0,0,0,0,0,0,0,0,0,0,0,0,0,0,0,0,0,0,,,0,,,37.055630,138.696136
708,特別養護老人ホームかりんの里医務室,949-8202,津南町,大字芦ヶ崎乙329番地1,025-765-3333,平成28年10月1日,社会福祉法人 苗場福祉会,石川　威,1,0,0,0,0,0,0,0,0,0,0,0,0,0,0,0,0,0,0,0,0,0,0,0,0,0,0,0,0,0,0,0,0,0,0,0,0,0,0,,,0,,,37.002380,138.640564
709,社会福祉法人清津福祉会上村診療所,949-8407,十日町市,田中ﾛ468番地1,025-763-2111,平成30年4月1日,社会福祉法人 清津福祉会,上村　斉,1,0,0,0,0,0,0,0,1,0,0,0,0,0,0,1,0,0,0,0,0,0,0,0,1,0,0,0,1,0,0,0,1,0,0,0,0,0,0,,,0,,,37.055630,138.696136
710,特別養護老人ホームみさと苑医務室,949-8202,津南町,大字芦ヶ崎乙317番地1,025-765-3400,平成30年4月1日,社会福祉法人 苗場福祉会,石川　威,1,0,0,0,0,0,0,0,0,0,0,0,0,0,0,0,0,0,0,0,0,0,0,0,0,0,0,0,0,0,0,0,0,0,0,0,0,0,0,,,0,,,37.127499,138.755569
711,メディカルフォレスト十日町中央クリニック,948-0093,十日町市,稲荷町3丁目南1番9,025-761-7606,平成30年9月5日,丸山　弦,丸山　弦,1,0,0,0,0,0,0,0,0,0,0,0,0,0,0,1,0,0,0,0,0,0,0,0,0,0,0,0,0,0,0,0,0,1,0,0,0,0,0,,,0,,,37.135109,138.754593
712,新潟県厚生農業協同組合連合会メンタルケア中条,949-8617,十日町市,中条己2935番地19,025-757-3018,令和5年12月1日,新潟県厚生農業協同組合連合会,飛永　雅信,1,0,0,0,0,0,0,0,0,0,0,0,0,1,0,0,0,0,0,0,0,0,0,0,0,0,0,0,0,0,0,0,0,0,0,0,0,0,0,,,0,,,37.178173,138.777161
713,十日町市休日一次救急診療センター,948-0065,十日町市,高田町3丁目南442番地,―,令和2年3月18日,十日町市,上村　斉,1,0,0,0,0,0,0,0,0,0,0,0,1,0,0,0,0,0,0,0,0,0,0,0,0,0,0,0,0,0,0,0,0,0,0,0,0,0,0,,,0,,,37.131542,138.752960
714,特別養護老人ホームなの花医務室,949-8617,十日町市,中条己2958番地,025-755-5811,令和2年4月1日,社会福祉法人 苗場福祉会,山口　義文,1,0,0,0,0,0,0,0,0,0,0,0,0,0,0,0,0,0,0,0,0,0,0,0,0,0,0,0,0,0,0,0,0,0,0,0,0,0,0,,,0,,,37.177265,138.775146
715,村岡整形外科クリニック,948-0065,十日町市,高田町3丁目西108-1,025-755-5111,令和5年9月30日,村岡　治,村岡　治,0,0,0,0,0,0,0,0,0,0,0,0,0,0,0,0,0,0,0,0,0,0,0,0,1,0,0,0,0,0,0,0,0,1,0,0,0,0,0,,,0,,,37.133640,138.751938
716,ほり内科クリニック,948-0031,十日町市,山本町1丁目801-2,025-755-7030,令和6年7月9日,堀　好寿,堀　好寿,1,1,0,0,0,0,0,0,0,0,0,0,1,0,0,0,0,0,0,0,0,0,0,0,0,0,0,0,0,0,0,0,0,0,0,0,0,0,0,,,0,,,37.394958,138.590759
717,新潟県立まつだい診療センター,942-1526,十日町市,松代3592番地2,025-597-2100,令和8年4月1日,新潟県,大関　明樹,1,0,0,0,0,0,0,0,0,0,0,0,0,1,0,0,0,0,0,0,0,0,0,0,1,0,0,0,0,0,0,0,0,0,0,0,0,0,0,,,0,,,37.390320,138.568573
718,佐藤医院,945-0106,柏崎市,大字土合663-1,0257-22-2837,平成25年12月25日,医療法人社団　佐藤医院,佐藤　俊大,1,0,0,1,0,0,0,0,0,0,0,0,0,0,0,0,0,0,0,0,0,0,0,0,0,0,0,0,0,0,0,0,0,0,1,0,0,0,0,,,,,,37.393642,138.600433
719,宮尾こどもファミリークリニック,945-0051,柏崎市,東本町1-4-29,0257-23-5768,平成1年8月1日,医療法人社団　宮尾医院,田中　康一,1,0,0,0,0,0,0,0,0,0,0,0,1,0,0,0,0,0,0,0,0,0,0,0,0,0,0,0,0,0,0,0,0,0,0,0,0,0,0,,,,,,37.370426,138.554352
720,産科婦人科山田医院,945-0055,柏崎市,駅前2-1-27,0257-23-6070,昭和62年4月1日,医療法人社団　山田医院,山田　潔,1,0,0,0,0,0,0,0,0,0,0,0,0,0,0,0,0,0,0,0,0,0,0,0,0,0,0,0,0,0,1,0,0,0,0,0,0,0,0,,,,,,37.366169,138.552887
721,高木医院,945-0066,柏崎市,西本町2-8-17,0257-22-4388,平成2年10月1日,医療法人社団　高木医院,高木　秋夫,1,0,0,0,0,0,0,0,0,0,0,0,0,1,1,0,0,0,0,0,0,0,0,0,0,0,0,0,0,0,0,0,0,0,0,0,0,0,0,,,,,,37.366848,138.547867
722,㈱リケン柏崎事業所診療所,945-8555,柏崎市,北斗町1-37,0257-23-0714,昭和16年12月30日,㈱リケン柏崎事業所,佐藤　高久,1,0,0,0,0,0,0,0,0,0,0,0,0,0,0,1,0,0,0,0,0,0,0,0,0,0,0,0,0,0,0,0,0,0,0,0,0,0,0,,,,,,37.376015,138.571564
723,柏崎市国民健康保険　北条診療所,945-3724,柏崎市,大字大広田93,0257-25-3215,平成15年5月12日,柏崎市長,樋口　真也,1,0,0,0,0,1,0,0,0,0,0,0,0,0,0,0,0,0,0,0,0,0,0,0,0,0,0,0,0,0,0,0,0,0,0,0,0,0,0,,,,,,37.352875,138.679443
724,養護老人ホームあぜやの丘診療所,945-1351,柏崎市,大字上田尻3960-1,0257-22-3514,平成20年4月1日,社会福祉法人柏崎刈羽福祉事業協会,藤村　健夫,1,0,0,0,0,0,0,0,0,0,0,0,0,0,0,0,0,0,0,0,0,0,0,0,0,0,0,0,0,0,0,0,0,0,0,0,0,0,0,,,,,,37.349213,138.598587
725,五十川医院,945-0832,柏崎市,関町12-5,0257-24-3277,平成1年4月1日,医療法人社団　五十川医院,五十川　修,1,0,0,1,0,0,0,0,0,0,0,0,0,0,0,0,0,0,0,0,0,0,0,0,0,0,0,0,0,0,0,0,0,0,0,0,0,0,0,,,,,,37.360168,138.555237
726,東京電力ホールディングス㈱柏崎刈羽原子力発電所診療所,945-8601,柏崎市,青山町16-46,0257-45-3131,昭和59年7月4日,東京電力㈱柏崎刈羽原子力発電所,小野寺　周,1,0,0,0,0,0,0,0,0,0,0,0,0,1,0,0,0,0,0,0,0,0,0,0,1,0,0,0,0,0,0,0,0,0,1,0,0,0,0,,,,,,37.422157,138.593353
727,社会福祉法人柏崎刈羽福祉事業協会かしわ荘診療所,945-0112,柏崎市,大字畔屋194-1,0257-24-4101,昭和58年10月19日,社会福祉法人　柏崎刈羽福祉事業協会,片桐　尚,1,0,0,0,0,0,0,0,0,0,0,0,0,1,0,0,0,0,0,0,0,0,0,0,0,0,0,0,0,0,0,0,0,0,0,0,0,0,0,,,,,,37.368889,138.615311
728,柏崎市刈羽郡医師会　柏崎メジカルセンター,945-0061,柏崎市,栄町18-3,0257-23-2111,昭和58年12月1日,柏崎市刈羽郡医師会,杉本　不二雄,1,0,0,0,0,0,0,0,0,0,0,0,0,0,0,0,0,0,0,0,0,0,0,0,0,0,0,0,0,0,0,0,1,0,0,0,0,0,0,,,,,,37.374725,138.554871
729,川田胃腸クリニック,945-0051,柏崎市,東本町1-12-8,0257-22-2024,昭和61年12月20日,川田　良得,川田　良得,1,0,0,1,0,0,0,0,0,0,0,0,0,0,0,1,0,0,0,0,0,0,1,0,0,0,0,0,0,0,0,0,0,0,0,0,0,0,0,,,,,,37.370396,138.555618
730,内山整形外科医院,945-0055,柏崎市,駅前1-4-33,0257-22-2001,平成2年8月1日,医療法人社団　内山整形外科医院　,内山　徹,0,0,0,0,0,0,0,0,0,0,0,0,0,0,0,0,0,0,0,0,0,0,0,0,1,0,0,0,0,0,0,0,0,0,0,0,0,0,0,,,,,,37.365078,138.555145
731,特別養護老人ホーム　むつみ荘内診療所,945-0112,柏崎市,大字畔屋392-1,0257-21-1300,平成2年7月12日,社会福祉法人　柏崎刈羽福祉事業協会,木村要治,1,0,0,0,0,0,0,0,0,0,0,0,0,1,0,0,0,0,0,0,0,0,0,0,0,0,0,0,0,0,0,0,0,0,0,0,0,0,0,,,,,,37.368546,138.620621
732,まるやま内科クリニック,945-0035,柏崎市,北半田1-1-48,0257-21-3666,平成7年4月1日,医療法人社団　まるやま内科クリニック,丸山　正樹,1,0,0,1,0,0,0,0,0,0,0,0,0,0,0,0,0,0,0,0,0,0,0,0,0,0,0,0,0,0,0,0,0,0,0,0,0,0,0,,,,,,37.364162,138.572205
733,おぎた小児科医院,945-0066,柏崎市,西本町1-4-34,0257-22-2457,平成5年3月22日,荻田　安時,荻田　安時,0,0,0,0,0,0,0,0,0,0,0,0,1,0,0,0,0,0,0,0,0,0,0,0,0,0,0,0,0,0,0,0,0,0,0,0,0,0,0,,,,,,37.370026,138.553253
734,村井こどもクリニック,945-0035,柏崎市,北半田2-14-8,0257-21-1717,平成6年9月1日,医療法人社団　村井こどもクリニック,村井　力四郎,0,0,0,0,0,0,0,0,0,0,0,0,1,0,0,0,0,0,0,0,0,0,0,0,0,0,0,0,0,0,0,0,0,0,0,0,0,0,0,,,,,,37.364056,138.577194
735,本田医院,945-0047,柏崎市,比角1-2-3,0257-21-2555,平成17年4月1日,医療法人社団　本田医院,本田　茂,1,0,0,0,0,0,0,0,0,0,0,0,0,0,0,0,0,0,0,0,0,0,0,0,0,0,0,0,0,0,0,0,0,0,0,0,0,0,0,,,,,,37.372585,138.565643
736,むなかた眼科医院,945-0051,柏崎市,東本町1-8-36,0257-22-2947,平成7年4月11日,宗像　利幸,宗像　利幸,0,0,0,0,0,0,0,0,0,0,0,0,0,0,0,0,0,0,0,0,0,0,0,0,0,0,0,1,0,0,0,0,0,0,0,0,0,0,0,,,,,,37.368279,138.556396
737,かさき眼科,945-0064,柏崎市,中央町3-32,0257-21-2600,平成7年7月9日,笠木　免夫,笠木　免夫,0,0,0,0,0,0,0,0,0,0,0,0,0,0,0,0,0,0,0,0,0,0,0,0,0,0,0,1,0,0,0,0,0,0,0,0,0,0,0,,,,,,37.370575,138.559402
738,特別養護老人ホーム　にしかりの里診療所,949-4132,柏崎市,西山町長嶺1726-1,0257-48-3600,平成7年8月1日,社会福祉法人　西山刈羽福祉会　,佐藤　一明,1,0,0,0,0,0,0,0,0,0,0,0,0,0,0,0,0,0,0,0,0,0,0,0,0,0,0,0,0,0,0,0,0,0,0,0,0,0,0,,,,,,37.458538,138.647385
739,特別養護老人ホーム　いこいの里診療所,945-1115,柏崎市,大字佐水3140,0257-29-3800,平成7年10月1日,社会福祉法人　泚山会　,高木　秋夫,1,0,0,0,0,0,0,0,0,0,0,0,0,1,0,0,0,0,0,0,0,0,0,0,0,0,0,0,0,0,0,0,0,0,0,0,0,0,0,,,,,,37.293526,138.576233
740,柏崎市国民健康保険　野田診療所,945-1241,柏崎市,大字野田922-6,0257-29-2005,昭和8年4月1日,柏崎市長,三浦　公一郎,1,0,0,0,0,0,0,0,0,0,0,0,0,0,0,0,0,0,0,0,0,0,0,0,0,0,0,0,0,0,0,0,0,0,0,0,0,0,0,,,,,,37.270035,138.565231
741,たむら脳外科クリニック,945-0025,柏崎市,柳田町7-31,0257-32-2956,平成23年9月1日,医療法人社団　たむら脳外科クリニック,田村　亨,1,0,0,0,0,0,0,0,0,0,0,0,0,0,0,1,0,0,0,0,0,0,0,1,0,0,0,0,0,0,0,0,0,1,0,0,0,0,0,,,,,,37.381840,138.579437
742,北村医院,945-0064,柏崎市,中央町4-17,0257-22-3773,平成8年11月5日,医療法人社団　北村医院,北村　哲也,0,0,0,0,0,0,0,0,0,1,0,0,0,0,0,0,0,0,0,1,0,0,0,0,0,0,0,0,1,0,0,0,0,0,0,0,0,0,0,,,,,,37.371220,138.559357
743,特別養護老人ホーム　柏柳の里診療所,945-1502,柏崎市,高柳町岡野町2254,0257-41-2202,平成9年4月1日,社会福祉法人　泚山会　,恩田　晃,1,0,0,0,0,0,0,0,0,0,0,0,0,1,0,0,0,0,0,0,0,0,0,0,0,0,0,0,0,0,0,0,0,0,0,0,0,0,0,,,,,,37.225124,138.636169
744,扇町皮膚科医院,945-0044,柏崎市,扇町3-84,0257-32-1241,平成10年9月1日,医療法人社団　扇町皮膚科医院,小林　聡也,0,0,0,0,0,0,0,0,1,0,0,0,0,0,0,0,0,0,0,0,0,0,0,0,0,0,0,0,0,0,0,0,0,0,0,0,0,0,0,,,,,,37.367485,138.571121
745,厚生労働省第二共済組合新潟病院所属所,945-0847,柏崎市,赤坂町3-52,0257-22-2126,昭和25年12月10日,独立行政法人 国立病院機構,中島　孝,1,0,0,0,0,1,0,0,0,0,1,0,1,1,1,1,0,0,0,0,0,0,0,1,1,0,0,0,0,0,0,0,0,1,1,0,0,0,0,,,,,○,37.357986,138.535690
746,柏崎市健康管理センター,945-0061,柏崎市,栄町18ｰ3,0257-20-4210,平成20年12月5日,柏崎市長,杉本　不二雄,1,0,0,0,0,0,0,0,0,0,0,0,1,0,0,0,0,0,0,0,0,0,0,0,0,0,0,0,0,0,0,0,0,0,0,0,0,0,0,,,,,,37.374725,138.554871
747,平松医院,945-1436,柏崎市,大字石曽根3068-1,0257-31-2201,平成10年4月1日,平松　健,平松　健,1,0,0,0,0,1,0,0,0,0,0,0,0,0,0,0,0,0,0,0,0,0,0,0,0,0,0,0,0,0,0,0,0,0,0,0,0,0,0,,,,,,37.265587,138.618729
748,医療法人社団のざわ内科医院,945-0064,柏崎市,中央町11-33,0257-32-2225,平成21年12月1日,医療法人社団　のざわ内科医院,能澤　明宏,1,0,0,1,0,0,0,0,0,0,0,0,0,0,0,0,0,0,0,0,0,0,0,0,0,0,0,0,0,0,0,0,0,0,0,0,0,0,0,,,,,,37.374123,138.559952
749,特別養護老人ホーム　しおかぜ荘診療所,945-0072,柏崎市,北園町21-19,0257-24-4170,平成12年1月12日,社会福祉法人　柏崎刈羽福祉事業協会,樋口　真也,1,0,0,0,0,0,0,0,0,0,0,0,0,1,0,0,0,0,0,0,0,0,0,0,0,0,0,0,0,0,0,0,0,0,0,0,0,0,0,,,,,,37.381748,138.560928
750,横田整形外科医院,945-0822,柏崎市,穂波町2-8,0257-20-6110,平成14年4月1日,医療法人社団　横田整形外科医院,横田　文彦,0,0,0,0,0,0,0,0,0,0,1,0,0,0,0,0,0,0,0,0,0,0,0,0,1,0,0,0,0,0,0,0,0,1,0,0,0,0,0,,,,,,37.359909,138.556992
751,柏崎保健所,945-0053,柏崎市,鏡町11-9,0257-22-4165,昭和57年4月1日,新潟県知事,中山　均,1,0,0,0,0,0,0,0,0,0,0,0,0,0,0,0,0,0,0,0,0,0,0,0,0,0,0,0,0,0,0,0,0,0,0,0,0,0,0,,,,,,37.368374,138.559204
752,こんどう医院,945-0033,柏崎市,長浜町3-15,0257-21-8087,平成14年5月1日,医療法人社団　こんどう医院,近藤　勝彦,0,0,0,0,0,0,0,0,0,1,0,0,0,0,0,0,0,0,0,0,0,0,0,0,0,0,0,0,1,0,0,0,0,0,0,0,0,0,0,,,,,,37.372654,138.574814
753,杉本医院,945-0816,柏崎市,田中24-11,0257-20-0770,平成15年4月1日,医療法人社団　杉本医院,杉本　不二雄,1,0,0,1,0,0,0,0,0,0,0,0,0,0,0,0,0,0,1,0,0,0,1,0,0,0,0,0,0,0,0,0,0,0,0,0,0,0,0,,,,,,37.358459,138.567474
754,石井整形外科,945-0033,柏崎市,東長浜町3-13,0257-32-1300,平成14年9月1日,医療法人社団　石井整形外科,石井　卓,0,0,0,0,0,0,0,0,0,0,1,0,0,0,0,0,0,0,0,0,0,0,0,0,1,0,0,0,0,0,0,0,0,1,0,0,0,0,0,,,,,,37.368820,138.578110
755,中沢消化器科内科医院  ,945-0035,柏崎市,北半田2-7-18,0257-32-3650,平成16年4月1日,医療法人社団　中沢消化器科内科医院  ,中沢　俊郎,1,0,0,1,0,0,0,0,0,0,0,0,0,0,0,0,0,0,0,0,0,0,0,0,0,0,0,0,0,0,0,0,0,0,0,0,0,0,0,,,,,,37.362156,138.575424
756,駅前クリニック前畑医院,945-0055,柏崎市,駅前2-2-3,0257-32-1700,平成15年4月1日,医療法人社団　幸洋会,前畑　幸彦,1,0,0,0,0,0,0,0,0,1,0,0,0,1,1,0,0,0,0,0,0,0,0,0,0,0,0,0,0,0,0,0,0,1,0,0,0,0,0,,,,,,37.366306,138.554626
757,さとう内科クリニック,945-0034,柏崎市,三和町3-43,0257-23-0908,平成17年10月1日,医療法人　さとう内科クリニック,佐藤　高久,1,1,0,0,0,0,0,0,0,1,0,0,0,0,0,0,0,0,0,0,0,0,0,0,0,0,0,0,0,0,0,0,0,0,0,0,0,0,0,,,,,,37.365829,138.577225
758,特別養護老人ホーム　なごみ荘診療所,945-0023,柏崎市,原町4-23,0257-24-4300,平成15年5月1日,社会福祉法人　柏崎刈羽福祉事業協会,佐藤　俊大,1,0,0,0,0,0,0,0,0,0,0,0,0,1,0,0,0,0,0,0,0,0,0,0,0,0,0,0,0,0,0,0,0,0,0,0,0,0,0,,,,,,37.389896,138.586853
759,医療法人社団恩田クリニック,945-0051,柏崎市,東本町1-8-54,0257-21-6788,平成22年5月10日,医療法人社団　恩田クリニック,恩田　晃,1,0,0,0,0,0,0,0,0,0,0,0,0,1,1,0,0,0,0,0,0,0,0,0,0,0,0,0,0,0,0,0,0,0,0,0,0,0,0,,,,,,37.367912,138.554413
760,前畑医院　米山分院,949-3675,柏崎市,米山町1313-10,0257-26-2302,平成17年8月1日,医療法人社団　幸洋会,前畑　幸彦,1,0,0,0,0,0,0,0,0,0,0,0,0,0,0,0,0,0,0,0,0,0,0,0,0,0,0,0,0,0,0,0,0,0,0,0,0,0,0,,,,,,37.310776,138.434784
761,柏崎市谷根診療所,945-0857,柏崎市,大字谷根3256-1,0257-26-2502,平成18年1月1日,柏崎市長,三浦　公一郎,1,0,0,0,0,0,0,0,0,0,0,0,0,0,0,0,0,0,0,0,0,0,0,0,0,0,0,0,0,0,0,0,0,0,0,0,0,0,0,,,,,,37.302406,138.512756
762,高橋医院,945-0074,柏崎市,春日1丁目6-23-5,0257-22-0753,平成18年10月2日,高橋　章,高橋　章,0,0,0,0,0,0,0,0,0,0,1,0,0,0,0,0,0,0,0,0,0,0,0,0,1,0,0,0,0,0,0,0,0,1,0,0,0,0,0,,,,,,37.379772,138.568497
763,医療社団法人 木村内科循環器科医院,945-0041 ,柏崎市,松美1-1-35,0257-22-1220 ,平成18年10月1日,医療社団法人　木村内科循環器科医院,木村道夫,1,0,1,0,0,0,0,0,0,0,0,0,0,0,0,0,0,0,0,0,0,0,0,0,0,0,0,0,0,0,0,0,0,0,0,0,0,0,0,,,,,,37.373451,138.574646
764,稲田医院,945-0074,柏崎市,春日1丁目6-23-10,0257-32-0777,平成25年5月1日,医療社団法人　稲田医院,稲田　勢介,1,0,0,1,0,0,0,0,0,1,0,0,0,0,0,0,0,0,0,0,0,0,0,0,0,0,0,0,0,0,0,0,0,0,0,0,0,0,0,,,,,,37.379593,138.569107
765,特別養護老人ホーム　くじらなみ診療所,945-0855,柏崎市,鯨波2-4-3,0257-32-1120,平成19年7月1日,社会福祉法人　泚山会　,星山　彩子,1,0,0,0,0,0,0,0,0,0,0,0,0,1,0,0,0,0,0,0,0,0,0,0,0,0,0,0,0,0,0,0,0,0,0,0,0,0,0,,,,,,37.355576,138.517990
766,たんねの里診療所,945-0857,柏崎市,大字谷根3190-1 特別養護老人ﾎｰﾑたんねの里,0257-26-2055,平成23年4月1日,社会福祉法人　泚山会　,平野　徹,1,0,0,0,0,0,0,0,0,0,0,0,0,0,0,0,0,0,0,0,0,0,0,0,0,0,0,0,0,0,0,0,0,0,0,0,0,0,0,,,,,,37.302406,138.512756
767,柏崎市国民健康保険高柳診療所,945-1502,柏崎市,高柳町岡野町1849-1,0257-41-2025,平成23年4月1日,柏崎市長,登坂　尚志,1,0,0,0,0,0,0,0,0,0,0,0,0,0,0,0,0,0,0,0,0,0,0,0,0,0,0,0,0,0,0,0,0,0,0,0,0,0,0,,,,,,37.225124,138.636169
768,特別養護老人ホーム　はやまの里診療所,949-4204,柏崎市,西山町大崎1593-1,0257-31-6020,平成26年4月1日,社会福祉法人西山刈羽福祉会,佐藤　一明,1,0,0,0,0,0,0,0,0,0,0,0,0,0,0,0,0,0,0,0,0,0,0,0,0,0,0,0,0,0,0,0,0,0,0,0,0,0,0,,,,,,37.494556,138.654541
769,ペペ・メメール診療所,945-0053,柏崎市,鏡町2-14,0257-41-6601,平成26年7月1日,社会福祉法人　泚山会　,星山　行基,1,0,0,0,0,0,0,0,0,0,0,0,0,1,0,0,0,0,0,0,0,0,0,0,0,0,0,0,0,0,0,0,0,0,0,0,0,0,0,,,,,,37.366463,138.559540
770,あらき眼科,945-0044,柏崎市,扇町1-7,0257-32-8008,平成28年5月1日,医療法人社団柏友会,荒木　豊,0,0,0,0,0,0,0,0,0,0,0,0,0,0,0,0,0,0,0,0,0,0,0,0,0,0,0,1,0,0,0,0,0,0,0,0,0,0,0,,,,,,37.421906,138.622498
771,センター前ヒフ科,945-1341,柏崎市,茨目1-3-17,0257-41-6912,平成30年7月2日,稲　晃市郎,稲　晃市郎,0,0,0,0,0,0,0,0,1,0,0,0,0,0,0,0,0,0,0,0,0,0,0,0,0,0,0,0,0,0,0,0,0,0,0,0,0,0,0,,,,,,37.362938,138.578629
772,刈羽診療所かりわ消化器内科クリニック,945-0307,刈羽村,大字刈羽3968,0257-45-3555,令和5年6月10日,医療法人社団　刈羽診療所,佐藤　一明,1,0,0,1,0,0,0,0,0,0,0,0,0,0,0,0,0,0,0,0,0,0,0,0,0,0,0,0,0,0,0,0,0,0,0,0,0,0,0,,,,,,37.364952,138.557999
773,医療法人社団公寿会西山ふれあいクリニック,949-4123,柏崎市,西山町池浦字縄手下877,0257-47-3333,令和6年4月1日,医療法人社団　公寿会,小川　公啓,1,0,0,0,0,0,0,0,0,1,0,0,0,0,1,0,0,0,0,0,0,0,0,0,0,0,0,0,0,0,0,0,0,0,0,0,0,0,0,,,,,,37.460697,138.670258
774,樋口内科医院扇町,945-0044,柏崎市,扇町2-3,0257-41-4192,令和6年4月11日,樋口　真也,樋口　真也,1,0,0,0,0,1,0,0,0,0,0,0,0,0,1,0,0,0,0,0,0,0,0,0,0,0,0,0,0,0,0,0,0,0,0,0,0,0,0,,,,,,37.147865,138.236099
775,つよしクリニック,945-0044,柏崎市,扇町1-11,0257-41-6011,令和6年4月11日,津吉　秀樹,津吉　秀樹,0,0,0,0,0,0,0,0,0,0,0,0,0,0,0,0,0,0,0,0,0,0,0,0,1,0,0,0,0,0,0,0,0,1,0,0,0,0,0,,,,,,37.147865,138.236099
776,陸上自衛隊高田駐屯地　医務室,943-0837,上越市,南城町3-7-1,025-523-5117,昭和29年2月25日,国,正岡　孝康,1,0,0,0,0,0,0,0,0,0,0,0,0,0,0,0,0,0,0,0,0,0,0,0,0,0,0,0,0,0,0,0,0,0,0,0,0,0,0,5,0,5,歯科併設,〇,37.103786,138.257217
777,厚生労働省第二共済組合さいがた医療センター所属所,949-3116,上越市,大潟区犀潟468-1,025-534-2821,昭和30年8月1日,厚生労働省第二共済組合,さいがた病院長,1,0,0,0,0,0,0,0,0,0,0,0,0,1,0,0,0,0,0,0,0,0,0,0,0,0,0,0,0,0,0,0,0,0,0,0,0,0,0,0,0,0,,,37.209610,138.308411
778,いなほ園診療所,943-0101,上越市,大字上真砂219,025-520-2121,昭和49年8月1日,社会福祉法人 上越老人福祉協会,内山　一晃,1,0,0,0,0,0,0,0,0,0,0,0,0,0,0,0,0,0,0,0,0,0,0,0,1,0,0,0,0,0,0,0,0,0,0,0,0,0,0,0,0,0,,,37.142143,138.304733
779,特別養護老人ホームほくら園診療所,942-1103,上越市,大島区大平5131,025-594-3311,昭和53年11月1日,社会福祉法人 くびき社会事業協会,高橋　規一,1,0,0,0,0,0,0,0,0,0,0,0,0,0,0,0,0,0,0,0,0,0,0,0,0,0,0,0,0,0,0,0,0,0,0,0,0,0,0,0,0,0,,,37.151981,138.510513
780,新潟県上越保健所,943-0807,上越市,春日山町3-8-34,025-524-6133,昭和54年8月1日,新潟県知事,西脇　京子,1,0,0,0,0,0,0,0,0,0,0,0,0,0,0,0,0,0,0,0,0,0,0,0,0,0,0,0,0,0,0,0,0,0,0,0,0,0,0,0,0,0,,,37.140739,138.234924
781,救護施設名立園,949-1604,上越市,名立区赤野俣926-2,0255-37-2021,昭和55年4月1日,社会福祉法人 久比岐福祉会,平原　克己,1,0,0,0,0,0,0,0,0,0,0,0,0,1,0,0,0,0,0,0,0,0,0,0,0,0,0,0,0,0,0,0,0,0,0,0,0,0,0,0,0,0,,,37.147915,138.092102
782,上越市軽費老人ホーム　千寿園,943-0892,上越市,寺町3-6-37,025-522-1966,昭和55年5月1日,上越市,服部　伸,1,0,0,0,0,0,0,0,0,0,0,0,0,0,0,0,0,0,0,0,0,0,0,0,0,0,0,0,0,0,0,0,0,0,0,0,0,0,0,0,0,0,,,37.116390,138.241058
783,かなやの里療護園,943-0878,上越市,大字下馬場576-78,025-522-1310,昭和55年5月17日,社会福祉法人 上越福祉会,高橋　慶一,1,0,0,0,0,0,0,0,0,0,0,0,0,0,0,0,0,0,0,0,0,0,0,0,0,0,0,0,0,0,0,0,0,0,0,0,0,0,0,0,0,0,,,37.072529,138.227646
784,上越休日・夜間診療所,943-0804,上越市,新光町1-8-11,025-522-3777,昭和57年4月1日,上越市,畠山　牧男,1,0,0,0,0,0,0,0,0,0,0,0,1,0,0,1,0,0,0,0,0,0,0,0,0,0,0,0,0,0,0,0,0,0,0,0,0,0,0,0,0,0,,,37.150379,138.236725
785,羽尾内科医院,943-0222,上越市,三和区下中677-1,025-532-4031,昭和59年1月20日,羽尾政清,羽尾　政清,1,0,0,0,0,0,0,0,0,0,0,0,0,0,0,0,0,0,0,0,0,0,0,0,0,0,0,0,0,0,0,0,0,0,0,0,0,0,0,0,0,0,,,37.126804,138.336472
786,吉岡耳鼻咽喉科医院,943-0826,上越市,幸町13-14,025-522-3387,昭和60年4月1日,吉岡　邦英,吉岡　邦英,1,1,0,0,0,0,0,0,0,1,0,0,1,0,0,0,0,0,0,1,0,0,0,0,0,0,0,0,1,0,0,0,0,0,0,0,0,0,0,0,0,0,,,37.122948,138.246109
787,特別養護老人ホームよねやまの里医務室,949-3216,上越市,柿崎区柿崎6414-1,025-536-4400,昭和61年4月1日,社会福祉法人 松波福祉会,黒﨑　千加,1,0,0,0,0,0,0,0,0,0,0,0,0,0,0,0,0,0,0,0,0,0,0,0,0,0,0,0,0,0,0,0,0,0,0,0,0,0,0,0,0,0,,,37.278362,138.394821
788,渡辺内科医院,943-0826,上越市,幸町14-9,025-525-1170,昭和61年12月1日,医療法人社団 渡辺内科医院,渡辺　省五,1,0,1,1,0,0,0,0,0,0,0,0,0,0,0,0,0,0,0,0,0,0,0,0,0,0,0,0,0,0,0,0,0,0,0,0,0,0,0,0,0,0,,,37.123989,138.246185
789,望月医院,949-2302,上越市,中郷区藤沢1064,0255-74-2451,昭和61年12月1日,医療法人社団 望月医院,望月　博史,1,1,0,0,0,0,0,0,0,1,0,0,0,0,0,0,0,0,0,0,0,0,0,0,0,0,0,0,0,0,0,0,0,0,0,0,0,0,0,0,0,0,,,36.986904,138.229065
790,古川内科医院,942-0061,上越市,春日新田1-22-15,025-544-2121,昭和62年8月1日,医療法人社団 古川内科医院,古川　真一,1,0,0,1,0,0,0,0,0,0,0,0,0,0,0,0,0,0,0,0,0,0,0,0,0,0,0,0,0,0,0,0,0,0,0,0,0,0,0,0,0,0,,,37.170372,138.254578
791,古澤医院,942-0041,上越市,安江1-2-33,025-544-3322,昭和62年8月1日,医療法人社団 古澤医院,古澤　英明,1,0,0,0,0,1,0,0,0,0,0,0,0,0,0,0,0,0,0,0,0,0,0,0,0,0,0,0,0,0,0,0,0,0,0,0,0,0,0,0,0,0,,,37.173691,138.262283
792,五十嵐医院,942-0238,上越市,大字青野239,025-520-2202,昭和63年10月1日,医療法人社団 五十嵐医院,五十嵐　広隆,1,0,0,1,0,0,0,0,0,0,0,0,1,0,0,0,0,0,0,0,0,0,0,0,0,0,0,0,0,0,0,0,0,1,0,0,0,0,0,0,0,0,,,37.165459,138.343689
793,中ノ俣診療所,949-1742,上越市,大字中ﾉ俣528-1,025-541-2129,昭和63年12月8日,上越市長,高橋　慶一,1,0,0,0,0,0,0,0,0,0,0,0,1,0,0,0,0,0,0,0,0,0,0,0,0,0,0,0,0,0,0,0,0,0,0,0,0,0,0,0,0,0,,,37.022537,138.255173
794,山岸医院,943-0824,上越市,北城町1-6-3,025-522-2828,平成1年4月1日,山岸　良男,山岸　良男,1,0,0,0,0,0,0,0,0,0,0,0,0,0,0,1,0,0,0,0,0,0,0,0,0,0,0,0,0,0,0,0,0,0,0,0,0,0,0,0,0,0,,,37.117527,138.260300
795,特別養護老人ホームみなかみの里「医務療護室」,944-0025,妙高市,大字上新保549,0255-73-7733,平成1年7月12日,社会福祉法人 新井頸南福祉会,山川　雅史,1,0,0,0,0,0,0,0,0,0,0,0,0,0,0,0,0,0,0,0,0,0,0,0,0,0,0,0,0,0,0,0,0,0,0,0,0,0,0,0,0,0,,,37.099285,138.287323
796,斉藤医院,943-0122,上越市,新保古新田548-1,025-523-8500,平成1年10月1日,医療法人 斉藤医院,斉藤　元,1,1,0,0,0,0,0,0,0,0,0,0,1,0,0,0,0,0,0,0,0,0,0,0,1,0,0,0,0,0,0,0,0,0,0,0,0,0,0,0,0,0,,,37.109924,138.290619
797,笹川医院,942-0011,上越市,港町1-27-16,025-543-2675,平成1年10月1日,医療法人 社団笹川医院,荻野　和子,1,0,0,0,0,0,0,0,0,0,0,0,0,0,0,0,0,0,0,0,0,0,0,0,0,0,0,0,0,0,0,0,0,0,0,0,0,0,0,0,0,0,,,37.179371,138.251053
798,佐藤医院,942-0061,上越市,春日新田2-8-10,025-544-8877,平成2年8月8日,佐藤　眞,佐藤　眞,1,0,0,1,0,0,0,0,0,0,0,0,0,0,0,1,0,0,1,0,0,0,1,0,0,0,0,0,0,0,0,0,0,1,0,0,0,0,0,0,0,0,大腸・肛門外科,,37.172451,138.259201
799,渡辺医院,949-3115,上越市,大潟区渋柿浜271-3,025-534-2307,平成2年10月1日,渡辺　雅晴,渡辺　雅晴,1,0,0,0,0,0,0,0,0,0,0,0,1,0,0,0,0,0,0,0,0,0,0,0,0,0,0,0,0,0,0,0,0,0,0,0,0,0,0,0,0,0,,,36.965935,138.283630
800,さいとう眼科医院,943-0833,上越市,大町4-4-3,025-525-7123,平成3年4月1日,医療法人社団 さいとう眼科医院,斎藤　正浩,0,0,0,0,0,0,0,0,0,0,0,0,0,0,0,0,0,0,0,0,0,0,0,0,0,0,0,1,0,0,0,0,0,0,0,0,0,0,0,0,0,0,,,37.114731,138.246033
801,愛クリニック,944-0016,妙高市,美守1-12-9,0255-72-4103,平成4年4月1日,医療法人社団 愛クリニック,長房　麻美,0,0,0,0,0,0,0,0,0,0,0,0,1,0,0,0,0,0,0,0,0,0,0,0,0,0,0,0,0,0,0,1,1,0,0,0,0,0,0,0,0,0,,,37.147865,138.236099
802,塚田こども医院,942-0072,上越市,栄町2-2-25,025-544-7777,平成4年4月1日,医療法人 塚田こども医院,塚田　次郎,1,0,0,0,0,0,0,0,0,1,0,0,1,0,0,0,0,0,0,0,0,0,0,0,0,0,0,0,0,0,0,0,0,0,0,0,0,0,0,0,0,0,,,37.163631,138.242035
803,特別養護老人ホームさくら聖母の園医務室,943-0834,上越市,西城町2-3-20,025-526-2020,令和8年4月1日,社会福祉法人　上越老人福祉協会,野崎　和也,1,0,0,0,0,0,0,0,0,0,0,0,0,0,0,0,0,0,0,0,0,0,0,0,0,0,0,0,0,0,0,0,0,0,0,0,0,0,0,0,0,0,,,37.111324,138.249893
804,上越教育大学　保健管理センター,943-0815,上越市,山屋敷町1,025-522-2411,平成5年2月17日,国立大学法人 上越教育大学,上野　光博,1,0,0,0,0,0,0,0,0,0,0,0,0,0,0,0,0,0,0,0,0,0,0,0,0,0,0,1,1,0,0,0,0,0,0,0,0,0,0,0,0,0,,,37.134945,138.226440
805,医療法人社団　平田医院,942-0001,上越市,中央1-20-8,025-543-3325,平成5年9月1日,医療法人社団 平田医院,平田　秀登,0,0,0,0,0,0,0,0,0,0,0,0,0,0,0,0,0,0,0,0,0,0,0,0,0,0,0,0,1,0,0,0,0,0,0,0,0,0,0,0,0,0,,,37.174351,138.245544
806,医療法人社団　小山医院,949-3111,上越市,大潟区四ﾂ屋浜686,025-534-5100,平成5年9月1日,医療法人社団 小山医院,小山　誠太,1,0,0,1,0,0,0,0,0,0,0,0,0,0,0,1,0,0,0,0,1,0,0,0,0,0,0,0,0,0,0,0,0,1,0,0,0,0,0,0,0,0,,,37.231052,138.329956
807,上越地域総合　健康管理センター,943-0803,上越市,春日野1-2-33,025-521-0521,平成6年4月1日,一般社団法人 上越医師会,長谷川　正樹,1,0,0,0,0,0,0,0,0,0,0,0,0,0,0,0,0,0,0,0,0,0,0,0,0,0,0,0,0,0,0,0,0,0,0,0,0,0,0,0,0,0,,,37.149803,138.233521
808,こやなぎ第二医院,943-0178,上越市,戸野目324-1,025-525-4768,平成6年10月3日,小柳　幸夫,小柳　幸夫,1,0,0,0,0,0,0,0,0,0,0,0,0,0,0,0,0,0,0,0,0,0,0,0,0,0,0,0,0,0,0,0,0,0,1,0,0,0,0,0,0,0,,,37.122105,138.279572
809,横山医院,943-0846,上越市,南高田町4-3,025-523-0115,平成6年12月1日,横山　壮明,横山　壮明,1,0,0,0,0,0,0,0,1,0,0,0,1,0,0,0,0,0,0,0,0,0,0,0,0,0,0,0,0,0,0,0,0,0,0,0,0,0,0,0,0,0,,,37.097580,138.247299
810,杉田医院,949-3103,上越市,大潟区潟町251,025-534-2026,平成7年4月1日,医療法人社団 杉田医院,杉田　玄,1,0,0,0,0,0,0,0,0,0,0,0,0,0,0,0,0,0,0,0,0,0,0,0,0,0,0,0,0,0,0,0,0,0,0,0,0,0,0,0,0,0,,,37.234596,138.334320
811,安田耳鼻咽喉科医院,943-0838,上越市,大手町6-6,025-526-5911,平成7年5月15日,安田　誠夫,安田　誠夫,0,0,0,0,0,0,0,0,0,0,0,0,0,0,0,0,0,0,0,0,0,0,0,0,0,0,0,0,1,0,0,0,0,0,0,0,0,0,0,0,0,0,,,37.108883,138.247894
812,特別養護老人ホーム新光園医務室,942-0073,上越市,新光町3-10-31,025-545-1531,平成8年5月27日,社会福祉法人　上越老人福祉協会,藤原　敬人,1,0,0,0,0,0,0,0,0,0,0,0,0,0,0,0,0,0,0,0,0,0,0,0,0,0,0,0,0,0,0,0,0,0,0,0,0,0,0,0,0,0,,,37.158096,138.240524
813,畠山医院,943-0861,上越市,大和2-8-11,025-523-2300,平成8年9月1日,医療法人社 団畠山医院,畠山　重秋,1,0,0,1,0,0,0,0,0,0,0,0,0,0,0,0,0,0,0,0,0,0,0,0,0,0,0,0,0,0,0,0,0,0,0,0,0,0,0,0,0,0,,,37.084148,138.249954
814,真保医院,949-3216,上越市,柿崎区柿崎1695-1,025-536-2616,平成8年9月1日,医療法人社団 真保医院,平島　浩太郎,1,0,0,1,0,0,0,0,0,0,0,0,0,0,0,1,0,0,0,0,0,0,1,0,0,0,0,0,0,0,0,0,0,1,0,0,0,0,0,0,0,0,,,37.275738,138.394760
815,浦川原診療所,942-0306,上越市,浦川原区有島75,025-599-2510,平成9年4月1日,医療法人社団 浦川原診療所,高橋　龍一,1,0,0,0,0,0,0,0,0,0,0,0,0,0,0,0,0,0,0,0,0,0,0,0,0,0,0,0,0,0,0,0,0,0,0,0,0,0,0,0,0,0,,,37.151726,138.427826
816,くろきクリニック,943-0836,上越市,東城町3-10-38,025-526-0121,平成9年9月1日,医療法人社団 くろきクリニック,黒木　美恵子,0,0,0,0,0,0,0,0,0,0,0,0,0,0,0,0,0,0,0,0,0,1,0,1,0,0,0,0,0,0,0,0,0,1,0,0,0,0,0,0,0,0,,,37.108242,138.260651
817,ニュータウンクリニック　塚田医院,943-0803,上越市,春日野1-14-10,025-526-8200,平成9年9月1日,医療法人社団 春日野会,塚田　俊一,1,0,1,1,0,0,0,1,0,0,0,0,0,0,0,1,0,0,0,0,0,0,1,0,0,0,0,0,0,0,0,0,0,0,0,0,0,0,0,0,0,0,胃腸内科、心臓血管内科、脂質代謝内科,,37.151394,138.228180
818,藤林内科医院,943-0834,上越市,西城町3-13-16,025-523-5401,平成10年3月15日,藤林　陽三,藤林　陽三,1,0,1,1,0,0,0,0,0,0,0,0,0,0,0,0,0,0,0,0,0,0,0,0,0,0,0,0,0,0,0,0,0,0,0,0,0,0,0,0,0,0,,,37.110603,138.247131
819,小児科はやしクリニック,943-0803,上越市,春日野1-14-22,025-526-6200,平成10年4月1日,医療法人社団 はやしクリニック,林　三樹夫,0,0,0,0,0,0,0,0,0,1,0,0,1,0,0,0,0,0,0,0,0,0,0,0,0,0,0,0,0,0,0,0,0,0,0,0,0,0,0,0,0,0,,,37.151566,138.228775
820,羽尾医院,943-0154,上越市,稲田3-6-20,025-523-2606,平成10年4月1日,医療法人社団 羽尾医院,羽尾　和久,1,0,1,0,0,0,0,0,0,0,0,0,1,0,0,0,0,0,0,0,0,0,0,0,0,0,0,0,0,0,0,0,0,0,0,0,0,0,0,0,0,0,,,37.121223,138.268921
821,早津内科医院,943-0803,上越市,春日野1-5-13,025-526-2511,平成10年4月1日,医療法人社団 早津内科医院,早津　正文,1,0,1,0,0,0,0,0,0,0,0,0,1,0,0,0,0,0,0,0,0,0,0,0,0,0,0,0,0,0,0,0,0,0,0,0,0,0,0,0,0,0,,,37.025269,138.253342
822,めぐみ皮膚科,943-0803,上越市,春日野2-4-55,025-526-8935,平成10年4月1日,医療法人社団 めぐみ皮膚科,中島　恵里華,0,0,0,0,0,0,0,0,1,0,0,0,0,0,0,0,0,0,0,0,0,0,0,0,0,0,0,0,0,0,0,0,0,0,0,0,0,0,0,0,0,0,,,37.153858,138.229248
823,太田眼科,944-0043,妙高市,朝日町1-2-8,0255-70-1234,平成10年10月1日,太田　昭弘,太田　昭弘,0,0,0,0,0,0,0,0,0,0,0,0,0,0,0,0,0,0,0,0,0,0,0,0,0,0,0,1,0,0,0,0,0,0,0,0,0,0,0,0,0,0,,,37.078163,138.220245
824,吉岡内科クリニック,943-0823,上越市,高土町1-10-35,025-526-2121,平成11年4月1日,医療法人社団 ラファエル,吉岡　大志,1,0,0,0,0,0,0,0,0,0,0,0,0,0,0,0,0,0,0,0,0,0,0,0,0,0,0,0,0,0,0,0,0,0,0,0,0,0,0,0,0,0,,,37.123646,138.252701
825,特別養護老人ホーム 沖見の里診療室,943-0606,上越市,牧区大月252,025-529-3160,平成11年4月1日,社会福祉法人 まきむら福祉会,田中　敏秀,1,0,0,0,0,0,0,0,0,0,0,0,0,0,0,0,0,0,0,0,0,0,0,0,0,0,0,0,0,0,0,0,0,0,0,0,0,0,0,0,0,0,,,37.025269,138.253342
826,さいはま園 兼しおさいの里診察室,949-3116,上越市,大潟区犀潟410-2,025-534-6225,平成11年4月1日,社会福祉法人 上越頸城福祉会,佐藤　進一,1,0,0,0,0,0,0,0,0,0,0,0,0,0,0,0,0,0,0,0,0,0,0,0,0,0,0,0,0,0,0,0,0,0,0,0,0,0,0,0,0,0,,,36.965935,138.283630
827,揚石医院内科 小児科循環器科,944-0011,妙高市,石塚町1-14-8,0255-70-1155,平成11年9月1日,医療法人社団 揚石医院,揚石　義夫,1,0,1,0,0,0,0,0,0,0,0,0,1,0,0,0,0,0,0,0,0,0,0,0,0,0,0,0,0,0,0,0,0,0,0,0,0,0,0,0,0,0,,,37.158569,138.236816
828,特別養護老人ホーム名香山苑「医務看護室」,949-2112,妙高市,大字関川733-20,0255-86-5321,平成11年10月1日,社会福祉法人 新井頸南福祉会,田中　修二,1,0,0,0,0,0,0,0,0,0,0,0,0,0,0,0,0,0,0,0,0,0,0,0,0,0,0,0,0,0,0,0,0,0,0,0,0,0,0,0,0,0,,,37.147865,138.236099
829,上越五智 養護老人ホーム診療所,942-0081,上越市,五智6-6-11,025-543-2620,平成22年4月1日,上越市,外山　譲二,1,0,0,0,0,0,0,0,0,0,0,0,0,0,0,0,0,0,0,0,0,0,0,0,0,0,0,0,0,0,0,0,0,0,0,0,0,0,0,0,0,0,,,37.167931,138.217484
830,神田耳鼻咽喉科,942-0071,上越市,東雲町2-11-34,025-531-3311,平成12年4月1日,神田　憲一,神田　憲一,0,0,0,0,0,0,0,0,0,0,0,0,0,0,0,0,0,0,0,0,0,0,0,0,0,0,0,0,1,0,0,0,0,0,0,0,0,0,0,0,0,0,,,37.168118,138.239548
831,栗原医院,943-0838,上越市,大手町1-22,025-523-2319,平成12年4月1日,栗原　淳,栗原　淳,1,0,0,0,0,0,0,0,0,0,0,0,0,0,0,0,0,0,0,0,0,0,0,0,0,0,0,0,0,0,0,0,0,0,0,0,0,0,0,0,0,0,,,37.109097,138.246414
832,やちほ内科クリニック,942-0022,上越市,下荒浜848-1,025-531-0024,平成12年4月1日,佐藤　進一,佐藤　進一,1,0,0,1,0,0,0,0,0,0,0,0,1,0,0,0,0,0,0,0,0,0,0,0,0,0,0,0,0,0,0,0,0,0,0,0,0,0,0,0,0,0,,,37.196281,138.280060
833,駅南クリニック 富樫医院,942-0071,上越市,東雲町2-6-26,025-531-1577,平成13年4月1日,医療法人社団 駅南クリニック富樫医院,富樫　満,1,0,0,1,0,0,0,0,0,0,0,0,0,0,0,0,0,0,0,0,0,0,0,0,0,0,0,0,0,0,0,0,0,0,0,0,0,0,0,0,0,0,,,37.167175,138.242538
834,大学前クリニック 笹川医院,943-0810,上越市,大学前203,025-526-3060,平成13年4月1日,医療法人社団 笹川医院,笹川　眞人,1,0,0,0,0,0,0,0,1,0,0,0,0,0,0,0,0,0,0,0,0,1,0,0,0,0,0,0,0,0,0,0,0,0,0,0,0,0,0,0,0,0,,,37.134136,138.230988
835,保倉診療所,942-1103,上越市,大島区大平3644,025-594-3011,平成13年8月1日,高橋　規一,高橋　規一,1,0,0,0,0,0,0,0,0,0,0,0,0,0,0,1,0,0,0,0,0,0,0,0,1,0,0,0,0,0,0,0,0,0,0,0,0,0,0,0,0,0,,,37.151981,138.510513
836,相澤内科医院,943-0891,上越市,昭和町1-3-26,025-523-8565,平成13年9月1日,医療法人社団 相澤内科医院,相澤　研一,1,0,1,1,0,0,0,0,0,0,0,0,0,0,0,0,0,0,0,0,0,0,0,0,0,0,0,0,0,0,0,0,0,0,1,0,0,0,0,0,0,0,,,37.117447,138.234955
837,大島クリニック,943-0153,上越市,鴨島1100,025-522-2000,平成14年4月1日,医療法人社団 大島クリニック,大島　隆史,0,0,0,0,0,0,0,0,0,0,0,0,0,0,0,0,0,0,0,0,0,0,0,0,0,0,0,0,0,0,0,1,1,0,0,0,0,0,0,4,0,4,,,37.111488,138.275299
838,城北レディースクリニック,943-0827,上越市,栄町5-16,025-521-7700,平成14年4月1日,医療法人社団 児育会,丸橋　敏宏,0,0,0,0,0,0,0,0,0,0,0,0,1,0,0,0,0,0,0,0,0,0,0,0,0,0,0,0,0,0,1,0,0,0,0,1,0,0,0,19,0,19,,,37.025471,138.253418
839,たかの整形外科クリニック,943-0806,上越市,木田新田2-3-7,025-521-2255,平成14年4月1日,医療法人社団たかの整形外科クリニック,高野　祐,0,0,0,0,0,0,0,0,0,0,1,0,0,0,0,0,0,0,0,0,0,0,0,0,1,1,0,0,0,0,0,0,0,1,0,0,0,0,0,0,0,0,,,37.138744,138.236786
840,新井ふれあい会館,994-0046,妙高市,上町9-1,0255-72-9414,平成14年7月1日,妙高市長,（巡回診療所）,0,0,0,0,0,0,0,0,0,0,0,0,0,0,0,0,0,0,0,0,0,0,0,0,0,0,0,0,0,0,0,0,0,0,0,0,0,0,0,0,0,0,,,37.165314,138.288315
841,心療内科クリニック ふわの医院,943-0824,上越市,北城町3-5-8,025-522-0820,平成14年7月1日,不破野　誠一,不破野　誠一,0,0,0,0,0,1,0,0,0,0,0,0,0,1,1,0,0,0,0,0,0,0,0,0,0,0,0,0,0,0,0,0,0,0,0,0,0,0,0,0,0,0,,,37.118572,138.253418
842,三和愛宕の園医務室,943-0316,上越市,三和区井ﾉ口1718-4,025-532-2699,平成14年8月1日,社会福祉法人 上越あたご福祉会,植木　将人,1,0,0,0,0,0,0,0,0,0,0,0,0,0,0,0,0,0,0,0,0,0,0,0,0,0,0,0,0,0,0,0,0,0,0,0,0,0,0,0,0,0,,,37.124866,138.351135
843,大野内科医院,943-0153,上越市,鴨島1073,025-521-2700,平成14年9月1日,医療法人社団 大野内科医院,大野　耕一郎,1,1,0,0,0,0,0,0,0,1,0,0,0,0,0,0,0,0,0,0,0,0,0,0,0,0,0,0,0,0,0,0,0,0,0,0,0,0,0,0,0,0,,,37.110580,138.274261
844,上越保健センター,943-0804,上越市,新光町1-8-11,025-524-1265,平成14年9月1日,上越市,（巡回診療所）,0,0,0,0,0,0,0,0,0,0,0,0,0,0,0,0,0,0,0,0,0,0,0,0,0,0,0,0,0,0,0,0,0,0,0,0,0,0,0,0,0,0,,,37.150379,138.236725
845,高井脳外科クリニック,943-0802,上越市,大豆2-9-18,025-543-6712,平成14年10月1日,医療法人社団 東風（あいのかぜ）,高井　信行,1,0,0,0,0,1,0,0,0,0,0,0,0,0,0,1,0,0,0,0,0,0,0,1,0,0,0,0,0,0,0,0,0,1,0,0,0,0,0,0,0,0,,,37.152260,138.223129
846,山崎内科消化器科医院,943-0153,上越市,鴨島1-1-11,025-521-0303,平成14年11月1日,山崎　国男,山崎　国男,1,0,0,1,0,0,0,0,0,0,0,0,0,0,0,0,0,0,0,0,0,0,0,0,0,0,0,0,0,0,0,0,0,0,0,0,0,0,0,0,0,0,,,37.113422,138.271439
847,あすかクリニック 高木医院,942-0071,上越市,東雲町2-1-31,025-545-6517,平成15年1月1日,高木　隆治,高木　隆治,1,0,0,0,0,0,0,0,1,0,0,0,0,0,0,1,0,0,0,0,0,1,0,0,0,0,0,0,0,0,0,0,0,0,0,0,0,0,0,0,0,0,,,37.170349,138.245163
848,田中眼科,943-0807,上越市,春日山町3-18-11,025-526-3500,平成15年4月1日,田中　公夫,田中　公夫,0,0,0,0,0,0,0,0,0,0,0,0,0,0,0,0,0,0,0,0,0,0,0,0,0,0,0,1,0,0,0,0,0,0,0,0,0,0,0,0,0,0,,,37.146938,138.229446
849,特別養護老人ホームほほ笑よしかわの里,949-3445,上越市,吉川区原之町1819-1,025-548-3454,平成15年7月1日,社会福祉法人 上越市社会福祉協議会,伊藤　崇敏,1,0,0,0,0,0,0,0,0,0,0,0,0,0,0,0,0,0,0,0,0,0,0,0,0,0,0,0,0,0,0,0,0,0,0,0,0,0,0,0,0,0,,,37.228287,138.393845
850,植木医院,943-0832,上越市,本町1-4-8,025-523-4381,平成15年9月1日,医療法人社団 植木医院,植木　淳一,1,1,0,0,0,0,0,0,0,0,0,0,1,0,0,0,0,0,0,0,0,0,0,0,0,0,0,0,0,0,0,0,0,0,0,0,0,0,0,0,0,0,,,37.103828,138.243515
851,高野内科循環器科クリニック,942-0145,上越市,頸城区上吉字横江437-71,025-531-1031,平成15年10月1日,医療法人社団高野内科循環器科クリニック,高野　俊樹,1,1,1,0,0,0,0,0,0,0,0,0,0,0,0,0,0,0,0,0,0,0,0,0,0,0,0,0,0,0,0,0,0,0,0,0,0,0,0,0,0,0,,,37.183002,138.286575
852,服部外科医院,943-0832,上越市,本町1-5-3,025-523-3475,平成16年2月21日,服部　伸,服部　伸,0,0,0,0,0,1,0,0,0,0,0,0,0,0,0,0,0,0,0,0,0,0,0,1,1,0,0,0,0,0,0,0,0,1,0,0,0,0,0,0,0,0,,,37.102421,138.243301
853,上田レディースクリニック,943-0802,上越市,大豆1-11-11,025-523-1103,平成16年4月1日,医療法人社団上田レディースクリニック,上田　宏之,1,0,0,0,0,0,0,0,0,0,0,0,0,0,0,0,0,0,0,0,0,0,0,0,0,0,0,0,0,0,0,1,1,0,0,0,0,0,0,12,0,12,,,37.150101,138.226059
854,高橋医院,943-0893,上越市,大貫1丁目15番26号,025-523-3489,平成16年4月1日,高橋　慶一,高橋　慶一,1,0,0,0,0,0,0,0,0,0,0,0,0,0,0,0,0,0,0,0,0,0,0,0,0,0,0,0,0,0,0,0,0,0,0,0,0,0,0,0,0,0,,,37.101707,138.233856
855,ないとう内科クリニック,943-0891,上越市,昭和町2-17-12,025-526-7110,平成16年5月1日,内藤　彰,内藤　彰,1,0,0,1,0,0,0,0,0,0,0,0,0,0,0,0,0,0,0,0,0,0,0,0,0,0,0,0,0,0,0,0,0,0,0,0,0,0,0,0,0,0,,,37.122135,138.236481
856,むらやまクリニック,943-0805,上越市,木田1-910-2,025-523-2244,平成16年6月1日,村山　誠,村山　誠,0,0,0,0,0,0,0,0,0,0,0,0,0,0,0,0,0,0,0,0,0,0,0,0,0,0,0,0,1,0,0,0,0,0,0,0,0,0,0,0,0,0,,,37.144768,138.237518
857,耳鼻咽喉科おきた医院,943-0833,上越市,大町4-4-12,025-522-3711,平成16年6月3日,沖田　渉,沖田　渉,0,0,0,0,0,0,0,0,0,0,0,0,0,0,0,0,0,0,0,0,0,0,0,0,0,0,0,0,1,0,0,0,0,0,0,0,0,0,0,0,0,0,,,37.113537,138.245880
858,ふじわら耳鼻科,943-0803,上越市,春日野1-6-29,025-523-1733,平成16年6月4日,藤原　満,藤原　満,0,0,0,0,0,0,0,0,0,1,0,0,0,0,0,0,0,0,0,0,0,0,0,0,0,0,0,0,1,0,0,0,0,0,0,0,0,0,0,0,0,0,,,37.025269,138.253342
859,医療法人社団 内山医院,949-3443,上越市,吉川区下町1161-1,025-548-2400,平成16年7月1日,医療法人社団 内山医院,内山　一晃,1,0,0,1,0,0,0,0,0,0,0,0,1,0,0,0,0,0,0,0,0,0,0,0,0,0,0,0,0,0,0,0,0,0,0,0,0,0,0,0,0,0,,,37.222401,138.408310
860,はやつクリニック内科呼吸器科,944-0043,妙高市,朝日町1-10-3,0255-72-8233,平成16年9月1日,早津　邦広,早津　邦広,1,1,0,0,0,0,0,0,0,0,0,0,0,0,0,0,0,0,0,0,0,0,0,0,0,0,0,0,0,0,0,0,0,0,0,0,0,0,0,0,0,0,,,37.078163,138.220245
861,名立診療所 ひらはら内科クリニック,949-1602,上越市,名立区名立大町196,0255-37-2001,平成16年10月1日,医療法人社団ひらはら内科クリニック,平原　克己,1,1,0,0,0,0,0,0,0,1,1,0,1,0,0,0,0,0,0,0,0,0,0,0,0,0,0,0,0,0,0,0,0,0,1,0,0,0,0,0,0,0,,,37.144787,138.080353
862,安塚診療所,942-0411,上越市,安塚区安塚2555-1,025-592-3330,平成17年1月1日,上越市,三宅　純,1,0,0,0,0,0,0,0,0,0,0,0,0,0,0,1,0,0,0,0,0,0,0,0,1,0,0,0,0,0,0,0,0,0,0,0,0,0,0,0,0,0,呼吸器科,,37.137478,138.448990
863,大島診療所,942-1213,上越市,大島区棚岡1540-1,025-594-2323,平成17年1月1日,上越市,川渕　久司,1,0,0,0,0,0,0,0,0,0,0,0,1,0,0,1,0,0,0,0,0,0,0,0,0,0,0,0,0,0,0,0,0,0,0,0,0,0,0,0,0,0,,,37.119576,138.506027
864,上越市国民健康保険 牧診療所,943-0647,上越市,牧区柳島437,025-533-5045,平成17年1月1日,上越市,杉田　佳織,1,0,0,0,0,0,0,0,0,0,0,0,0,0,0,0,0,0,0,0,0,0,0,0,0,0,0,0,0,0,0,0,0,0,0,0,0,0,0,0,0,0,歯科併設,〇,37.078068,138.384338
865,上越市国民健康保険 くろかわ診療所,949-3374,上越市,柿崎区芋島新田184,025-536-5302,平成17年1月1日,上越市,有我　直宏,1,0,0,0,0,0,0,0,0,0,0,0,1,0,0,1,0,0,0,0,0,0,0,0,0,0,0,0,0,0,0,0,0,0,0,0,0,0,0,10,0,10,,,37.240486,138.449448
866,上越市国民健康保険 吉川診療所,949-3445,上越市,吉川区原之町1819,025-548-2015,平成17年1月1日,上越市,伊藤　崇敏,1,0,0,0,0,0,0,0,0,0,0,0,0,0,0,0,0,0,0,0,0,1,0,0,0,0,0,0,0,0,0,0,0,0,0,0,0,0,0,0,0,0,,,37.228287,138.393845
867,上越市国民健康保険 清里診療所,943-0507,上越市,清里区岡嶺新田72,025-528-3313,平成17年1月1日,上越市,畠山　牧男,1,0,0,0,0,0,0,0,0,1,1,0,0,0,0,1,0,0,0,0,0,0,0,0,0,0,0,0,0,0,0,0,0,0,0,0,0,0,0,0,0,0,,,37.076611,138.328781
868,みながわ皮ふ科,943-0861,上越市,大和2-15-18,025-527-4744,平成17年5月1日,医療法人社団 みながわ皮ふ科,皆川　正弘,0,0,0,0,0,0,0,0,1,0,0,0,0,0,0,0,0,0,0,0,0,0,0,0,0,0,0,0,0,0,0,0,0,0,0,0,0,0,0,0,0,0,,,37.086586,138.252518
869,おおしま眼科,942-0071,上越市,東雲町2-6-22,025-544-4644,平成17年9月1日,医療法人社団 おおしま眼科,大島　晃,0,0,0,0,0,0,0,0,0,0,0,0,0,0,0,0,0,0,0,0,0,0,0,0,0,0,0,1,0,0,0,0,0,0,0,0,0,0,0,0,0,0,,,37.166935,138.241959
870,川端内科消化器科医院,942-0061,上越市,春日新田1-20-13,025-543-0008,平成17年11月1日,川端　英博,川端　英博,1,0,0,1,0,0,0,0,0,0,0,0,0,0,0,0,0,0,0,0,0,0,0,0,0,0,0,0,0,0,0,0,0,1,0,0,0,0,0,0,0,0,,,37.170311,138.255676
871,さいとう診療所,944-0131,上越市,板倉区針941,0255-78-5310,平成18年1月1日,齋藤浩史,齋藤　浩史,1,0,0,0,0,1,0,0,0,0,0,0,0,0,0,0,0,0,0,0,0,0,0,0,0,0,0,0,0,0,0,0,0,0,0,0,0,0,0,0,0,0,,,37.053089,138.297989
872,まなべ整形外科クリニック,943-0823,上越市,高土町2-12-5,025-527-2800,平成18年4月1日,医療法人社団まなべ整形外科クリニック,真部　達彦,0,0,0,0,0,0,0,0,0,0,1,0,0,0,0,0,0,0,0,0,0,0,0,0,1,0,0,0,0,0,0,0,0,1,0,0,0,0,0,0,0,0,,,37.124710,138.257904
873,特別養護老人ホーム 悠久の里医務室,943-0146,上越市,とよば186番地,025-522-0033,平成18年5月1日,社会福祉法人 高田福祉会,服部　伸,1,0,0,0,0,0,0,0,0,0,0,0,0,0,0,1,0,0,0,0,0,0,0,0,0,0,0,0,0,0,0,0,0,0,0,0,0,0,0,0,0,0,,,37.147865,138.236099
874,豊田医院,942-0074,上越市,石橋2-5-1,025-539-6625,平成18年5月1日,豊田　宏,豊田　宏,1,0,0,0,0,0,0,0,0,0,0,0,0,0,0,1,0,0,0,0,0,0,0,0,1,0,0,0,0,0,0,0,0,1,0,1,0,0,0,0,0,0,,,37.162590,138.237381
875,はまだ皮ふ科,943-0806,上越市,木田新田2-2-7,025-527-2295,平成18年7月1日,濱田　正明,濱田　正明,0,0,0,0,0,0,0,0,1,0,0,0,0,0,0,0,0,0,0,0,0,0,0,0,0,0,0,0,0,0,0,0,0,0,0,0,0,0,0,0,0,0,,,37.139252,138.236740
876,高田駅前クリニック 丸山内科医院,943-0831,上越市,仲町4-2-23,025-523-6585,平成18年8月1日,丸山　資郎,丸山　資郎,1,0,0,0,0,0,0,0,0,0,0,0,0,0,0,0,0,0,0,0,0,0,0,0,0,0,0,0,0,0,0,0,0,0,0,0,0,0,0,0,0,0,,,37.025269,138.253342
877,特別養護老人ホーム太陽と緑の家 今泉医務室,943-0864,上越市,大字今泉字西蓮連1310-8,025-521-0334,平成19年3月1日,社会福祉法人 松涛会,服部　伸,1,0,0,0,0,0,0,0,1,0,0,0,0,0,0,0,0,0,0,0,0,1,0,0,0,0,0,0,0,0,0,0,0,0,0,0,0,0,0,0,0,0,,,37.075615,138.245850
878,上越地域総合健康管理センター妙高健診室,944-0043,妙高市,栗原4-7-11(新井ｼｮｯﾋﾟﾝｸﾞｾﾝﾀｰ内),0255-70-0030,平成19年4月1日,一般社団法人 上越医師会,星野　和夫,1,0,0,0,0,0,0,0,0,0,0,0,0,0,0,0,0,0,0,0,0,0,0,0,0,0,0,0,0,0,0,0,0,0,0,0,0,0,0,0,0,0,,,37.147865,138.236099
879,小児科すこやかアレルギークリニック,943-0171,上越市,大字藤野新田1300,025-521-0700,平成19年9月1日,田中　泰樹,田中　泰樹,0,0,0,0,0,0,0,0,0,1,0,0,1,0,0,0,0,0,0,0,0,0,0,0,0,0,0,0,0,0,0,0,0,0,0,0,0,0,0,0,0,0,,,37.154011,138.247925
880,特別養護老人ホーム「上吉野愛宕の園」医務室,942-0241,上越市,上吉野1912-1,025-532-2699,平成19年10月1日,社会福祉法人 上越あたご福祉会,五十嵐　広隆,1,0,0,0,0,0,0,0,0,0,0,0,0,0,0,0,0,0,0,0,0,0,0,0,0,0,0,0,0,0,0,0,0,0,0,0,0,0,0,0,0,0,,,37.062515,138.264481
881,いがらし整形外科,943-0893,上越市,大貫4丁目6番8号,025-520-6006,平成20年8月12日,五十嵐　靖雄,五十嵐　靖雄,0,0,0,0,0,0,0,0,0,0,0,0,0,0,0,0,0,0,0,0,0,0,0,0,1,0,0,0,0,0,0,0,0,1,0,0,0,0,0,0,0,0,,,37.114788,138.232956
882,特別養護老人ホーム ブナの里医務室,949-2260,妙高市,大字西田屋新田247,0255-81-3232,平成21年4月1日,社会福祉法人 妙心福祉会,松岡　二郎,1,0,0,1,0,0,0,0,0,0,0,0,0,0,0,1,0,0,0,0,0,0,0,0,0,0,0,0,0,0,0,0,0,0,0,0,0,0,0,0,0,0,,,37.063122,138.254822
883,いたくら桜園,944-0132,上越市,板倉区曽根田101-7,0255-81-4848,平成21年4月1日,社会福祉法人 にいがた寿会,齋藤　浩史,1,0,0,0,0,0,0,0,0,0,0,0,0,0,0,0,0,0,0,0,0,0,0,0,0,0,0,0,0,0,0,0,0,0,0,0,0,0,0,0,0,0,,,37.045925,138.306656
884,すぎたに整形外科クリニック,943-0146,上越市,とよば79番地,025-520-4154,平成21年4月1日,医療法人社団すぎたに整形クリニック,椙谷　博也,0,0,0,0,0,0,0,0,0,0,1,0,0,0,0,0,0,0,0,0,0,0,0,0,1,0,0,0,0,0,0,0,0,1,0,0,0,0,0,0,0,0,,,37.147865,138.236099
885,三折堂いがらし医院,942-0271,上越市,三和区錦288-1,025-529-2288,平成21年5月1日,医療法人社団 三折堂,五十嵐　達紀,1,0,0,1,0,0,0,0,0,0,0,0,0,0,0,1,0,0,0,0,0,0,1,0,1,0,0,0,0,0,0,0,0,1,0,0,0,0,0,0,0,0,,,37.139637,138.342773
886,特別養護老人ホーム「直江津愛宕の園」医務室,942-0081,上越市,五智2丁目1番地3号,025-539-0195,平成21年10月1日,社会福祉法人 上越あたご福祉会,飯酒盃　訓充,1,0,0,0,0,0,0,0,0,0,0,0,0,0,0,0,0,0,0,0,0,0,0,0,0,0,0,0,0,0,0,0,0,0,0,0,0,0,0,0,0,0,,,37.171669,138.233505
887,和久楽診療所,942-0081,上越市,五智4-7-21,025-539-0208,平成22年2月26日,社会福祉法人 えちご府中会,平島　浩太郎,1,0,0,0,0,0,0,0,0,0,0,0,0,0,0,1,0,0,0,0,0,0,1,0,0,0,0,0,0,0,0,0,0,1,0,0,0,0,0,0,0,0,,,37.170902,138.225647
888,きたしろクリニック内科 さとう医院,943-0824,上越市,北城町4-6-8,025-521-7311,平成22年10月1日,医療法人社団 内科さとう医院,佐藤　健比呂,1,0,0,0,0,0,0,0,0,0,1,0,0,0,0,0,0,0,0,0,0,0,0,0,0,0,0,0,0,0,0,0,0,0,0,0,0,0,0,0,0,0,,,37.119579,138.257004
889,石田眼科医院,943-0832,上越市,本町2-2-31,025-524-4342,平成22年12月24日,医療法人社団 喜修会,石田　誠夫,0,0,0,0,0,0,0,0,0,0,0,0,0,0,0,0,0,0,0,0,0,0,0,0,0,0,0,1,0,0,0,0,0,0,0,0,0,0,0,14,0,14,,,37.108551,138.244263
890,保倉の里診療所,942-0314,上越市,浦川原区顕聖寺730-1,025-595-3123,平成23年2月1日,社会福祉法人 くびき社会事業協会,高橋　規一,1,0,0,0,0,0,0,0,0,0,0,0,0,0,0,1,0,0,0,0,0,0,0,0,1,0,0,0,0,0,0,0,0,0,0,0,0,0,0,0,0,0,,,37.159370,138.421890
891,在宅緩和ケアクリニックきずな,942-0063,上越市,下門前1745番地,025-520-8336,平成23年3月8日,医療法人社団ひらはら内科クリニック,平原　克己,1,0,0,0,0,0,0,0,0,0,0,0,0,0,0,0,0,0,0,0,0,0,0,0,0,0,0,0,0,0,0,0,0,0,0,0,0,0,0,0,0,0,,,37.155373,138.255066
892,ふもとクリニック,942-0001,上越市,中央1-23-26,025-543-2103,平成23年4月1日,医療法人 麓会,竹之内　民夫,1,0,0,0,0,0,0,0,1,0,0,0,1,0,0,0,0,0,0,0,0,0,0,0,0,0,0,0,0,0,0,0,0,1,0,0,0,0,0,0,0,0,,,37.174160,138.246140
893,おひさま耳鼻咽喉科,943-0896,上越市,大字飯2538-2,025-546-7114,平成23年5月1日,医療法人社団 おひさま耳鼻咽喉科,五十嵐　良和,0,0,0,0,0,0,0,0,0,0,0,0,0,0,0,0,0,0,0,0,0,0,0,0,0,0,0,0,1,0,0,0,0,0,0,0,0,0,0,0,0,0,,,37.126102,138.233002
894,特別養護老人ホームあいれふ安塚医務室,942-0411 ,上越市,安塚区安塚2209番地3,025-595-1311,平成23年5月1日,社会福祉法人 越後上越福祉会,内山　一晃,1,0,0,0,0,0,0,0,0,0,0,0,0,0,0,0,0,0,0,0,0,0,0,0,0,0,0,0,0,0,0,0,0,0,0,0,0,0,0,0,0,0,,,37.137478,138.448990
895,かわさき脳外科,943-0891,上越市,昭和町2丁目29-32,025-521-2288,平成23年5月12日,川﨑　浩一,川崎　浩一,1,0,0,0,0,1,0,0,0,0,0,0,0,0,0,1,0,0,0,0,0,0,0,1,0,0,0,0,0,0,0,0,0,1,0,0,0,0,0,0,0,0,,,37.124153,138.238159
896,武内心療内科大潟ｸﾘﾆｯｸ,949-3116,上越市,大潟区犀潟789,025-534-5288,平成23年8月20日,武内　廣盛,武内　廣盛,1,0,0,0,0,1,0,0,0,0,0,0,0,1,1,0,0,0,0,0,0,0,0,0,0,0,0,0,0,0,0,0,0,0,0,0,0,0,0,0,0,0,,,36.965935,138.283630
897,中村皮ふ科クリニック,943-0824,上越市,北城町2-3-24,025-526-6614,平成24年5月1日,医療法人社団 中村皮ふ科クリニック,中村　元一,0,0,0,0,0,0,0,0,1,1,0,0,0,0,0,0,0,0,0,0,0,0,0,0,0,0,1,0,0,0,0,0,0,0,0,0,0,0,0,0,0,0,,,37.116520,138.255844
898,妙高診療所,949-2232,妙高市,葎生524-1,0255-82-2045,平成24年10月1日,医療法人 妙高診療所,松岡　二郎,1,0,0,1,0,0,0,0,0,0,0,0,1,0,0,1,0,0,0,0,0,0,1,0,0,0,0,0,0,0,0,0,0,0,0,0,0,0,0,0,0,0,,,37.147865,138.236099
899,あおぞら皮ふ科クリニック,943-0896,上越市,大字飯2519,025-521-1112,平成25年10月1日,医療法人社団あおぞら皮ふ科クリニック,土屋　和夫,0,0,0,0,0,0,0,0,1,0,0,0,0,0,0,0,0,0,0,0,0,0,0,0,0,0,0,0,0,0,0,0,0,0,0,0,0,0,0,0,0,0,,,37.126102,138.233002
900,小林医院,942-0002,上越市,住吉町1-12,025-543-3227,平成25年10月7日,小林　千春,小林　千春,1,0,1,0,0,0,0,0,0,1,0,0,1,0,0,0,0,0,0,0,0,0,0,0,0,0,0,0,0,0,0,0,0,0,0,0,0,0,0,0,0,0,,,37.176498,138.244736
901,かなざわ内科クリニック,943-0803,上越市,春日野1-14-11,025-521-0808,平成26年4月1日,医療法人社団かなざわ内科クリニック,金澤　責,1,0,0,1,0,0,0,0,0,0,0,0,0,0,0,0,0,0,0,0,0,0,0,0,0,0,0,0,0,0,0,0,0,0,1,0,0,0,0,0,0,0,,,37.025269,138.253342
902,藤原医院,942-0004,上越市,西本町2-1-21,025-544-7020,平成26年4月1日,医療法人社団 藤原医院,藤原　敬人,1,1,1,1,0,0,0,0,0,1,0,0,0,0,0,0,0,0,0,0,0,0,0,0,0,0,0,0,0,0,0,0,0,0,0,0,0,0,0,0,0,0,,,37.169640,138.238342
903,特別養護老人ホームあいれふ妙高医務室,944-0204,妙高市,大字除戸243番地,0255-75-2511,平成26年5月1日,社会福祉法人 越後上越福祉会,櫻井　新樹,1,0,0,0,0,0,0,0,0,0,0,0,0,0,0,0,0,0,0,0,0,0,0,0,0,0,0,0,0,0,0,0,0,0,0,0,0,0,0,0,0,0,,,37.147865,138.236099
904,小規模特別養護老人ホーム「大潟愛宕の園」,949-3112,上越市,大潟区土底浜978番地1,025-534-6535,平成26年5月1日,社会福祉法人 上越あたご福祉会,内山　一晃,1,0,0,0,0,0,0,0,0,0,0,0,0,0,0,0,0,0,0,0,0,0,0,0,0,0,0,0,0,0,0,0,0,0,0,0,0,0,0,0,0,0,,,37.225246,138.327942
905,かみむら小児科,942-0063,上越市,下門前1857番地,025-512-5556,平成26年9月1日,医療法人社団 かみむら小児科,上村　孝則,0,0,0,0,0,0,0,0,0,1,0,0,1,0,0,0,0,0,0,0,0,0,0,0,0,0,0,0,0,0,0,0,0,0,0,0,0,0,0,0,0,0,,,37.155373,138.255066
906,医療法人高田西城会こころのクリニック・上越妙高診療所,943-0861,上越市,大和2-4-7,025-522-6611,平成27年4月1日,医療法人 高田西城会,吉岡　茂子,0,0,0,0,0,0,0,0,0,0,0,0,0,1,1,0,0,0,0,0,0,0,0,0,0,0,0,0,0,0,0,0,0,0,0,0,0,0,0,0,0,0,,,37.083061,138.250183
907,上越北陸アイクリニック,943-0864,上越市,今泉1310番地4,025-520-9130,平成27年5月1日,医療法人社団上越北陸アイクリニック,矢口　裕基,0,0,0,0,0,0,0,0,0,0,0,0,0,0,0,0,0,0,0,0,0,0,0,0,0,0,0,1,0,0,0,0,0,0,0,0,0,0,0,0,0,0,,,36.959888,138.246155
908,特別養護老人ホームサンクスレルヒの森診療所,943-0893,上越市,大貫2-16-23,025-530-7260,平成27年6月1日,社会福祉法人 みんなでいきる,山本　智,1,0,0,0,0,0,0,0,0,0,0,0,0,0,0,0,0,0,0,0,0,0,0,0,0,0,0,0,0,0,0,0,0,0,0,0,0,0,0,0,0,0,,,37.106537,138.231552
909,特別養護老人ホームわかつき妙高医務室,944-0056,妙高市,大字志976番地,0255-78-7086,平成27年9月1日,社会福祉法人わかつき妙高,松岡　二郎,1,0,0,1,0,0,0,0,0,0,0,0,0,0,0,1,0,0,0,0,0,0,0,0,0,0,0,0,0,0,0,0,0,0,0,0,0,0,0,0,0,0,,,37.147865,138.236099
910,さくらの木心臓血管外科クリニック,943-0824,上越市,北城町4-4-20,025-527-2727,平成28年5月1日,医療法人社団 慧生会,小柳　勝司,1,0,1,0,0,0,0,0,0,0,0,0,0,0,0,1,0,1,0,0,0,0,0,0,0,0,0,0,0,0,0,0,0,0,0,0,0,0,0,0,0,0,,,37.118519,138.255844
911,菅谷ウイメンズクリニック,943-0804,上越市,新光町3-6-16,025-546-7660,平成28年10月1日,医療法人社団 フロール,菅谷　進,0,0,0,0,0,0,0,0,0,0,0,0,0,0,0,0,0,0,0,0,0,0,0,0,0,0,0,0,0,0,1,0,0,0,0,0,0,0,0,0,0,0,,,37.154804,138.241150
912,わか皮ふ科クリニック,943－0146,上越市,とよば4番地,025－525－4112,平成28年10月1日,医療法人社団 有美,石田　和加,0,0,0,0,0,0,0,0,1,0,0,0,0,0,0,0,0,0,0,0,0,0,0,0,0,0,0,0,0,0,0,0,0,0,0,0,0,0,0,0,0,0,美容皮膚科,,37.025269,138.253342
913,吉川眼科,949-3443,上越市,吉川区下町1162-1,025-520-5222,平成28年10月1日,伴野　正明,伴野　正明,0,0,0,0,0,0,0,0,0,0,0,0,0,0,0,0,0,0,0,0,0,0,0,0,0,0,0,1,0,0,0,0,0,0,0,0,0,0,0,0,0,0,,,37.222401,138.408310
914,さくらい整形外科医院,944-0007,妙高市,栗原2-3-5,0255-73-8899,平成29年5月1日,医療法人社団 双星会,櫻井　新樹,0,0,0,0,0,0,0,0,0,0,0,0,0,0,0,0,0,0,0,0,0,0,0,0,1,0,0,0,0,0,0,0,0,1,0,0,0,0,0,0,0,0,,,37.147865,138.236099
915,特別養護老人ホーム三和愛宕の園北棟医務室,943-0316,上越市,三和区井ﾉ口1718-4,025-532-2699,平成29年5月1日,社会福祉法人 上越あたご福祉会,羽尾　和久,1,0,0,0,0,0,0,0,0,0,0,0,0,0,0,0,0,0,0,0,0,0,0,0,0,0,0,0,0,0,0,0,0,0,0,0,0,0,0,0,0,0,,,37.124866,138.351135
916,上越市役所前 やまもとクリニック,943-0805,上越市,木田1-3-31,025-520-9130,平成29年9月1日,医療法人社団 やまもとクリニック,山本　智,1,0,0,1,0,0,0,0,0,0,0,0,0,0,0,1,0,0,0,0,0,0,1,0,0,0,0,0,0,0,0,0,0,0,0,0,0,0,0,0,0,0,,,37.147175,138.239487
917,長谷川医院,942-0082,上越市,国府4-3-14,025-531-2100,平成29年10月1日,医療法人社団 長谷川医院,長谷川　登,1,0,0,1,0,0,0,0,0,0,0,0,1,0,0,0,0,0,0,0,0,0,0,0,0,0,0,0,0,0,0,0,0,0,0,0,0,0,0,0,0,0,,,37.161213,138.228668
918,飯内科クリニック,943-0896,上越市,大字飯2521-1,025-521-1171,平成30年9月18日,野崎　和也,野崎　和也,1,0,0,0,0,0,0,0,0,0,1,0,1,0,0,0,0,0,0,0,0,0,0,0,0,0,0,0,0,0,0,0,0,0,0,0,0,0,0,0,0,0,漢方内科,,37.126102,138.233002
919,たにし整形外科クリニック,942-0063,上越市,下門前2275番地,025-530-7171,平成30年11月1日,医療法人 たにし整形外科クリニック,田西　信睦,0,0,0,0,0,0,0,0,0,0,0,0,0,0,0,0,0,0,0,0,0,0,0,0,1,0,0,0,0,0,0,0,0,1,0,0,0,0,0,0,0,0,,,37.155373,138.255066
920,飯酒盃医院,942-0004,上越市,西本町4丁目4-12,025-530-7858,令和1年6月18日,飯酒盃　訓充,飯酒盃　訓充,1,0,0,0,0,0,0,1,0,0,0,0,0,0,0,0,0,0,0,0,0,0,0,0,0,0,0,0,0,0,0,0,0,0,0,0,0,0,0,0,0,0,,,37.173206,138.239563
921,みながわ内科・糖尿病クリニック,942-0052,上越市,上源入641-1 ｴｽﾍﾟﾗﾝｻ1F,025-520-5504,令和1年7月12日,皆川　真一,皆川　真一,1,0,0,0,0,0,1,0,0,0,0,0,0,0,0,0,0,0,0,0,0,0,0,0,0,0,0,0,0,0,0,0,0,0,0,0,0,0,0,0,0,0,内分泌内科,,37.159805,138.259583
922,アグリホームクリニックじょうえつ,943-0318,上越市,三和区宮崎新田131-1,025-530-8885,令和2年6月1日,医療法人 AGRIE,花岡　辰行,1,0,0,0,0,0,0,0,0,0,0,0,0,1,0,1,0,0,0,0,0,0,0,0,0,0,0,0,0,0,0,0,0,0,0,0,0,0,0,0,0,0,,,37.005749,138.227188
923,つちや耳鼻咽喉科,942-0051,上越市,下源入585番1,025-520-8883,令和3年5月1日,医療法人社団　つちや耳鼻咽喉科,土屋　昭夫,0,0,0,0,0,0,0,0,0,1,0,0,0,0,0,0,0,0,0,0,0,0,0,0,0,0,0,0,1,0,0,0,0,0,0,0,0,0,0,0,0,0,,,37.164379,138.257980
924,清華ファミリークリニック 塚田医院,944-0008,妙高市,柳井田町2丁目8番16号, 0255-78-7721,令和4年1月1日,医療法人社団清華ファミリークリニック,渡辺　裕美,1,0,0,0,0,0,0,0,1,1,0,0,1,0,0,1,0,0,0,0,0,0,0,0,0,0,0,0,0,0,0,0,0,0,0,0,0,0,0,0,0,0,,,37.147865,138.236099
925,特別養護老人ホーム みねの園診療所,943-0501,上越市,清里区岡野町1618番地,025-528-3000,令和4年4月1日,社会福祉法人上越市社会福祉協議会,畠山　牧男,1,0,0,0,0,0,0,0,0,0,0,0,0,0,0,1,0,0,0,0,0,0,0,0,0,0,0,0,0,0,0,0,0,0,0,0,0,0,0,0,0,0,,,37.086597,138.329483
926,上越インター前たけいクリニック,942-0052,上越市,上源入634番地3,025-520-9919,令和4年5月2日,医療法人社団　たけいクリニック,武井　伸一,1,0,0,1,0,0,0,0,0,0,0,0,0,0,0,0,0,0,0,0,0,0,0,0,0,0,0,0,0,0,0,0,0,0,0,0,0,0,0,0,0,0,胃腸内科、肝臓内科、内視鏡内科,,37.159805,138.259583
927,上越妙高駅前みやざわクリニック,943-0861,上越市,大和5-20-16,025-522-3831,令和4年11月1日,医療法人社団　みやざわクリニック,宮澤　智徳,1,0,0,0,0,0,0,0,0,0,0,0,0,0,0,1,0,0,1,0,0,0,1,0,0,0,0,0,0,0,0,0,0,0,0,0,0,0,0,0,0,0,,,37.078575,138.247269
928,新潟太陽誘電健診センター,942-0145,上越市,頸城区上吉197番地8,025-545-2511(呼),令和5年6月15日,木村　公紀,木村　公紀,1,0,0,0,0,0,0,0,0,0,0,0,0,0,0,0,0,0,0,0,0,0,0,0,0,0,0,0,0,0,0,0,0,0,0,0,0,0,0,0,0,0,,,37.183002,138.286575
929,稲田うえき整形外科クリニック,943-0154,上越市,稲田3丁目6番10号,025-546-7676,令和5年7月3日,植木　将人,植木　将人,0,0,0,0,0,0,0,0,0,0,1,0,0,0,0,0,0,0,0,0,0,0,0,0,1,0,0,0,0,0,0,0,0,1,0,0,0,0,0,0,0,0,,,37.120876,138.267929
930,山田クリニック,942-0173,上越市,頸城区舟津19番地1,025-530-3116,令和5年8月1日,医療法人社団慈幸会山田クリニック,山田　雅之,1,0,0,1,0,0,0,0,0,0,0,0,1,0,0,0,0,0,0,0,0,0,0,0,0,0,0,0,0,0,0,0,0,0,1,0,0,0,0,0,0,0,,,37.039131,137.862701
931,じょうえつ形成外科クリニック,943-0173,上越市,大字富岡1920番地2,025-520-9280,令和5年8月9日,矢澤　智博,矢澤　智博,0,0,0,0,0,0,0,0,1,0,0,0,0,0,0,0,0,0,0,0,0,0,0,0,0,1,1,0,0,0,0,0,0,0,0,0,0,0,0,0,0,0,美容皮膚科,,37.039131,137.862701
932,糸魚川保健所,941-0052,糸魚川市,南押上1-15-1,025-552-1783,昭和21年5月15日,新潟県,鈴木　幸雄,1,0,0,0,0,0,0,0,0,0,0,0,0,0,0,0,0,0,0,0,0,0,0,0,0,0,0,0,0,0,0,0,0,0,0,0,0,0,0,,,,,,37.044964,137.879791
933,なかむらこどもクリニック,9410067,糸魚川市,横町2-3-6,025-552-1228,平成17年5月1日,中村 恵,中村 恵,0,0,0,0,0,0,0,0,0,0,0,0,1,0,0,0,0,0,0,0,0,0,0,0,0,0,0,0,0,0,0,0,0,0,0,0,0,0,0,,,,,,37.043850,137.852798
934,特別養護老人ホームみやまの里,941-0071,糸魚川市,大野129,025-552-8101,昭和57年4月1日,社会福祉法人 奴奈川福祉会,斉藤 隆生,1,0,0,0,0,0,0,0,0,0,0,0,0,0,0,0,0,0,0,0,0,0,0,0,0,0,0,0,0,0,0,0,0,0,0,0,0,0,0,,,,,,37.027466,137.863159
935,小滝診療所,9490462,糸魚川市,小滝5231,025-556-2002,平成17年3月19日,糸魚川市,樋口　清博,1,0,0,0,0,0,0,0,0,0,0,0,0,0,0,0,0,0,0,0,0,0,0,0,0,0,0,0,0,0,0,0,0,0,0,0,0,0,0,,,,,,36.899448,137.764572
936,医療法人社団 安藤医院,9410058,糸魚川市,寺町1-6-15,025-552-8111,昭和61年12月1日,医療法人社団 安藤医院,安藤 隆夫,1,0,0,1,0,0,0,0,0,0,0,0,0,0,0,0,0,0,0,0,0,0,0,0,0,0,0,0,0,0,0,0,0,0,0,0,0,0,0,,,,,,37.046356,137.864182
937,医療法人社団 原田医院,9410067,糸魚川市,横町3-2-3,025-552-1233,平成2年4月1日,医療法人社団 原田医院,原田 武,1,0,0,1,0,0,0,0,0,0,0,0,1,0,0,0,0,0,0,0,0,0,0,0,0,0,0,0,0,0,0,0,0,0,0,0,0,0,0,,,,,,37.042435,137.854523
938,糸魚川保健センター,9410057,糸魚川市,南寺町1-1-7,025-552-8230,平成17年3月19日,糸魚川市,森田 英,1,0,0,0,0,0,0,0,0,0,0,0,1,0,0,1,0,0,0,0,0,0,0,0,0,0,0,0,0,0,0,0,0,0,0,0,0,0,0,,,,,○,37.044121,137.865463
939,医療法人社団 喜修会　石田眼科糸魚川クリニック,9410067,糸魚川市,横町5-6-52,025-552-9995,平成8年11月1日,医療法人社団 喜修会,松木 佐代子,0,0,0,0,0,0,0,0,0,0,0,0,0,0,0,0,0,0,0,0,0,0,0,0,0,0,0,1,0,0,0,0,0,0,0,0,0,0,0,,,,,,37.042500,137.847504
940,医療法人社団 長明会　しまだ医院,9410024,糸魚川市,西谷内53-5,025-555-2622,平成9年4月1日,医療法人社団 長明会,島田 長樹,1,0,0,0,0,0,0,0,0,0,0,0,0,0,0,0,0,0,0,0,0,0,0,0,0,0,0,1,0,0,0,0,0,0,0,0,0,0,0,,,,,,37.041916,137.921585
941,根知診療所,9490534,糸魚川市,和泉356,025-558-2488,平成31年4月1日,糸魚川市,樋口　清博,1,0,0,0,0,0,0,0,0,0,0,0,0,0,0,0,0,0,0,0,0,0,0,0,0,0,0,0,0,0,0,0,0,0,0,0,0,0,0,,,,,,36.955845,137.889969
942,医療法人社団 ひまわり内科,9410053,糸魚川市,東寺町1-4-6,025-553-1030,平成11年9月1日,医療法人社団 ひまわり内科,森田 英,1,0,0,1,0,0,0,0,0,0,0,0,0,0,0,0,0,0,0,0,0,0,0,0,0,0,0,0,0,0,0,0,0,0,0,0,0,0,0,,,,,,37.044380,137.871475
943,特別養護老人ホーム　クレイドルやけやま診療所,9410004,糸魚川市,梶屋敷915,025-550-2015,平成11年12月1日,社会福祉法人 ひすい福祉会,康山 俊学,1,0,0,0,0,0,0,0,0,0,0,0,0,0,0,0,0,0,0,0,0,0,0,0,0,0,0,0,0,0,0,0,0,0,0,0,0,0,0,,,,,,37.049774,137.915298
944,障害者支援施設　メモリアルホームみずほ診療所,9410044,糸魚川市,水保1728,025-552-8100,平成11年12月8日,社会福祉法人 奴奈川福祉会,松木 晃,1,0,0,0,0,0,0,0,0,0,0,0,0,0,0,0,0,0,0,0,0,0,0,0,0,0,0,0,0,0,0,0,0,0,0,0,0,0,0,,,,,,37.016075,137.891052
945,すずき医院,9410052,糸魚川市,南押上3-4-37,025-553-1750,平成12年9月27日,鈴木 修一郎,鈴木 修一郎,1,0,0,1,0,0,0,0,0,0,0,0,0,0,0,1,0,0,0,0,0,0,1,0,0,0,0,0,0,0,0,0,0,0,0,0,0,0,0,,,,,,37.044827,137.880096
946,梅田クリニック,9410056,糸魚川市,一の宮1-1-39,025-550-6123,平成13年6月11日,梅田 慶一,梅田 慶一,1,0,0,0,0,0,0,0,1,0,0,0,0,0,0,0,0,0,0,0,0,1,0,0,0,0,0,0,0,0,0,0,0,0,0,0,0,0,0,,,,,,37.040314,137.862961
947,能生国民健康保険診療所,949-1331,糸魚川市,大沢401-2,025-566-2712,平成17年3月19日,糸魚川市,鬼頭 知宏,1,0,0,0,0,0,0,0,0,0,0,0,0,0,0,1,0,0,0,0,0,0,0,0,0,0,0,0,0,0,0,0,0,0,0,0,0,0,0,,,,,,37.081245,138.028122
948,特別養護老人ホーム　おおさわの里診療所,949-1331,糸魚川市,大沢313-1,025-566-5333,平成5年4月1日,社会福祉法人 能生名立福祉会,鬼頭 知宏,1,0,0,0,0,0,0,0,0,0,0,0,0,0,0,0,0,0,0,0,0,0,0,0,0,0,0,0,0,0,0,0,0,0,0,0,0,0,0,,,,,,37.081245,138.028122
949,医療法人社団 真部外科医院,949-1352,糸魚川市,能生6905,025-566-2028,平成8年4月1日,医療法人社団 真部外科医院,真部 一彦,1,0,0,1,0,0,0,0,0,0,0,0,0,0,0,1,0,0,0,0,0,0,0,0,0,0,0,0,0,0,0,0,0,0,0,0,0,0,0,,,,,,37.103935,137.989746
950,医療法人社団 山本医院,949-0304,糸魚川市,寺地232-1,025-562-2456,昭和62年1月1日,医療法人社団 山本医院,山本 習子,1,0,0,0,0,0,0,0,0,0,0,0,1,0,0,0,0,0,0,0,0,0,0,0,0,0,0,0,0,0,0,0,0,0,0,0,0,0,0,,,,,,37.025150,137.800171
951,デンカ株式会社　青海工場医務室,949-0305,糸魚川市,青海2209,025-562-6607,平成30年10月29日,デンカ株式会社,鈴木 修一郎,1,0,0,0,0,0,0,0,0,0,0,0,0,0,0,1,0,0,0,0,0,0,0,0,0,0,0,0,0,0,0,0,0,0,0,0,0,0,0,,,,,,37.001633,137.782898
952,特別養護老人ホーム　ふくがくちの里診療所,949-0304,糸魚川市,寺地3074,025-562-1260,平成8年4月10日,社会福祉法人 ひすい福祉会,樋口　清博,1,0,0,0,0,0,0,0,0,0,0,0,0,0,0,1,0,0,0,0,0,0,0,0,0,0,0,0,0,0,0,0,0,0,0,0,0,0,0,,,,,,37.020161,137.807877
953,医療法人高田西城会　糸魚川診療所,941-0057,糸魚川市,南寺町1丁目1番6号,025-552-0768,平成18年4月1日,医療法人 高田西城会,金子　晃一,0,0,0,0,0,0,0,0,0,0,0,0,0,1,0,0,0,0,0,0,0,0,0,0,0,0,0,0,0,0,0,0,0,0,0,0,0,0,0,,,,,,37.044090,137.865356
954,医療法人社団 ひめかわひめかわ美野クリニック,941-0057,糸魚川市,南寺町2丁目10番30号,025-552-9946,平成21年3月25日,医療法人社団 ひめかわ,美野 善紀,1,0,0,0,0,0,0,0,0,0,0,0,0,0,0,0,0,0,0,0,0,0,0,1,0,0,0,0,0,0,0,0,0,1,0,0,0,0,0,,,,,,37.041901,137.867722
955,さいとう内科クリニック,941-0064,糸魚川市,上刈4-8-5,025-553-1844,平成20年12月15日,斉藤 隆生,斉藤 隆生,1,0,0,0,0,0,0,0,0,0,0,0,0,0,0,0,0,0,0,0,0,0,0,0,0,0,0,0,0,0,0,0,0,0,0,0,0,0,0,,,,,,37.034447,137.856995
956,瀬尾記念 谷ハートクリニック,941-0061,糸魚川市,大町2-6-8,025-555-7320,平成22年11月3日,谷 昌尚,谷 昌尚,1,0,1,0,0,0,0,0,0,0,0,0,0,0,0,0,0,0,0,0,0,0,0,0,0,0,0,0,0,0,0,0,0,0,0,0,0,0,0,,,,,,37.045422,137.861633
957,わかば内科クリニック,941-0047,糸魚川市,平牛2124,025-555-7878,令和4年11月1日,医療法人社団　わかば内科クリニック,野々目　和信,1,0,0,1,0,0,0,0,0,0,0,0,0,0,0,0,0,0,0,0,0,0,0,0,0,0,0,0,0,0,0,0,0,0,0,0,0,0,0,,,,,,37.034317,137.883560
958,医療法人社団 恵祐会　糸魚川こどもクリニック,941-0052,糸魚川市,南押上1-16-3,025-556-6255,令和2年5月1日,医療法人社団 恵祐会,渡辺　祐紀,0,0,0,0,0,0,0,0,0,0,0,0,1,0,0,0,0,0,0,0,0,0,0,0,0,0,0,0,0,0,0,0,0,0,0,0,0,0,0,,,,,,37.044804,137.877533
959,糸魚川市巡回診療所,941-0056,糸魚川市,一の宮1-2-5,025-552-1511,平成17年3月19日,(糸魚川市),巡回診療所,1,0,0,0,0,0,0,0,0,0,0,0,1,0,0,0,0,0,0,0,0,0,0,0,1,0,0,0,0,0,1,0,0,0,0,0,0,0,0,,,,,○,37.038910,137.862366
960,アグリホームクリニックいといがわ,941-0068,糸魚川市,本町12-31,025-555-7776,平成31年4月1日,医療法人　AGRIE,堀　宏之,1,0,0,0,0,0,0,0,0,0,0,0,0,1,0,1,0,0,0,0,0,0,0,0,0,0,0,0,0,0,0,0,0,0,0,0,0,0,0,,,,,,38.018604,138.368011
961,至誠会クリニック,949-0304,糸魚川市,寺地3018,025-562-5778,令和1年10月1日,医療法人社団　尽誠会,大島　徹,1,0,0,0,0,0,0,0,0,0,0,0,0,0,0,0,0,0,0,0,0,0,0,0,0,0,0,0,0,0,0,0,0,0,0,0,0,0,0,,,,,,37.994423,138.392746
962,りょうつ眼科医院,952-0011,佐渡市,両津夷3-1 夷本町ﾊｷﾞﾀﾋﾞﾙ1F,0259-23-5275,平成7年1月6日,亀山　英之介,亀山　英之介,0,0,0,0,0,0,0,0,0,0,0,0,0,0,0,0,0,0,0,0,0,0,0,0,0,0,0,1,0,0,0,0,0,0,0,0,0,0,0,,,0,,,38.083961,138.434326
963,三國医院,952-0014,佐渡市,両津湊343-4,0259-27-2489,平成7年4月1日,（医）三國医院,三國　榮,1,0,0,1,0,0,0,0,0,0,0,0,0,0,0,0,0,0,0,0,0,0,0,0,0,0,0,0,0,0,0,0,0,0,0,0,0,0,0,,,0,,,38.075001,138.442841
964,新潟県佐渡保健所,952-1555,佐渡市,相川二町目浜町20-1,0259-74-3403,昭和51年9月16日,新潟県,山﨑　理,0,0,0,0,0,0,0,0,0,0,0,0,0,0,0,0,0,0,0,0,0,0,0,0,0,0,0,0,0,0,0,0,0,0,0,0,0,0,0,,,0,,,38.030594,138.240646
965,高千診療所,952-2222,佐渡市,北川内1051,0259-77-2022,平成13年4月2日,徳永　慎吾,徳永　慎吾,1,0,0,0,0,0,0,0,0,0,0,0,1,0,0,0,0,0,0,0,0,0,0,0,0,0,0,0,0,0,0,0,0,0,0,0,0,0,0,,,0,,,38.168308,138.322098
966,大浦の里診療所,952-1646,佐渡市,相川大浦533-2,0259-74-0108,平成7年7月1日,（社福）大佐渡福祉会,福岡　淳一,1,0,0,0,0,0,0,0,0,0,0,0,0,0,0,0,0,0,0,0,0,0,0,0,0,0,0,0,0,0,0,0,0,0,0,0,0,0,0,,,0,,,38.015629,138.226959
967,近藤内科胃腸科,952-1307,佐渡市,東大通876,0259-57-3515,平成10年4月1日,（医）近藤内科胃腸科,近藤　浩二,1,0,0,1,0,0,0,0,0,0,0,0,1,0,0,0,0,0,0,0,0,0,0,0,0,0,0,0,0,0,0,0,0,0,0,0,0,0,0,,,0,,,38.005299,138.332123
968,やはたの里・はまなすの家診療所,952-1311,佐渡市,八幡340,0259-51-1200,平成11年4月1日,（社福）佐渡国仲福祉会,菊池　史郎,1,0,0,0,0,0,0,0,0,0,0,0,0,0,0,0,0,0,0,0,0,0,0,0,0,0,0,0,0,0,0,0,0,0,0,0,0,0,0,,,0,,,37.990631,138.339218
969,浅島医院,952-1209,佐渡市,千種丙218-7,0259-63-2908,平成1年10月1日,浅島　裕雄,浅島　裕雄,0,0,0,0,0,0,0,0,1,0,0,0,0,0,0,0,0,0,0,0,0,0,0,0,0,0,0,0,0,0,0,0,0,0,0,0,0,0,0,,,0,,,38.025471,138.366089
970,田尻内科医院,952-1211,佐渡市,中興1115-1,0259-63-6500,平成12年12月1日,(医)田尻内科医院,田尻　正記,1,0,0,0,0,0,0,0,0,0,0,0,0,0,0,0,0,0,0,0,0,0,0,0,0,0,0,0,0,0,0,0,0,0,0,0,0,0,0,,,0,,,38.013237,138.356491
971,障害者支援施設 岩の平園診療所,952-0108,佐渡市,上新穂1256,0259-22-3880,昭和62年7月2日,（社福）佐渡福祉会,田中　泰樹,1,0,0,0,0,0,0,0,0,0,0,0,0,0,0,0,0,0,0,0,0,0,0,0,0,0,0,0,0,0,0,0,0,0,0,0,0,0,0,,,0,,,37.994034,138.475784
972,障害者支援施設 第二岩の平園診療所,952-0108,佐渡市,上新穂1256,0259-22-4165,平成6年7月1日,（社福）佐渡福祉会,田中　泰樹,1,0,0,0,0,0,0,0,0,0,0,0,0,0,0,0,0,0,0,0,0,0,0,0,0,0,0,0,0,0,0,0,0,0,0,0,0,0,0,,,0,,,37.994034,138.475784
973,医療法人社団　大崎医院,952-0206,佐渡市,畑野754,0259-66-2467,平成17年5月1日,（医）大崎医院,大崎　直樹,1,1,0,1,0,0,0,0,0,0,0,0,0,0,0,0,0,0,0,0,0,0,0,0,0,0,0,0,0,0,0,0,0,0,0,0,0,0,0,,,0,,,37.988770,138.398575
974,特別養護老人ホーム真野の里診療所,952-0318,佐渡市,真野新町624番地2,0259-55-4015,昭和61年4月1日,（社福）佐渡寿福祉会,真木山　八城,1,0,0,0,0,0,0,0,0,0,0,0,0,0,0,0,0,0,0,0,0,0,0,0,0,0,0,0,0,0,0,0,0,0,0,0,0,0,0,,,0,,,37.964691,138.348358
975,まきやま内科クリニック,952-0305,佐渡市,長石192番地5,0259-55-3110,平成30年4月1日,（医）まきやま内科クリニック,真木山　八城,1,0,1,0,0,0,0,0,0,0,0,0,0,0,0,0,0,0,0,0,0,0,0,0,0,0,0,0,0,0,0,0,0,0,0,0,0,0,0,,,0,,,37.973122,138.346802
976,特別養護老人ホーム「はもちの里」診療所（医務室）,952-0504,佐渡市,羽茂本郷25,0259-88-3811,平成4年4月1日,（社福）小佐渡福祉会,生沼　武男,1,0,0,0,0,0,0,0,0,0,0,0,0,0,0,0,0,0,0,0,0,0,0,0,0,0,0,0,0,0,0,0,0,0,0,0,0,0,0,,,0,,,37.858578,138.351639
977,佐渡市巡回診療所,952-1209,佐渡市,千種232,0259-63-3115,平成16年3月1日,佐渡市,(巡回診療所),0,0,0,0,0,0,0,0,0,0,0,0,0,0,0,0,0,0,0,0,0,0,0,0,0,0,0,0,0,0,0,0,0,0,0,0,0,0,0,,,0,,,38.017376,138.368988
978,佐渡市松ヶ崎診療所,952-0822,佐渡市,多田262-10,0259-67-2002,平成16年3月1日,佐渡市,佐々木　良文,1,0,0,0,0,0,0,0,0,0,0,0,0,0,0,0,0,0,0,0,0,0,0,0,0,0,0,0,0,0,0,0,0,0,0,0,0,0,0,,,0,,,37.911297,138.478210
979,佐渡市赤泊診療所,952-0711,佐渡市,赤泊2206番地3,0259-87-2033,平成16年3月1日,佐渡市,佐々木　良文,1,1,0,0,0,0,0,0,0,0,0,0,0,0,0,0,0,0,0,0,0,0,0,0,0,0,0,0,0,0,0,0,0,0,0,0,0,0,0,,,0,歯科、小児歯科,○,37.878563,138.390518
980,佐渡市養護老人ホーム待鶴荘医務室,952-0202,佐渡市,栗野江1826,0259-66-2018,平成16年3月1日,佐渡市,大崎　直樹,1,0,0,0,0,0,0,0,0,0,0,0,0,0,0,0,0,0,0,0,0,0,0,0,0,0,0,0,0,0,0,0,0,0,0,0,0,0,0,,,0,,,37.998383,138.403641
981,佐渡市軽費老人ホームときわ荘医務室,952-0202,佐渡市,栗野江1822,0259-66-3830,平成16年3月1日,佐渡市,大崎　直樹,1,0,0,0,0,0,0,0,0,0,0,0,0,0,0,0,0,0,0,0,0,0,0,0,0,0,0,0,0,0,0,0,0,0,0,0,0,0,0,,,0,,,37.998383,138.403641
982,さかた整形外科医院,952-1212,佐渡市,泉1350,0259-61-1555,平成17年3月1日,阪田　重雄,阪田　重雄,0,0,0,0,0,0,0,0,0,0,0,0,0,0,0,0,0,0,0,0,0,0,0,0,1,0,0,0,0,0,0,0,0,1,0,0,0,0,0,,,0,,,38.061474,138.330963
983,特別養護老人ホーム　スマイル赤泊医務室,952-0706,佐渡市,徳和6207-2,0259-81-5750,平成17年10月1日,（社福）佐渡前浜福祉会,佐々木　良文,1,0,0,0,0,0,0,0,0,0,0,0,0,0,0,0,0,0,0,0,0,0,0,0,0,0,0,0,0,0,0,0,0,0,0,0,0,0,0,,,0,,,37.886597,138.411850
984,本田クリニック,952-1307,佐渡市,東大通1232-1,0259-52-0505,平成17年10月11日,本田　康征,本田　康征,1,0,1,0,0,0,0,0,0,0,0,0,0,0,0,0,0,0,0,0,0,0,0,0,0,0,0,0,0,0,0,0,0,0,0,0,0,0,0,,,0,,,38.003716,138.330978
985,汐彩クリニック,952-1325,佐渡市,窪田20番地1,0259-57-4031,平成18年5月17日,森本　芳典,森本　芳典,0,0,0,0,0,0,0,0,0,0,0,0,0,1,1,0,0,0,0,0,0,0,0,0,0,0,0,0,0,0,0,0,0,0,0,0,0,0,0,,,0,神経科,,38.009789,138.302383
986,特別養護老人ホーム「新穂愛宕の里」医務室,952-0106,佐渡市,新穂瓜生屋339番地2,0259-24-6430,平成20年4月1日,（社福）愛宕福祉会,田中　泰樹,1,0,0,0,0,0,0,0,0,0,0,0,0,0,0,0,0,0,0,0,0,0,0,0,0,0,0,0,0,0,0,0,0,0,0,0,0,0,0,,,0,,,38.013241,138.445450
987,一般社団法人新潟県労働衛生医学協会附属　佐渡検査ｾﾝﾀｰ,952-0313,佐渡市,真野536,0259-55-3175,平成21年4月1日,（一社）新潟県労働衛生医学協会,筒井　光廣,1,0,0,0,0,0,0,0,0,0,0,0,0,0,0,0,0,0,0,0,0,0,0,0,0,0,0,0,0,0,0,0,1,0,0,0,0,0,0,,,0,,,37.946426,138.363602
988,山井眼科クリニック,952-1322,佐渡市,石田96,0259-52-3105,平成23年4月1日,山井　聡,山井　聡,0,0,0,0,0,0,0,0,0,0,0,0,0,0,0,0,0,0,0,0,0,0,0,0,0,0,0,1,0,0,0,0,0,0,0,0,0,0,0,,,0,,,38.010693,138.322983
989,巣立っ子（たちっこ）診療所,952-0821,佐渡市,松ヶ崎918-5,0259-67-2239,平成23年4月1日,黛　正,黛　正,0,0,0,0,0,0,0,0,0,0,0,0,1,0,0,0,0,0,0,0,0,0,0,0,1,0,0,0,0,0,0,0,0,1,0,0,0,0,0,,,0,,,37.920456,138.483154
990,医療法人社団　たなか内科医院,952-0114,佐渡市,下新穂83番地2,0259-22-2056,平成27年5月1日,（医社）たなか内科医院,田中　泰樹,1,0,0,1,0,0,0,0,0,0,0,0,0,0,0,0,0,0,0,0,0,0,0,0,0,0,0,0,0,0,0,0,0,0,0,0,0,0,0,,,0,,,38.016228,138.395813
991,地域密着型特別養護老人ホーム　金泉ふれあいの杜医務室,952-2133,佐渡市,北狄1500-2,0259-61-3300,平成27年5月13日,（社福）佐渡ふれあい福祉会,福岡　淳一,1,0,0,0,0,0,0,0,0,0,0,0,0,0,0,0,0,0,0,0,0,0,0,0,0,0,0,0,0,0,0,0,0,0,0,0,0,0,0,,,0,,,38.087135,138.277603
992,ケアセンターうしろやま医務室,952-0212,佐渡市,宮川1062番地,0259-67-7812,平成27年5月18日,（社福）よつば福祉会,大崎　直樹,1,0,0,0,0,0,0,0,0,0,0,0,0,0,0,0,0,0,0,0,0,0,0,0,0,0,0,0,0,0,0,0,0,0,0,0,0,0,0,,,0,,,37.987499,138.380432
993,岩田内科医院,952-0504,佐渡市,羽茂本郷556-1,0259-88-2105,平成27年12月28日,岩田　文英,岩田　文英,1,0,0,0,0,0,0,0,0,0,0,0,0,0,0,0,0,0,0,0,0,0,0,0,0,0,0,0,0,0,0,0,0,0,0,0,0,0,0,,,0,,,37.858578,138.351639
994,さど眼科,952-1209,佐渡市,千種113番地13,0259-58-9095,令和4年9月1日,（医）eye-land,酒井　康弘,0,0,0,0,0,0,0,0,0,0,0,0,0,0,0,0,0,0,0,0,0,0,0,0,0,0,0,1,0,0,0,0,0,0,0,0,0,0,0,,,0,,,38.019478,138.364899
995,南佐渡地域医療センター,952-0504,佐渡市,羽茂本郷22,0259-88-3121,令和2年4月1日,新潟県厚生農業協同組合連合会,生沼　武男,1,0,0,0,0,1,0,0,1,0,0,0,1,1,0,1,0,0,0,0,0,1,0,0,1,0,0,0,1,0,0,0,0,0,0,0,0,0,0,,,0,,,37.858578,138.351639
996,佐渡市小木診療所,952-0604,佐渡市,小木町1949番地4,0259-81-4500,令和2年4月15日,佐渡市,野沢　有ニ,1,0,0,0,0,0,0,0,0,0,0,0,0,0,0,0,0,0,0,0,0,0,0,0,1,0,0,0,0,0,0,0,0,0,0,0,0,0,0,,,0,,,37.819813,138.269623
997,佐渡市立相川診療所,952-1531,佐渡市,相川広間町7番地,0259-74-3121,令和4年4月1日,佐渡市,福岡　淳一,1,0,0,0,0,0,0,0,0,0,0,0,0,0,0,0,0,0,0,0,0,0,0,0,1,0,0,0,0,0,0,0,0,0,0,0,0,0,0,,19,19,,,38.035870,138.241211
998,さどクリニック,952-1315,佐渡市,河原田諏訪町207-1,0259-67-7719,令和5年5月16日,菊池　史郎,菊池　史郎,1,0,0,1,0,0,0,0,0,0,0,0,0,0,0,1,0,0,0,0,0,0,0,0,0,0,0,0,0,0,0,0,0,0,0,0,0,0,0,,,0,,,37.922520,139.043152
999,特別養護老人ホーム朱鷺いろの杜　梅津　医務室,952-0005,佐渡市,梅津2317番地1,0259-58-7103,令和6年9月1日,（社福）勇樹会,岩谷　淳,1,0,0,0,0,0,0,0,0,0,0,0,0,0,0,0,0,0,0,0,0,0,0,0,0,0,0,0,0,0,0,0,0,0,0,0,0,0,0,,,0,,,37.922520,139.043152
1000,ＡＲＴクリニック白山,951-8131,新潟市　中央区,白山浦2丁目20番1号,025-378-3065,令和1年7月1日,医療法人社団千修会,荒川　修,0,0,0,0,0,0,0,0,0,0,0,0,0,0,0,0,0,0,0,0,0,0,0,0,0,0,0,0,0,0,1,0,0,0,0,0,0,0,0,0,0,0,,,37.936180,139.107559
1001,ＣＬＩＮＩＣ Ｒ 西堀,951-8062,新潟市　中央区,西堀前通3番町719番地1 ,025-226-4649,令和4年10月4日,渡邉 玲子,渡邉　玲子,0,0,0,0,0,0,0,0,0,0,0,0,0,0,0,0,0,0,0,0,0,0,0,0,0,1,0,0,0,0,0,0,0,0,0,0,0,0,0,0,0,0,美容皮膚科,,37.902359,139.118713
1002,ｅ－メディカル整形外科,950-0861,新潟市　東区,中山6丁目3番35号,025-271-1284,平成16年9月1日,医療法人社団ｅ－メディカル,関　敬弘,0,0,0,0,0,0,0,0,0,0,1,0,0,0,0,0,0,0,0,0,0,0,0,0,1,0,0,0,0,0,0,0,0,1,0,0,0,0,0,0,0,0,,,37.912334,139.081238
1003,ＨＡＬクリニック,950-0861,新潟市　東区,中山6丁目13番43号,025-272-1515,平成22年4月1日,渡辺　弘,渡辺　弘,1,0,0,0,0,0,0,0,0,0,0,0,0,0,0,0,0,1,0,0,0,0,0,0,0,0,0,0,0,0,0,0,0,0,0,0,0,0,0,0,0,0,心臓血管外科,,37.775112,139.050873
1004,ＪＦＥ精密株式会社　診療所,950-0063,新潟市　東区,鴎島町6番5号,025-270-7262,令和3年10月8日,ＪＦＥ精密株式会社,中平　浩人,1,0,0,0,0,0,0,0,0,0,0,0,0,0,0,1,0,0,0,0,0,0,0,0,0,0,0,0,0,0,0,0,0,0,0,0,0,0,0,0,0,0,,,37.788528,139.114609
1005,ＫＯＹＡＮＡＧＩ真柄ＣＬＩＮＩＣ,950-1407,新潟市　南区,鷲ﾉ木新田5724-1,025-377-2011,平成24年8月1日,医療法人社団小柳真柄医院,小柳　亮,1,1,1,0,0,0,0,0,0,0,0,0,0,0,0,0,0,0,0,0,0,0,0,0,0,0,0,0,0,0,0,0,0,0,0,0,0,0,0,0,0,0,,,37.922520,139.043152
1006,アグリホームクリニックにいがた,956-0864,新潟市　秋葉区,新津本町1丁目2-30 ,0250-47-3307,令和4年6月1日,医療法人ＡＧＲＩＥ,堀　正樹,1,0,0,0,0,0,0,0,0,0,0,0,0,1,0,1,0,0,0,0,0,0,0,0,0,0,0,0,0,0,0,0,0,0,0,0,0,0,0,0,0,0,,,37.901592,139.020996
1007,ＲＩＫＡ皮膚科・形成外科クリニック,950-0945,新潟市　中央区,女池上山2丁目8番28号,025-290-7880,平成29年5月1日,医療法人　LA　PERLE,齋藤　利香,0,0,0,0,0,0,0,0,1,1,0,0,0,0,0,0,0,0,0,0,0,0,0,0,0,1,0,0,0,0,0,0,0,0,0,0,0,0,0,0,0,0,美容皮膚科,,37.892078,139.028885
1008,TCB 東京中央美容外科・TCB　スキンクリニック　新潟院,950-0086,新潟市　中央区,花園1丁目2番2号 ｺｰﾌﾟｼﾃｨ花園ｶﾞﾚｯｿ2階,0120-569-414,令和4年11月1日,医療法人社団メディカルフロンティア,串田　大治,0,0,0,0,0,0,0,0,1,0,0,0,0,0,0,0,0,0,0,0,0,0,0,0,0,1,1,0,0,0,0,0,0,0,0,0,0,0,0,0,0,0,美容皮膚科,,37.913258,139.061905
1009,ＴＯＭＯ内科ＣＬＩＮＩＣ,951-8104,新潟市　中央区,西大畑町601番地41寄居ﾏﾝｼｮﾝ301号室,070-5016-0778,平成23年7月13日,八木　寛朝,八木　寛朝,1,0,0,0,0,0,0,0,0,0,0,0,0,0,0,0,0,0,0,0,0,0,0,0,0,0,0,0,0,0,0,0,0,0,0,0,0,0,0,0,0,0,漢方内科,,37.803864,139.134308
1010,あおぞら眼科,950-0945,新潟市　中央区,女池上山2丁目14番地22号 ,025-283-1010,令和2年6月19日,青栁　摩弥,青栁　摩弥,0,0,0,0,0,0,0,0,0,0,0,0,0,0,0,0,0,0,0,0,0,0,0,0,0,0,0,1,0,0,0,0,0,0,0,0,0,0,0,0,0,0,小児眼科,,37.788528,139.114609
1011,あおぞら新津整形外科,956-0035,新潟市　秋葉区,程島1878-2,0250-21-2227,平成20年10月1日,廣橋　達夫,廣橋　達夫,0,0,0,0,0,0,0,0,0,0,1,0,0,0,0,0,0,0,0,0,0,0,0,0,1,0,0,0,0,0,0,0,0,1,0,0,0,0,0,0,0,0,,,37.784267,139.101334
1012,あがうら診療所,956-0814,新潟市　秋葉区,東金沢1459番地5,0250-22-4877,平成25年9月1日,社会福祉法人かえつ福祉会,吉澤　純子,1,0,0,0,0,0,0,0,0,0,0,0,0,0,0,0,0,0,0,0,0,0,0,0,0,0,0,0,0,0,0,0,0,0,0,0,0,0,0,0,0,0,,,37.933327,139.075165
1013,あきはクリニック,956-0031,新潟市　秋葉区,新津5149番地11 ,0250-47-8727,令和2年4月17日,医療法人社団　五惠会,坪井　清孝,1,0,0,0,0,0,0,0,0,0,0,0,0,0,0,0,0,0,1,0,1,0,1,0,0,0,0,0,0,0,0,0,0,0,0,0,0,0,0,0,0,0,,,37.846748,138.913452
1014,あきば眼科クリニック,950-0054,新潟市　東区,秋葉1丁目6番46号,025-256-7010,平成22年2月19日,臼井　知聡,臼井　知聡,0,0,0,0,0,0,0,0,0,0,0,0,0,0,0,0,0,0,0,0,0,0,0,0,0,0,0,1,0,0,0,0,0,0,0,0,0,0,0,0,0,0,,,37.922520,139.043152
1015,あさがおクリニック,950-2042,新潟市　西区,坂井952-3 ,025-260-2222,令和4年4月1日,丸山　佳重,丸山　佳重,1,1,0,0,0,0,0,0,0,0,1,0,0,0,0,0,0,0,0,0,0,0,0,0,0,0,0,0,0,0,0,0,0,0,0,0,0,0,0,0,0,0,,,37.922520,139.043152
1016,あじさい耳鼻科・アレルギー科クリニック,950-0082,新潟市　中央区,東万代町9番38号,025-240-3500,令和1年5月7日,髙橋　淑子,髙橋　淑子,0,0,0,0,0,0,0,0,0,1,0,0,0,0,0,0,0,0,0,0,0,0,0,0,0,0,0,0,1,0,0,0,0,0,0,0,0,0,0,0,0,0,,,37.917324,139.062622
1017,あずみクリニック,950-0951,新潟市　中央区,鳥屋野2丁目5番23号 ,025-288-1211,令和4年4月6日,医療法人社団　信生会　,安住　基,1,0,0,1,0,0,0,0,0,0,0,0,0,0,0,0,0,0,0,0,0,0,0,0,0,0,0,0,0,0,0,0,0,0,0,0,0,0,0,0,0,0,,,37.928699,139.203247
1018,あべ内科クリニック,950-0942,新潟市　中央区,小張木2丁目13番30号,025-283-4766,平成25年11月1日,医療法人社団阿部医院,阿部　晃,1,0,1,0,0,0,1,0,0,0,0,0,0,0,0,0,0,0,0,0,0,0,0,0,0,0,0,0,0,0,0,0,0,0,0,0,0,0,0,0,0,0,代謝内科,,37.942551,139.089264
1019,あらい眼科,950-3321,新潟市　北区,葛塚4371,025-388-7701,平成25年5月1日,医療法人社団　仁悠会　,荒井　紳一,0,0,0,0,0,0,0,0,0,0,0,0,0,0,0,0,0,0,0,0,0,0,0,0,0,0,0,1,0,0,0,0,0,0,0,0,0,0,0,0,0,0,,,37.922520,139.043152
1020,いがらし内科医院,950-0053,新潟市　東区,宝町1番12号,025-274-2001,平成4年4月19日,五十嵐　英夫,五十嵐　英夫,1,1,0,1,0,0,0,0,0,1,0,0,0,0,0,0,0,0,0,0,0,0,0,0,0,0,0,0,0,0,0,0,0,0,0,0,0,0,0,0,0,0,"呼吸器科,胃腸科",,37.913540,139.221603
1021,いしおか耳鼻咽喉科クリニック,950-0905,新潟市　中央区,天神尾1丁目16番9号,025-240-3050,令和5年6月1日,医療法人社団　白雪会,石岡　孝二郎,0,0,0,0,0,0,0,0,0,1,0,0,0,0,0,0,0,0,0,0,0,0,0,0,0,0,0,0,1,0,0,0,0,0,0,0,0,0,0,0,0,0,,,37.913540,139.221603
1022,いしざか整形外科クリニック,950-3322,新潟市　北区,嘉山2196番地2 ,025-388-1154,令和2年11月21日,医療法人社団　いしざか整形外科クリニック,石坂　眞樹,0,0,0,0,0,0,0,0,0,0,0,0,0,0,0,0,0,0,0,0,0,0,0,0,1,0,0,0,0,0,0,0,0,1,0,0,0,0,0,0,0,0,,,37.874226,138.971970
1023,いぬかい耳鼻科クリニック,950-3327,新潟市　北区,石動1丁目16番8号,025-384-3311,平成24年4月1日,医療法人社団いぬかい耳鼻科クリニック,犬飼　賢也,0,0,0,0,0,0,0,0,0,1,0,0,0,0,0,0,0,0,0,0,0,0,0,0,0,0,0,0,1,0,0,0,0,0,0,0,0,0,0,0,0,0,,,37.867638,139.094009
1024,医療法人社団映仁会新潟青山アイクリニック,950-2002,新潟市　西区,青山2丁目5番1号ｲｵﾝ新潟青山店2F,025-210-5525,平成31年4月1日,医療法人社団映仁会,川野　敏夫,0,0,0,0,0,0,0,0,0,0,0,0,0,0,0,0,0,0,0,0,0,0,0,0,0,0,0,1,0,0,0,0,0,0,0,0,0,0,0,0,0,0,,,37.922520,139.043152
1025,医療法人社団広域白報会　　かめだ在宅診療所,950-0127,新潟市　江南区,諏訪1丁目2番7号,025-250-6501,令和2年3月16日,医療法人社団　広域白報会,窪田　健児,1,0,0,0,0,0,0,0,1,0,0,0,0,1,0,0,0,0,0,0,0,0,0,0,0,0,0,0,0,0,0,0,0,0,0,0,0,0,0,0,0,0,,,37.760490,138.889282
1026,医療法人社団上伸会東京上野クリニック新潟医院,950-0086,新潟市　中央区,花園1丁目3番2号 IMAﾋﾞﾙⅡ6階,025-241-4000,平成30年11月23日,医療法人社団上伸会,河村　悦宏,0,0,0,0,0,0,0,0,1,0,0,0,0,0,0,0,0,0,0,0,0,1,0,0,0,1,0,0,0,0,0,0,0,0,0,0,0,0,0,0,0,0,性感染症内科,,37.839237,139.062088
1027,いわむろ透析クリニック,953-0103,新潟市　西蒲区,橋本1013番地1,0256-82-0035,平成26年7月14日,一般社団法人新潟県労働衛生医学協会,上村　旭,0,0,0,0,1,0,0,0,0,0,0,0,0,0,0,0,0,0,0,0,0,0,0,0,0,0,0,0,0,0,0,0,0,0,0,0,0,0,0,0,0,0,人工透析内科（腎臓内科）,,37.788528,139.114609
1028,うえの内科・外科クリニック,950-1141,新潟市　江南区,鐘木579番地2,025-280-0808,平成16年12月1日,上野　光夫,上野　光夫,1,1,1,1,0,0,0,0,0,1,0,0,0,0,0,1,0,0,0,0,0,0,0,0,0,0,0,0,0,0,0,0,0,0,1,0,0,0,0,0,0,0,血管外科,,37.924778,139.092606
1029,うさみ内科クリニック,956-0023,新潟市　秋葉区,美幸町2丁目3番20号,0250-24-8776,平成17年10月1日,医療法人社団うさみ内科クリニック,宇佐美　明男,1,0,0,0,0,0,0,0,0,0,0,0,0,0,0,0,0,0,0,0,0,0,0,0,0,0,0,0,0,0,0,0,0,0,0,0,0,0,0,0,0,0,,,37.883404,139.078735
1030,えきまえクリニック内科はやし医院,950-0824,新潟市　東区,中島2丁目1番46号,025-277-7890,平成17年4月1日,医療法人社団恒心会,林　浩司,1,1,1,1,0,1,0,0,0,1,0,0,0,0,0,0,0,0,0,0,0,0,0,0,0,0,0,0,0,0,0,0,0,0,0,0,0,0,0,0,0,0,"呼吸器科、循環器科,消化器科",,37.925709,139.041519
1031,ＥＭＭＡ　ＣＬＩＮＩＣ,950-0088,新潟市　中央区,万代1丁目3-10 万代Jﾋﾞﾙﾃﾞｨﾝｸﾞ5階,025-240-5570,令和4年10月1日,医療法人　ＥＭＭＡ,深江　邦彦,0,0,0,0,0,0,0,0,0,0,0,0,0,0,0,0,0,0,0,0,0,0,0,0,0,0,1,0,0,0,0,0,0,0,0,0,0,0,0,0,0,0,,,37.915562,139.056366
1032,エミナルクリニック新潟院,950-0088,新潟市　中央区,万代1丁目1-26 万代ﾋﾞﾙ3F3階･4階,025-383-6859,令和6年2月1日,医療法人笑成会,平田　康三郎,0,0,0,0,0,0,0,0,1,0,0,0,0,0,0,0,0,0,0,0,0,0,0,0,0,0,0,0,0,0,0,0,0,0,0,0,0,0,0,0,0,0,美容皮膚科,,37.916782,139.057480
1033,エンゼルマザークリニック,950-0962,新潟市　中央区,出来島1丁目5番15号,025-281-1103,平成10年9月1日,医療法人社団幸羽会,大桃　幸夫,0,0,0,0,0,0,0,0,0,0,0,0,0,0,0,0,0,0,0,0,0,0,0,0,0,0,0,0,0,0,1,0,0,0,0,0,0,0,0,19,0,19,,,37.924778,139.092606
1034,近江わたなべクリニック,950-0971,新潟市　中央区,近江3丁目5番5号,025-250-7656,平成30年4月9日,渡辺　律雄,渡辺　律雄,1,0,1,0,0,0,0,0,0,0,0,0,0,0,0,0,0,0,0,0,0,0,0,0,0,0,0,0,0,0,0,0,0,0,0,0,0,0,0,0,0,0,,,37.760490,138.889282
1035,おおかわクリニック,950-0862,新潟市　東区,竹尾2丁目19番5号,025-270-1222,平成23年10月1日,医療法人社団おおかわクリニック,大川　彰,1,0,0,1,0,0,0,0,0,0,0,0,0,0,0,1,0,0,0,0,0,0,1,0,0,0,0,0,0,0,0,0,0,0,0,0,0,0,0,0,0,0,胃腸内科,,37.922520,139.043152
1036,おおくら耳鼻科,953-0041,新潟市　西蒲区,巻甲4650番地1,0256-73-1033,平成19年4月1日,医療法人社団大倉耳鼻咽喉科,大倉　隆弘,0,0,0,0,0,0,0,0,0,1,0,0,0,0,0,0,0,0,0,0,0,0,0,0,0,0,0,0,1,0,0,0,0,0,0,0,0,0,0,0,0,0,,,37.913540,139.221603
1037,おおつかこどもクリニック,950-0971,新潟市中央区,近江3丁目1番45号 ,025-283-0025,令和5年11月1日,医療法人　彩佑会,大塚　岳人,0,0,0,0,0,0,0,0,0,1,0,0,1,0,0,0,0,0,0,0,0,0,0,0,0,0,0,0,0,0,0,0,0,0,0,0,0,0,0,0,0,0,,,37.867638,139.094009
1038,おおつか内科クリニック,950-3306,新潟市　北区,内島見2514番地1,025-388-1313,平成17年4月27日,大塚　富雄,大塚　富雄,1,1,1,0,0,0,0,0,0,0,0,0,0,0,0,0,0,0,0,0,0,0,0,0,0,0,0,0,0,0,0,0,0,0,0,0,0,0,0,0,0,0,"循環器科,呼吸器科",,37.765800,139.019165
1039,おおむら内科クリニック,950-0151,新潟市　江南区,亀田四ﾂ興野2丁目6番27号,025-381-2121,平成8年2月1日,医療法人社団おおむら内科クリニック,根本　万里子,1,0,1,1,0,0,0,1,0,0,0,0,1,0,0,1,0,0,0,0,0,0,0,0,0,0,0,0,0,0,0,0,0,0,0,0,0,0,0,0,0,0,"消化器科,循環器科",,37.880913,139.080048
1040,おおや整形外科医院,950-1213,新潟市　南区,能登2丁目10番4号,025-373-5333,平成14年7月1日,大矢　淳史,大矢　淳史,0,0,0,0,0,0,0,0,0,0,0,0,0,0,0,0,0,0,0,0,0,0,0,0,1,0,0,0,0,0,0,0,0,1,0,0,0,0,0,0,0,0,,,37.922520,139.043152
1041,おがた医院,951-8154,新潟市　中央区,堀割町3番3号,025-266-4702,平成25年10月1日,小形　雅子,小形　雅子,0,0,0,0,0,0,0,0,1,0,0,0,0,0,0,1,0,0,0,0,0,0,0,0,1,0,0,0,0,0,0,0,0,0,0,1,0,0,0,0,0,0,,,37.874226,138.971970
1042,おかむら内科下町クリニック,951-8016,新潟市　中央区,田町1丁目3239-1,025-226-7712,令和1年10月1日,医療法人社団ＫＯＭ,岡村　和気,1,0,1,0,0,0,0,0,0,0,0,0,0,0,0,0,0,0,0,0,0,0,0,0,0,0,0,0,0,0,0,0,0,0,0,0,0,0,0,0,0,0,,,37.931789,139.052765
1043,おぐま整形外科クリニック,950-2023,新潟市　西区,小新5丁目8番9号,025-234-2014,平成28年6月1日,医療法人社団　おぐま整形外科クリニック,小熊　雄二郎,0,0,0,0,0,0,0,0,0,0,0,0,0,0,0,0,0,0,0,0,0,0,0,0,1,0,0,0,0,0,0,0,0,1,0,0,0,0,0,0,0,0,,,37.885746,139.048141
1044,おくむら整形外科医院,950-0916,新潟市　中央区,米山5丁目9番12号,025-248-8000,平成15年3月31日,医療法人社団おくむら整形外科,奥村　博,0,0,0,0,0,0,0,0,0,0,0,0,0,0,0,0,0,0,0,0,0,0,0,0,1,0,0,0,0,0,0,0,0,1,0,0,0,0,0,0,0,0,,,37.904579,139.056427
1045,桶谷耳鼻科クリニック,951-8063,新潟市　中央区,古町通10番町1711番地3,025-222-7826,平成23年9月1日,医療法人社団悠和会,本間　悠介,0,0,0,0,0,0,0,0,0,0,0,0,0,0,0,0,0,0,0,0,0,0,0,0,0,0,0,0,1,0,0,0,0,0,0,0,0,0,0,0,0,0,,,37.927635,139.046326
1046,おのクリニック,950-0911,新潟市　中央区,笹口3番21号,025-290-3131,平成24年10月1日,医療法人社団　脳外科・神経内科おのクリニック,小野　晃嗣,0,0,0,0,0,1,0,0,0,0,0,0,0,0,0,0,0,0,0,0,0,0,0,1,0,0,0,0,0,0,0,0,0,0,0,0,0,0,0,0,0,0,脳外科,,37.924778,139.092606
1047,おひさま・こどもクリニック,950-0945,新潟市　中央区,女池上山2丁目14番30号,025-290-0130,平成19年11月1日,冠木　直之,冠木　直之,0,0,0,0,0,0,0,0,0,1,0,0,1,0,0,0,0,0,0,0,0,0,0,0,0,0,0,0,0,0,0,0,0,0,0,0,0,0,0,0,0,0,,,37.788528,139.114609
1048,介護老人福祉施設つしまの郷医務室,950-0801,新潟市　東区,津島屋7丁目1番地1,025-279-3555,平成31年4月1日,社会福祉法人　彩のかけはし,水戸　將郎,1,0,0,0,0,0,0,0,0,0,0,0,0,0,0,0,0,0,0,0,0,0,0,0,0,0,0,0,0,0,0,0,0,0,0,0,0,0,0,0,0,0,,,37.874226,138.971970
1049,かえつクリニック,956-0836,新潟市　秋葉区,新津東町3丁目4番28号,0250-22-5888,令和1年9月1日,社会医療法人新潟勤労者医療協会,岡田　節朗,1,1,1,1,0,0,1,0,0,0,0,0,0,0,0,0,0,0,0,0,0,0,0,0,0,0,0,0,0,0,0,0,0,0,0,0,0,0,0,0,0,0,"胃腸内科,代謝内科",,37.867638,139.094009
1050,かつうみ皮膚科医院,950-2001,新潟市　西区,浦山3丁目3番4号,025-232-6555,平成10年5月11日,勝海　薫,勝海　薫,0,0,0,0,0,0,0,0,1,1,0,0,0,0,0,0,0,0,0,0,0,0,0,0,0,0,0,0,0,0,0,0,0,0,0,0,0,0,0,0,0,0,,,37.903759,139.002823
1051,かとう心療内科クリニック,950-0121,新潟市　江南区,亀田向陽1丁目3番35号,025-382-0810,平成19年10月1日,加藤　佳彦,加藤　佳彦,1,0,0,0,0,0,0,0,0,0,0,0,0,1,1,0,0,0,0,0,0,0,0,0,0,0,0,0,0,0,0,0,0,0,0,0,0,0,0,0,0,0,神経科,,37.890804,139.099838
1052,かない泌尿器科クリニック,950-1115,新潟市　西区,鳥原206-8,025-201-8002,平成22年8月10日,金井　利雄,金井　利雄,1,0,0,0,0,0,0,0,0,0,0,0,0,0,0,0,0,0,0,0,0,1,0,0,0,0,0,0,0,0,0,0,0,0,0,0,0,0,0,0,0,0,,,37.889229,139.022903
1053,かねこ耳鼻科,950-0012,新潟市　東区,有楽1丁目8番2号,025-279-3387,平成14年4月15日,金子　真奈美,金子　真奈美,0,0,0,0,0,0,0,0,0,0,0,0,0,0,0,0,0,0,0,0,0,0,0,0,0,0,0,0,1,0,0,0,0,0,0,0,0,0,0,0,0,0,,,37.867638,139.094009
1054,かみところ女性クリニック,950-0993,新潟市中央区,上所中1丁目12番14号,025-283-6611,令和6年3月5日,能仲　太郎,能仲　太郎,0,0,0,0,0,0,0,0,0,0,0,0,0,0,0,0,0,0,0,0,0,0,0,0,0,0,0,0,0,0,1,0,0,0,0,0,0,0,0,0,0,0,,,37.890743,138.970764
1055,かめだ泌尿器科クリニック,950-0121,新潟市　江南区,亀田向陽3丁目2番29号,025-385-8500,平成30年5月1日,医療法人社団新井医院,新井　啓,0,0,0,0,0,0,0,0,0,0,0,0,0,0,0,0,0,0,0,0,0,1,0,0,0,0,0,0,0,0,0,0,0,0,0,0,0,0,0,0,0,0,,,37.880913,139.080048
1056,カメリアクリニック,950-2074,新潟市　西区,真砂2丁目2番5号,025-311-5050,平成27年5月26日,五十嵐　幸絵,五十嵐　幸絵,0,0,0,0,0,0,0,0,0,0,0,0,1,1,1,0,0,0,0,0,0,0,0,0,0,0,0,0,0,0,0,0,0,0,0,0,0,0,0,0,0,0,,,37.922520,139.043152
1057,かわうちクリニック,950-0941,新潟市　中央区,女池6丁目1番5号,025-283-7800,平成13年4月6日,河内　卓,河内　卓,1,0,0,0,0,0,0,0,0,0,1,0,0,0,0,0,0,0,0,0,0,0,0,0,0,0,0,0,0,0,0,0,0,1,0,1,0,0,0,0,0,0,,,37.893719,139.045197
1058,かわさきこどもクリニック,950-0941,新潟市　中央区,女池4丁目19番10号,025-281-8700,平成18年4月1日,医療法人社団かわさきこどもクリニック,川﨑　琢也,0,0,0,0,0,0,0,0,0,1,0,0,1,0,0,0,0,0,0,0,0,0,0,0,0,0,0,0,0,0,0,0,0,0,0,0,0,0,0,0,0,0,,,37.895386,139.037430
1059,かわちクリニック,950-0086,新潟市　中央区,花園1丁目4番3号ｱﾊﾟｶﾞｰﾃﾞﾝﾌﾟﾚｲｽ新潟駅202号,025-248-1030,平成13年4月2日,河内　博子,河内　博子,0,0,0,0,0,0,0,0,0,0,0,0,0,1,1,0,0,0,0,0,0,0,0,0,0,0,0,0,0,0,0,0,0,0,0,0,0,0,0,0,0,0,"児童精神科,小児心療内科",,37.913380,139.062759
1060,きくち内科医院,950-0941,新潟市　中央区,女池4丁目19番2号,025-281-5611,平成17年10月11日,菊地　正俊,菊地　正俊,1,0,1,0,0,0,0,0,0,1,1,0,0,0,0,0,0,0,0,0,0,0,0,0,0,0,0,0,0,0,0,0,0,0,0,0,0,0,0,0,0,0,循環器科,,37.924778,139.092606
1061,きしもと医院,950-0953,新潟市　中央区,大島172番地65,025-290-0055,平成19年4月1日,医療法人社団きしもと医院,岸本　道美,1,1,0,0,0,0,0,0,0,1,0,0,0,0,0,0,0,0,0,0,0,0,0,0,0,0,0,0,0,0,0,0,0,0,0,0,0,0,0,0,0,0,,,37.896938,139.135223
1062,きど皮ふ科,950-0872,新潟市　東区,牡丹山1丁目5番12号10,025-273-4112,平成19年5月1日,医療法人きど皮ふ科,木戸　学,0,0,0,0,0,0,0,0,1,1,0,0,0,0,0,0,0,0,0,0,0,0,0,0,0,0,0,0,0,0,0,0,0,0,0,0,0,0,0,0,0,0,美容皮膚科,,37.916706,139.089371
1063,木村皮ふ科クリニック,950-0121,新潟市　江南区,亀田向陽3丁目15番18号,025-382-0888,令和5年3月7日,木村  浄土,木村　浄土,0,0,0,0,0,0,0,0,1,1,0,0,0,0,0,0,0,0,0,0,0,0,0,0,0,0,0,0,0,0,0,0,0,0,0,0,0,0,0,0,0,0,,,37.880943,139.108063
1064,きんとう整形外科クリニック,950-0036,新潟市　東区,空港西1丁目19番5号,025-272-8800,平成19年4月1日,医療法人社団きんとう整形外科クリニック,金藤　直樹,0,0,0,0,0,0,0,0,0,0,1,0,0,0,0,0,0,0,0,0,0,0,0,0,1,0,0,0,0,0,0,0,0,1,0,0,0,0,0,0,0,0,,,37.874226,138.971970
1065,くらしま内科クリニック,950-1142,新潟市　江南区,楚川甲180番地,025-280-7100,平成9年2月7日,倉島　賢二,倉島　賢二,1,0,0,0,0,0,0,0,0,1,0,0,1,0,0,0,0,0,0,0,0,0,0,0,0,0,0,0,0,0,0,0,0,0,0,0,0,0,0,0,0,0,,,37.874226,138.971970
1066,クララクリニック,950-2002,新潟市　西区,青山7丁目3番20号3 ,025-232-4134,令和2年5月1日,医療法人社団　クララクリニック,八木澤　久美子,1,0,0,0,0,0,0,0,0,0,0,0,0,0,0,0,0,0,0,0,0,0,0,0,0,0,0,0,0,0,0,0,0,0,0,0,0,0,0,0,0,0,,,37.899563,138.993820
1067,くろさき眼科,950-1101,新潟市　西区,山田590番地3,025-370-7577,平成19年8月23日,安部　達也,安部　達也,0,0,0,0,0,0,0,0,0,0,0,0,0,0,0,0,0,0,0,0,0,0,0,0,0,0,0,1,0,0,0,0,0,0,0,0,0,0,0,0,0,0,,,37.939110,139.057404
1068,くろさき心のクリニック,950-1101,新潟市　西区,山田645ｰ3 ,025-378-3696,令和4年10月19日,信田 慶太,信田 慶太,0,0,0,0,0,0,0,0,0,0,0,0,0,1,1,0,0,0,0,0,0,0,0,0,0,0,0,0,0,0,0,0,0,0,0,0,0,0,0,0,0,0,,,37.939110,139.057404
1069,くわな内科クリニック,951-8146,新潟市　中央区,有明大橋町3丁目30番地 ,025-232-1700,令和3年8月24日,桑名　謙治,桑名　謙治,1,1,1,1,0,0,0,0,0,1,0,0,0,0,0,0,0,0,0,0,0,0,0,0,0,0,0,0,0,0,0,0,0,0,0,0,0,0,0,0,0,0,,,37.867638,139.094009
1070,けやき通りクリニック,950-0916,新潟市　中央区,米山1丁目9番30号,025-243-0811,平成22年7月1日,医療法人けやき通りクリニック,遠藤　耕太郎,1,0,0,0,0,0,0,0,0,0,0,0,0,0,0,0,0,0,0,0,0,0,0,0,0,0,0,0,0,0,0,0,0,0,0,0,0,0,0,0,0,0,脳神経内科,,37.874226,138.971970
1071,こうなんｆａｍｉｌｙクリニック,950-0162,新潟市　江南区,亀田大月2丁目4番38号1 ,025-250-6407,令和4年12月15日,医療法人社団　眞結会,藤澤　正宏,1,0,0,1,0,0,0,0,0,0,0,0,0,0,0,0,0,0,0,0,0,0,0,0,0,0,0,0,0,0,0,0,0,0,0,0,0,0,0,0,0,0,,○,37.760490,138.889282
1072,こどもクリニックかんとう,950-1101,新潟市　西区,山田392番地,025-234-3322,平成16年10月22日,関東　和成,関東　和成,0,0,0,0,0,0,0,0,0,1,0,0,1,0,0,0,0,0,0,0,0,0,0,0,0,0,0,0,0,0,0,0,0,0,0,0,0,0,0,0,0,0,,,37.886513,139.094345
1073,こどもの医院おおば,953-0041,新潟市　西蒲区,巻甲3260番地1,0256-73-3415,平成11年10月25日,大場　正巳,大場　正巳,0,0,0,0,0,0,0,0,0,1,0,0,1,0,0,0,0,0,0,0,0,0,0,0,0,0,0,0,0,0,0,0,0,0,0,0,0,0,0,0,0,0,,,37.874226,138.971970
1074,こどもの森クリニック,950-0121,新潟市　江南区,亀田向陽1丁目3番39号,025-382-0707,平成22年10月1日,医療法人社団こどもの森,鳥谷部　森,0,0,0,0,0,0,0,0,0,1,0,0,1,0,0,0,0,0,0,0,0,0,0,0,0,0,0,0,0,0,0,0,0,0,0,0,0,0,0,0,0,0,,,37.880913,139.080048
1075,こども医院はしもと,950-2004,新潟市　西区,平島1丁目6番5号,025-231-5588,平成5年11月20日,橋本　謹也,橋本　謹也,0,0,0,0,0,0,0,0,0,0,0,0,1,0,0,0,0,0,0,0,0,0,0,0,0,0,0,0,0,0,0,0,0,0,0,0,0,0,0,0,0,0,,,37.922520,139.043152
1076,こなん内科クリニック,950-1151,新潟市　中央区,湖南29番地1,025-283-1181,平成29年11月1日,医療法人社団　篤心会,前田　恒治,1,1,0,0,0,0,0,0,0,1,0,0,0,0,0,0,0,0,0,0,0,0,0,0,0,0,0,0,0,0,0,0,0,0,0,0,0,0,0,0,0,0,,,37.874226,138.971970
1077,こばやし内科クリニック,950-0914,新潟市　中央区,紫竹山6丁目2番26号,025-246-5600,令和4年5月1日,医療法人社団　やまと日高見会,小林　義昭,1,1,0,0,0,0,0,0,0,1,0,0,0,0,0,0,0,0,0,0,0,0,0,0,0,0,0,0,0,0,0,0,0,0,0,0,0,0,0,0,0,0,老年内科,〇,37.874226,138.971970
1078,こばり坂クリニック,950-2011,新潟市西区,小針上山10番34号,025-378-2311,令和5年10月2日,医療法人社団ｉｂｉｓ,渡邉　聡,1,0,0,0,0,0,0,0,0,0,0,0,0,0,0,0,0,0,0,0,0,0,0,0,1,0,0,0,0,0,0,0,0,1,0,0,0,0,0,0,0,0,,,37.885746,139.048141
1079,こばりファミリークリニック,950-2027,新潟市　西区,小新大通2丁目1番25号,025-234-5577,平成18年9月26日,医療法人社団こばりファミリークリニック,蒲沢　千昌,1,1,0,0,0,1,0,0,0,1,0,0,0,0,0,0,0,0,0,0,0,0,0,0,0,0,0,0,0,0,0,0,0,0,0,0,0,0,0,0,0,0,感染症内科,,37.867287,139.177704
1080,こん整形外科クリニック,950-0914,新潟市　中央区,紫竹山2丁目4番30号,025-241-0123,平成22年4月1日,医療法人社団KOSMI,近　良明,0,0,0,0,0,0,0,0,0,0,0,0,0,0,0,0,0,0,0,0,0,0,0,0,1,0,0,0,0,0,0,0,0,1,0,0,0,0,0,0,0,0,,,37.874226,138.971970
1081,さいとう眼科医院,950-3322,新潟市　北区,嘉山2230番地7,025-384-7107,平成14年9月1日,医療法人社団さいとう眼科医院,斎藤　栄智翁,0,0,0,0,0,0,0,0,0,0,0,0,0,0,0,0,0,0,0,0,0,0,0,0,0,0,0,1,0,0,0,0,0,0,0,0,0,0,0,0,0,0,,,37.874226,138.971970
1082,さかい内科クリニック,950-2023,新潟市　西区,小新5丁目8番3号,025-201-2011,平成26年9月16日,堺　勝之,堺　勝之,1,0,1,0,0,0,0,0,0,0,0,0,0,0,0,0,0,0,0,0,0,0,0,0,0,0,0,0,0,0,0,0,0,0,0,0,0,0,0,0,0,0,,,37.885746,139.048141
1083,さかうえ眼科医院,950-2041,新潟市　西区,坂井東2丁目1番31号,025-230-5121,平成8年9月1日,医療法人社団さかうえ眼科医院,坂上　富士男,0,0,0,0,0,0,0,0,0,0,0,0,0,0,0,0,0,0,0,0,0,0,0,0,0,0,0,1,0,0,0,0,0,0,0,0,0,0,0,0,0,0,,,37.760490,138.889282
1084,さかつめ内科,951-8153,新潟市　中央区,文京町27番30号,025-234-7217,平成22年11月1日,坂爪　実,坂爪　実,1,0,0,0,0,0,0,0,0,0,0,0,0,0,0,0,0,0,0,0,0,0,0,0,0,0,0,0,0,0,0,0,0,0,0,0,0,0,0,0,0,0,,,37.909100,139.008362
1085,さくらざわ眼科クリニック,953-0041,新潟市　西蒲区,巻甲4085番地,0256-72-5000,平成19年4月1日,医療法人社団　さくらざわ眼科クリニック,櫻澤　徹,0,0,0,0,0,0,0,0,0,0,0,0,0,0,0,0,0,0,0,0,0,0,0,0,0,0,0,1,0,0,0,0,0,0,0,0,0,0,0,0,0,0,,,37.788528,139.114609
1086,さくら皮膚科医院,950-0088,新潟市　中央区,万代3丁目1番1号新潟日報ﾒﾃﾞｨｱｼｯﾌﾟ3F,025-245-1000,平成26年4月16日,医療法人　さくら皮膚科医院,西條　忍,0,0,0,0,0,0,0,0,1,1,0,0,0,0,0,0,0,0,0,0,0,0,0,0,0,0,0,0,0,0,0,0,0,0,0,0,0,0,0,0,0,0,,,37.867638,139.094009
1087,ささえ愛よろずクリニック,956-0854,新潟市　秋葉区,滝谷町4番20号,0250-47-7285,平成24年9月1日,医療法人社団ささえ愛よろず,今村　達弥,1,0,0,0,0,0,0,0,0,0,0,0,0,1,1,0,0,0,0,0,0,0,0,0,0,0,0,0,0,0,0,0,0,1,0,0,0,0,0,0,0,0,,,37.874226,138.971970
1088,ささがわ小児科クリニック,950-0151,新潟市　江南区,亀田四ﾂ興野2丁目5番14号,025-383-5500,平成17年10月1日,医療法人社団ささがわ小児科クリニック,笹川　富士雄,0,0,0,0,0,0,0,0,0,1,0,0,1,0,0,0,0,0,0,0,0,0,0,0,0,0,0,0,0,0,0,0,0,0,0,0,0,0,0,0,0,0,,,37.913540,139.221603
1089,ささがわ腎泌尿器科クリニック,950-2042,新潟市　西区,坂井1030番地1,025-268-7711,平成20年8月11日,笹川　亨,笹川　亨,0,0,0,0,0,0,0,0,0,0,0,0,0,0,0,0,0,0,0,0,0,1,0,0,0,0,0,0,0,0,0,0,0,0,0,0,0,0,0,0,0,0,,,37.922520,139.043152
1090,サトウクリニック新崎,950-3134,新潟市　北区,新崎1丁目17番17号,025-259-3109,平成12年4月1日,医療法人社団サトウクリニック新崎,佐藤　竹敏,1,1,1,1,0,0,0,0,0,0,0,0,1,0,0,0,0,0,0,0,0,0,0,0,0,0,0,0,0,0,0,0,0,0,0,0,0,0,0,0,0,0,,,37.867638,139.094009
1091,シグナス形成外科美容外科クリニック,950-0088,新潟市　中央区,万代1丁目2番3号 ｺｰﾌﾟ野村万代214号,025-241-7175,令和8年4月1日,曽束　洋平,曽束　洋平,0,0,0,0,0,0,0,0,1,0,0,0,0,0,0,0,0,0,0,0,0,0,0,0,0,1,1,0,0,0,0,0,0,0,0,0,0,0,0,0,0,0,美容皮膚科,,37.874226,138.971970
1092,さとう小児科医院,950-0208,新潟市　江南区,横越中央2丁目1番11号,025-385-5200,平成11年9月1日,医療法人社団さとう小児科医院,佐藤　雅久,0,0,0,0,0,0,0,0,0,1,0,0,1,0,0,0,0,0,0,0,0,0,0,0,0,0,0,0,0,0,0,0,0,0,0,0,0,0,0,0,0,0,,,37.874226,138.971970
1093,しおかぜ医院,950-2045,新潟市　西区,五十嵐東1丁目10番6号,025-264-7655,平成12年5月1日,木村　征,木村　征,0,0,0,0,0,0,0,0,0,1,0,0,0,0,0,0,0,0,0,1,0,0,0,0,0,0,0,0,1,0,0,0,0,0,0,0,0,0,0,0,0,0,気管食道科,,37.922520,139.043152
1094,しげはら内科クリニック,950-2041,新潟市　西区,坂井東6丁目29番27号,025-264-1237,平成9年11月19日,重原　秀樹,重原　秀樹,1,1,0,1,0,0,0,0,0,0,0,0,0,0,0,0,0,0,0,0,0,0,0,0,0,0,0,0,0,0,0,0,0,0,0,0,0,0,0,0,0,0,".呼吸器科,消化器科",,37.922520,139.043152
1095,紫竹山つちだ眼科,950-0914,新潟市　中央区,紫竹山2丁目4番31号 ,025-250-0801,令和4年3月7日,土田　宏嗣,土田　宏嗣,0,0,0,0,0,0,0,0,0,0,0,0,0,0,0,0,0,0,0,0,0,0,0,0,0,0,0,1,0,0,0,0,0,0,0,0,0,0,0,0,0,0,,,37.874226,138.971970
1096,しむら皮膚科クリニック,950-0905,新潟市　中央区,天神尾1丁目11番11号,025-248-2000,令和5年1月6日,医療法人しむら皮膚科クリニック,志村　英樹,0,0,0,0,0,0,0,0,1,0,0,0,0,0,0,0,0,0,0,0,0,0,0,0,0,1,0,0,0,0,0,0,0,0,0,0,0,0,0,0,0,0,美容皮膚科、心臓血管外科,,37.909126,139.054596
1097,ショートステイことぶき医務室,950-1113,新潟市　西区,鳥原新田406番地5,025-377-1065,平成17年6月10日,社会福祉法人　仁成福祉協会,小林　義雄,1,0,0,0,0,0,0,0,0,0,0,0,0,0,0,0,0,0,0,0,0,0,0,0,0,0,0,0,0,0,0,0,0,0,0,0,0,0,0,0,0,0,,,37.848991,139.004410
1098,しんメンタルクリニック,950-0916,新潟市中央区,米山5丁目9番11号 ,025-212-2100,令和5年11月28日,上馬塲　伸始,上馬塲　伸始,0,0,0,0,0,0,0,0,0,0,0,0,0,1,1,0,0,0,0,0,0,0,0,0,0,0,0,0,0,0,0,0,0,0,0,0,0,0,0,0,0,0,,,37.904488,139.056473
1099,すがはら消化器内科クリニック,950-2155,新潟市　西区,内野西が丘3丁目24番20号 ,025-264-2722,平成25年5月1日,医療法人　すがはら消化器内科クリニック　,菅原　聡,1,0,0,1,0,0,0,0,0,0,0,0,0,0,0,0,0,0,0,0,0,0,0,0,0,0,0,0,0,0,0,0,0,0,0,0,0,0,0,0,0,0,胃腸内科,,37.889561,139.231247
1100,すぎうら内科医院,950-0993,新潟市　中央区,上所中3丁目14-13 上所ﾒﾃﾞｨｶﾙｾﾝﾀｰ1F,025-288-6963,令和3年3月12日,杉浦　広隆,杉浦　広隆,1,0,1,0,0,0,0,0,0,0,0,0,0,0,0,0,0,0,0,0,0,0,0,0,0,0,0,0,0,0,0,0,0,0,0,0,0,0,0,0,0,0,,,37.890743,138.970764
1101,すこやか医院,950-3373,新潟市　北区,須戸695番地1,025-387-6633,平成19年5月1日,医療法人社団愛敬会,里方　美智子,1,1,1,1,0,0,0,0,1,1,0,0,1,0,0,0,0,0,0,0,0,0,0,0,0,0,0,0,0,0,0,0,0,0,0,0,0,0,0,0,0,0,"呼吸器科,消化器科,循環器科",,37.765800,139.019165
1102,すずき産科婦人科クリニック,950-2022,新潟市　西区,小針7丁目17番14号,025-266-2728,平成14年9月10日,医療法人社団すずき産科婦人科クリニック,鈴木　一成,0,0,0,0,0,0,0,0,0,0,0,0,0,0,0,0,0,0,0,0,0,0,0,0,0,0,0,0,0,0,0,1,1,0,0,0,0,0,0,10,0,10,,,37.880104,138.990540
1103,すずき醫院,950-1475,新潟市　南区,戸頭1370番地1,025-373-0200,平成22年4月1日,鈴木　康史,鈴木　康史,1,1,1,1,0,0,0,0,0,0,0,0,0,0,0,0,0,0,0,0,0,0,0,0,0,0,0,0,0,0,0,0,0,0,0,0,0,0,0,0,0,0,,,37.922520,139.043152
1104,すなやまクリニック,950-2044,新潟市　西区,坂井砂山3丁目8番2号,025-268-9001,平成10年4月14日,医療法人社団みよし会,松田　浩紀,1,0,0,1,0,0,0,0,0,0,0,0,0,0,0,1,0,0,0,0,0,0,0,0,0,0,0,0,0,0,0,0,0,0,0,0,0,0,0,0,0,0,腎臓内科,,37.870743,138.955185
1105,せきやクリニック,951-8146,新潟市　中央区,有明大橋町7番3号1,025-234-3337,平成18年10月10日,島田　正久,島田　正久,1,1,0,0,0,0,0,0,1,1,0,0,0,0,0,0,0,0,0,0,0,0,0,0,0,0,0,0,0,0,0,0,0,0,0,0,0,0,0,0,0,0,,,37.867638,139.094009
1106,せき眼科医院,950-2022,新潟市　西区,小針1丁目30番1号,025-232-1001,平成9年4月1日,医療法人社団せき眼科医院,関　伶子,0,0,0,0,0,0,0,0,0,0,0,0,0,0,0,0,0,0,0,0,0,0,0,0,0,0,0,1,0,0,0,0,0,0,0,0,0,0,0,0,0,0,,,37.704735,138.970139
1107,それで医院,950-0105,新潟市　江南区,大渕1544-15 ,090-1771-4352,令和5年9月13日,石井　仁平,石井　仁平,1,0,0,0,0,0,0,0,0,0,0,0,0,0,0,1,0,0,0,0,0,0,0,0,1,0,0,0,0,0,0,0,0,0,0,0,0,0,0,0,0,0,,,37.800117,139.068665
1108,たかぎクリニック,953-0036,新潟市　西蒲区,前田331-1 ,0256-73-7425,令和3年4月14日,医療法人社団　高木医院,高木　薫子,1,0,0,1,0,0,0,0,0,0,0,0,1,0,0,0,0,0,0,0,0,0,0,0,0,0,0,0,0,0,0,0,0,0,0,0,0,0,0,0,0,0,,,37.922520,139.043152
1109,たかはし耳鼻咽喉科,956-0017,新潟市　秋葉区,あおば通1丁目8番3号,0250-21-3387,平成25年4月8日,高橋　紳一郎,高橋　紳一郎,0,0,0,0,0,0,0,0,0,1,0,0,0,0,0,0,0,0,0,0,0,0,0,0,0,0,0,0,1,0,0,0,0,0,0,0,0,0,0,0,0,0,,,37.924778,139.092606
1110,たかはし整形外科医院,950-0992,新潟市　中央区,上所上2丁目13番14号,025-285-1121,平成5年7月26日,医療法人社団英進会,高橋　英人,0,0,0,0,0,0,0,0,0,0,0,0,0,0,0,0,0,0,0,0,0,0,0,0,1,0,0,0,0,0,0,0,0,1,0,0,0,0,0,0,0,0,,,37.903629,139.032562
1111,たかはた医院,950-0052,新潟市　東区,秋葉通2丁目3722番地104,025-270-1111,平成4年6月10日,医療法人社団　たかはた医院,高畑　與四夫,1,0,0,0,0,0,0,0,0,0,0,0,0,0,0,0,0,0,0,0,0,0,0,0,0,0,0,0,0,0,0,0,0,0,1,1,0,0,0,0,0,0,"ペインクリニック内科,漢方内科",,37.913540,139.221603
1112,たきい耳鼻科クリニック,951-8141,新潟市　中央区,関新1丁目8番24号,025-201-1333,平成15年10月1日,瀧井　尚子,瀧井　尚子,0,0,0,0,0,0,0,0,0,0,0,0,0,0,0,0,0,0,0,0,0,0,0,0,0,0,0,0,1,0,0,0,0,0,0,0,0,0,0,0,0,0,,,37.909355,139.020401
1113,たきざわクリニック松浜,950-3126,新潟市　北区,松浜1丁目1番12号,025-255-7551,平成14年4月1日,医療法人社団　恒世会,滝沢　恒世,1,1,1,1,0,0,0,0,0,0,0,0,1,0,0,1,0,0,0,0,0,0,0,0,0,0,0,0,0,0,0,0,0,1,0,0,0,0,0,0,0,0,"呼吸器科,消化器科,循環器科",,37.887154,138.975845
1114,たけうち小児クリニック,950-0913,新潟市　中央区,鐙2丁目14番32号,025-242-1711,平成16年9月10日,竹内　菊博,竹内　菊博,0,0,0,0,0,0,0,0,0,1,0,0,1,0,0,0,0,0,0,0,0,0,0,0,0,0,0,0,0,0,0,0,0,0,0,0,0,0,0,0,0,0,,,37.867638,139.094009
1115,たじま内科クリニック,950-1101,新潟市　西区,山田3399-1,025-377-1213,平成28年12月16日,田島　俊児,田島　俊児,1,1,0,0,0,0,0,0,0,1,0,0,0,0,0,0,0,0,0,0,0,0,0,0,0,0,0,0,0,0,0,0,0,0,0,0,0,0,0,0,0,0,,,37.939110,139.057404
1116,たなか整形外科,950-0208,新潟市　江南区,横越中央2丁目14番31号,025-383-2200,平成11年4月14日,田中　隆明,田中　隆明,0,0,0,0,0,0,0,0,0,0,1,0,0,0,0,0,0,0,0,0,0,0,0,0,1,0,0,0,0,0,0,0,0,1,0,0,0,0,0,0,0,0,,,37.765800,139.019165
1117,たむら眼科医院,950-0911,新潟市　中央区,笹口3番17号ﾗｲﾌｺｱ笹口1F,025-249-7770,平成8年6月10日,田村　京子,田村　京子,0,0,0,0,0,0,0,0,0,0,0,0,0,0,0,0,0,0,0,0,0,0,0,0,0,0,0,1,0,0,0,0,0,0,0,0,0,0,0,0,0,0,,,37.911102,139.070648
1118,月潟内科クリニック,950-1304,新潟市　南区,月潟688番地3,025-201-8228,平成30年4月25日,廣野　暁,廣野　暁,1,0,1,0,0,0,0,0,0,0,0,0,0,0,0,0,0,0,0,0,0,0,0,0,0,0,0,0,0,0,0,0,0,0,0,0,0,0,0,0,0,0,,,37.788528,139.114609
1119,てらしま外科・内科クリニック,950-0088,新潟市　中央区,万代3丁目1番1号新潟日報ﾒﾃﾞｨｱｼｯﾌﾟ3F,025-246-1800,平成26年4月15日,寺島　哲郎,寺島　哲郎,1,0,0,1,0,0,0,0,0,0,0,0,0,0,0,1,0,0,0,0,0,0,1,0,0,0,0,0,0,0,0,0,0,0,0,0,0,0,0,0,0,0,胃腸内科,,37.867638,139.094009
1120,どうやリハビリ整形外科,956-0031,新潟市　秋葉区,新津5149-15 ,0250-23-1154,令和4年8月3日,銅冶　英雄,銅冶　英雄,0,0,0,0,0,0,0,0,0,0,1,0,0,0,0,0,0,0,0,0,0,0,0,0,1,0,0,0,0,0,0,0,0,1,0,0,0,0,0,0,0,0,,,37.846748,138.913452
1121,とがし医院,950-0151,新潟市　江南区,亀田四ﾂ興野1丁目1番5号,025-381-7373,平成6年9月1日,医療法人準和会,富樫　孝文,0,0,0,0,0,0,0,0,0,0,0,0,0,0,0,1,0,0,0,0,0,0,0,0,0,0,0,0,1,0,0,0,0,0,0,0,0,0,0,0,0,0,頭頚部外科,,37.870163,138.982666
1122,とがし内科クリニック,950-2004,新潟市　西区,平島1丁目17番10号,025-231-7070,平成29年4月1日,冨樫　忠之,冨樫　忠之,1,0,0,1,0,0,0,0,0,0,0,0,0,0,0,0,0,0,0,0,0,0,0,0,0,0,0,0,0,0,0,0,0,0,0,0,0,0,0,0,0,0,胃腸内科,,37.922520,139.043152
1123,ときめきハートクリニック,950-1106,新潟市　西区,ときめき西1丁目1番17号,025-370-7810,平成15年7月1日,宮島　武文,宮島　武文,1,0,1,0,0,0,0,0,0,0,0,0,0,0,0,0,0,0,0,0,0,0,0,0,0,0,0,0,0,0,0,0,0,0,0,0,0,0,0,0,0,0,循環器科,,37.873123,139.007843
1124,とくなが女性クリニック,950-0932,新潟市　中央区,長潟837番地1,025-286-4103,平成15年10月1日,医療法人とくなが女性クリニック,徳永　昭輝,0,0,0,0,0,0,0,0,0,0,0,0,0,0,0,0,0,0,0,0,0,0,0,0,0,0,0,0,0,0,0,1,1,0,0,0,0,0,0,10,0,10,,,37.885834,139.071579
1125,特別養護老人ホームてらお愛宕の園医務室,950-2054,新潟市　西区,寺尾東1丁目18番29号,025-201-9010,令和1年10月1日,社会福祉法人あたご共生福祉会,鈴木　東,1,0,0,0,0,0,0,0,0,0,0,0,0,0,0,0,0,0,0,0,0,0,0,0,0,0,0,0,0,0,0,0,0,0,0,0,0,0,0,0,0,0,,,37.914097,139.111160
1126,とやのメンタルクリニック,950-0964,新潟市　中央区,網川原2-10-28,025-288-3820,令和2年4月16日,新藤　雅延,新藤　雅延,1,0,0,0,0,0,0,0,0,0,0,0,0,1,1,0,0,0,0,0,0,0,0,0,0,0,0,0,0,0,0,0,0,0,0,0,0,0,0,0,0,0,,,37.913540,139.221603
1127,とやま整形外科クリニック,950-0886,新潟市　東区,中木戸191-3,025-274-8080,平成20年6月1日,外山　秀樹,外山　秀樹,0,0,0,0,0,0,0,0,0,0,0,0,0,0,0,0,0,0,0,0,0,0,0,0,1,0,0,0,0,0,0,0,0,1,0,0,0,0,0,0,0,0,,,37.841511,138.911301
1128,豊栄こころのクリニック,950-3327,新潟市　北区,石動1丁目17番地  ,025-288-5561,令和5年4月6日,佐々木　明子,佐々木　明子,0,0,0,0,0,0,0,0,0,0,0,0,0,0,1,0,0,0,0,0,0,0,0,0,0,0,0,0,0,0,0,0,0,0,0,0,0,0,0,0,0,0,,,37.918995,139.128265
1129,ナーシングメディカルクリニック,950-2002,新潟市　西区,青山1丁目7-27,025-234-7200,平成27年8月10日,医療法人　ナーシングメディカルクリニック,川村　和子,1,0,0,0,0,0,0,0,0,0,0,0,0,0,0,0,0,0,0,0,0,0,0,0,0,0,0,0,0,0,0,0,0,0,0,0,0,0,0,0,0,0,,,37.922520,139.043152
1130,ないとう泌尿器科クリニック,950-0054,新潟市　東区,秋葉1丁目6-47,025-279-0010,平成21年8月27日,内藤　雅晃,内藤　雅晃,0,0,0,0,0,0,0,0,0,0,0,0,0,0,0,0,0,0,0,0,0,1,0,0,0,0,0,0,0,0,0,0,0,0,0,0,0,0,0,0,0,0,,,37.874226,138.971970
1131,ながたクリニック,950-0932,新潟市　中央区,長潟1205番地4,025-282-7010,平成29年9月15日,伊藤　拓緯,伊藤　拓緯,0,0,0,0,0,0,0,0,1,0,0,0,0,0,0,0,0,0,0,0,0,0,0,0,1,0,0,0,0,0,0,0,0,1,0,0,0,0,0,0,0,0,,,37.935158,139.074570
1132,なかの脳神経内科クリニック,950-2051,新潟市　西区,寺尾朝日通16番31号,025-234-3663,平成23年4月1日,医療法人社団瑞陽会,中野　亮一,1,0,0,0,0,0,0,0,0,0,0,0,0,0,0,0,0,0,0,0,0,0,0,0,0,0,0,0,0,0,0,0,0,0,0,0,0,0,0,0,0,0,脳神経内科,,37.932407,139.051697
1133,なかむら耳鼻科クリニック,950-0837,新潟市　東区,若葉町1丁目20番3号,025-256-5577,平成26年2月1日,医療法人社団なかむら耳鼻科クリニック,中村　英生,0,0,0,0,0,0,0,0,0,1,0,0,0,0,0,0,0,0,0,0,0,0,0,0,0,0,0,0,1,0,0,0,0,0,0,0,0,0,0,0,0,0,,,37.922520,139.043152
1134,なのはな皮膚科医院,950-0923,新潟市　中央区,姥ｹ山5丁目14番36号,025-287-7786,平成21年10月8日,野本　浩生,野本　浩生,0,0,0,0,0,0,0,0,1,0,0,0,0,0,0,0,0,0,0,0,0,0,0,0,0,0,0,0,0,0,0,0,0,0,0,0,0,0,0,0,0,0,,,37.890263,139.077713
1135,にいがたセントラル泌尿器科,950-0994,新潟市　中央区,上所3丁目10番65号 ﾏﾙｼｪｺｰﾄA 2階,025-282-7595,令和3年2月11日,金子　公亮,金子　公亮,0,0,0,0,0,0,0,0,0,0,0,0,0,0,0,0,0,0,0,0,0,1,0,0,0,0,0,0,0,0,0,0,0,0,0,0,0,0,0,0,0,0,,,37.788528,139.114609
1136,にいがたみなみ　めいけクリニック,950-0943,新潟市　中央区,女池神明1丁目7番地8,025-284-7818,平成30年11月16日,医療法人恒仁会,横山　明裕,1,1,1,0,0,0,0,1,0,0,0,0,0,0,0,0,0,0,0,0,0,0,0,0,0,0,0,0,0,0,0,0,0,1,0,0,0,0,0,0,0,0,,,37.890217,139.036667
1137,新潟レディースライフクリニック,956-0031,新潟市秋葉区,新津5149-17,0250-23-1103,令和6年3月1日,杉野　健太郎,杉野　健太郎,0,0,0,0,0,0,0,0,0,0,0,0,0,0,0,0,0,0,0,0,0,0,0,0,0,0,0,0,0,0,0,1,1,0,0,0,0,0,0,19,0,19,,,37.804790,139.110947
1138,にいがた乳腺クリニック,950-0945,新潟市　中央区,女池上山2丁目14-21 ,025-278-8181,令和2年7月15日,長谷川　美樹,長谷川　美樹,0,0,0,0,0,0,0,0,0,0,0,0,0,0,0,0,0,0,1,0,0,0,0,0,0,0,0,0,0,0,0,0,0,0,0,0,0,0,0,0,0,0,,,37.760490,138.889282
1139,にいつ眼科,956-0864,新潟市　秋葉区,新津本町3丁目1番10号,0250-23-3888,平成4年6月13日,医療法人社団にいつ眼科,岡本　茂,0,0,0,0,0,0,0,0,0,0,0,0,0,0,0,0,0,0,0,0,0,0,0,0,0,0,0,1,0,0,0,0,0,0,0,0,0,0,0,0,0,0,,,37.912243,139.184555
1140,西川内科医院,953-0041,新潟市　西蒲区,巻甲2417番地6,0256-72-6066,昭和63年11月1日,医療法人社団西川内科医院,西川　元,1,0,0,0,0,0,0,0,0,0,0,0,0,0,0,0,0,0,0,0,0,0,0,0,0,0,0,0,0,0,0,0,0,0,0,0,0,0,0,0,0,0,,,37.922520,139.043152
1141,にしな子どもクリニック,950-3313,新潟市　北区,太田甲5635番地6,025-387-1031,平成26年4月14日,仁科　正裕,仁科　正裕,0,0,0,0,0,0,0,0,0,1,0,0,1,0,0,0,0,0,0,0,0,0,0,0,0,0,0,0,0,0,0,0,0,0,0,0,0,0,0,0,0,0,,,37.880299,139.034378
1142,にわやまハートクリニック,950-0916,新潟市　中央区,米山1丁目24番地新潟駅南ｾﾝﾀｰﾋﾞﾙ1F,025-278-8234,平成22年3月1日,庭山　正信,庭山　正信,1,0,1,0,0,0,0,0,0,0,0,0,0,0,0,0,0,0,0,0,0,0,0,0,0,0,0,0,0,0,0,0,0,0,0,0,0,0,0,0,0,0,,,37.908836,139.062042
1143,ネクストスキンケアクリニック,951-8061,新潟市　中央区,西堀通6番町866番地NEXT21 1階,025-378-2110,平成29年10月12日,小川　真有美,小川　真有美,0,0,0,0,0,0,0,0,1,0,0,0,0,0,0,0,0,0,0,0,0,0,0,0,0,0,0,0,0,0,0,0,0,0,0,1,0,0,0,0,0,0,,,37.942116,139.148865
1144,脳神経内科・内科むさしクリニック,951-8131,新潟市　中央区,白山浦2丁目20番地1,025-378-1520,令和2年3月1日,医療法人社団千修会,荒川　武蔵,1,0,0,0,0,1,0,0,0,0,0,0,0,0,0,0,0,0,0,0,0,0,0,0,0,0,0,0,0,0,0,0,0,0,0,0,0,0,0,0,0,0,脳神経内科,,37.874226,138.971970
1145,のぶ皮膚科,950-3306,新潟市　北区,内島見2514-7,025-388-1616,平成23年5月12日,佐藤　信之,佐藤　信之,0,0,0,0,0,0,0,0,1,1,0,0,0,0,0,0,0,0,0,0,0,0,0,0,0,0,0,0,0,0,0,0,0,0,0,0,0,0,0,0,0,0,,,37.839104,138.923279
1146,のむら耳鼻咽喉科,950-1115,新潟市　西区,鳥原189-3,025-377-7777,令和1年5月1日,医療法人社団仁康会,野村　智幸,0,0,0,0,0,0,0,0,0,1,0,0,0,0,0,0,0,0,0,0,0,0,0,0,0,0,0,0,1,0,0,0,0,0,0,0,0,0,0,0,0,0,,,37.889229,139.022903
1147,はにゅうクリニック,950-2045,新潟市　西区,五十嵐東1丁目1番15号 ,025-201-6551,令和2年6月1日,医療法人社団はにゅうクリニック,羽入　修,1,0,0,0,0,0,1,0,0,0,0,0,0,0,0,0,0,0,0,0,0,0,0,0,0,0,0,1,0,0,0,0,0,0,0,0,0,0,0,0,0,0,代謝・内分泌内科,,37.765800,139.019165
1148,はやつ医院,950-0922,新潟市　中央区,山二ﾂ1385番地,025-257-7300,平成15年10月10日,早津　和則,早津　和則,1,0,0,0,0,0,0,0,0,0,0,0,0,0,0,0,0,0,0,0,0,0,0,0,1,0,0,0,0,0,0,0,0,1,0,1,0,0,0,0,0,0,ペインクリニック整形外科,,37.891605,139.089844
1149,はやみ整形外科クリニック,950-1214,新潟市　南区,上下諏訪木922-2,025-378-5151,平成29年9月1日,医療法人社団HOC,速水　正,0,0,0,0,0,0,0,0,0,0,0,0,0,0,0,0,0,0,0,0,0,0,0,0,1,0,0,0,0,0,0,0,0,1,0,0,0,0,0,0,0,0,,,37.900860,139.033173
1150,ひぐち耳鼻科クリニック,950-0915,新潟市　中央区,鐙西1丁目12番12号,025-240-1122,平成19年6月27日,樋口　豊,樋口　豊,0,0,0,0,0,0,0,0,0,1,0,0,0,0,0,0,0,0,0,0,0,0,0,0,0,0,0,0,1,0,0,0,0,0,0,0,0,0,0,0,0,0,,,37.874226,138.971970
1151,びとく整形外科クリニック,951-8067,新潟市　中央区,本町通6番町1134番地,025-225-6077,平成17年10月1日,医療法人社団びとく整形外科クリニック,高橋 美徳,0,0,0,0,0,0,0,0,0,0,1,0,0,0,0,0,0,0,0,0,0,0,0,0,1,0,0,0,0,0,0,0,0,0,0,0,0,0,0,0,0,0,,,37.921139,139.046997
1152,ひらの内科医院,950-2173,新潟市　西区,五十嵐3の町東23番11号,025-239-5222,平成18年9月1日,医療法人社団ひらの内科医院,平野　鉄雄,1,0,0,0,0,0,0,0,0,0,0,0,1,1,1,0,0,0,0,0,0,0,0,0,0,0,0,0,0,0,0,0,0,0,0,0,0,0,0,0,0,0,神経科,,37.867638,139.094009
1153,ひろさわ内科医院,951-8028,新潟市　中央区,東湊町通1ﾉ町2545番地24,025-225-8880,平成23年4月1日,医療法人ひろさわ内科医院,廣澤　利幸,1,1,0,0,0,0,0,0,0,0,0,0,0,0,0,0,0,0,0,0,0,0,0,0,0,0,0,0,0,0,0,0,0,0,0,0,0,0,0,0,0,0,呼吸器科,,37.827976,138.904510
1154,ふじい眼科,950-0121,新潟市　江南区,亀田向陽3丁目2番19号,025-382-2151,平成29年5月1日,医療法人社団　悠青,藤井　靖,0,0,0,0,0,0,0,0,0,0,0,0,0,0,0,0,0,0,0,0,0,0,0,0,0,0,0,1,0,0,0,0,0,0,0,0,0,0,0,0,0,0,,,37.788528,139.114609
1155,ふじかわ皮ふ科クリニック,950-2004,新潟市　西区,平島1丁目18番地1 ,025-201-6088,令和3年2月12日,藤川　大基,藤川　大基,0,0,0,0,0,0,0,0,1,1,0,0,0,0,0,0,0,0,0,0,0,0,0,0,0,0,0,0,0,0,0,0,0,0,0,0,0,0,0,0,0,0,,,37.890568,139.005646
1156,ふせじま脳外科クリニック,956-0816,新潟市　秋葉区,新津東町3丁目4番48号,0250-25-3130,平成9年4月1日,伏島　徹,伏島　徹,0,0,0,0,0,0,0,0,0,0,0,0,0,0,0,0,0,0,0,0,0,0,0,1,0,0,0,0,0,0,0,0,0,0,0,0,0,0,0,0,0,0,,,37.901592,139.020996
1157,ふたば皮膚科,950-2054,新潟市　西区,寺尾東2丁目14番4号,025-269-6661,平成21年5月1日,医療法人社団　双葉会,会沢 敦子,0,0,0,0,0,0,0,0,1,1,0,0,0,0,0,0,0,0,0,0,0,0,0,0,0,0,0,0,0,0,0,0,0,0,0,0,0,0,0,0,0,0,,,37.932407,139.051697
1158,プラーカ中村クリニック,950-0911,新潟市　中央区,笹口1丁目1番地ﾌﾟﾗｰｶ12F,025-240-0426,平成26年5月1日,医療法人社団　五惠会,中村　隆人,1,1,0,0,0,0,0,0,0,0,0,0,0,0,0,0,0,0,1,0,0,0,1,0,0,0,0,0,0,0,0,0,0,0,0,0,0,0,0,0,0,0,胃腸外科,,37.910976,139.063766
1159,ぷらっと本町クリニック,951-8067,新潟市　中央区,本町通6番町1108番地1ぷらっと本町ﾋﾞﾙ4F,025-222-1241,平成22年6月1日,医療法人社団　清徳会,朴　載廣,1,0,0,1,0,0,0,0,0,0,0,0,0,0,0,0,0,0,0,0,0,0,0,0,0,0,0,0,0,0,0,0,0,0,0,0,0,0,0,0,0,0,胃腸科,,37.913540,139.221603
1160,ふるしまクリニック,950-0923,新潟市　中央区,姥ｹ山5丁目6番20号,025-257-7070,平成26年4月22日,古嶋　博司,古嶋　博司,1,0,1,0,0,0,0,0,0,0,0,0,0,0,0,0,0,0,0,0,0,0,0,0,0,0,0,0,0,0,0,0,0,0,0,0,0,0,0,0,0,0,,,37.788528,139.114609
1161,ポートクリニック好生堂,950-3125,新潟市北区,松浜本町4丁目1番12号 ,025-259-2654,令和6年1月1日,医療法人社団好生堂ポートクリニック,渡邊　伸,1,1,0,0,0,0,0,0,0,0,0,0,0,0,0,1,0,0,0,0,0,0,0,0,1,0,0,0,0,0,0,0,0,0,0,0,0,0,0,0,0,0,,,37.954754,139.119003
1162,ほかり医院,956-0864,新潟市　秋葉区,新津本町1丁目3番39号,0250-21-1200,平成15年9月1日,医療法人社団ほかり医院,穂苅　豊,0,0,0,0,0,0,0,0,0,0,1,0,0,0,0,0,0,0,0,0,0,0,0,0,1,0,0,0,0,0,0,0,0,1,0,0,0,0,0,0,0,0,,,37.796642,139.121643
1163,ぼくとわたしの小児科,950-0054,新潟市　東区,秋葉1丁目6番40号,025-279-0022,平成21年10月5日,朴　直樹,朴　直樹,0,0,1,0,0,0,0,0,0,1,0,0,1,0,0,0,0,0,0,0,0,0,0,0,0,0,0,0,0,0,0,0,0,0,0,0,0,0,0,0,0,0,,,37.939842,139.084412
1164,ほしの医院,956-0021,新潟市　秋葉区,北上新田804番地1,0250-22-6522,平成9年1月10日,医療法人社団ほしの医院,星野　重幸,1,1,0,0,0,0,0,0,0,1,0,0,1,0,0,0,0,0,0,0,0,0,0,0,0,0,0,0,0,0,0,0,0,0,0,0,0,0,0,0,0,0,呼吸器科,,37.924885,139.049713
1165,ほその循環器科・内科クリニック,950-0861,新潟市　東区,中山6丁目3番35号,025-250-8884,平成26年5月1日,医療法人社団　ほその循環器科・内科クリニック,細野　浩之,1,0,1,0,0,0,0,0,0,0,0,0,0,0,0,0,0,0,0,0,0,0,0,0,0,0,0,0,0,0,0,0,0,0,0,0,0,0,0,0,0,0,,,37.912334,139.081238
1166,ほんま整形外科,950-0083,新潟市　中央区,蒲原町2番25号,025-290-3535,平成15年4月1日,本間　政文,本間　政文,0,0,0,0,0,0,0,0,0,0,0,0,0,0,0,0,0,0,0,0,0,0,0,0,1,0,0,0,0,0,0,0,0,1,0,0,0,0,0,0,0,0,,,37.874226,138.971970
1167,まきの乳腺クリニック,950-0861,新潟市　東区,中山6丁目13-48,025-250-0026,令和1年5月1日,医療法人社団まきの乳腺クリニック,牧野　春彦,0,0,0,0,0,0,0,0,0,0,0,0,0,0,0,0,0,0,1,0,0,0,0,0,0,0,0,0,0,0,0,0,0,0,0,0,0,0,0,0,0,0,,,37.914097,139.083420
1168,まことクリニック,950-2022,新潟市　西区,小針3丁目31番2号,025-211-3939,平成21年9月1日,医療法人社団まことクリニック,高橋　誠,0,0,0,0,0,0,0,0,0,0,0,0,0,1,1,0,0,0,0,0,0,0,0,0,0,0,0,0,0,0,0,0,0,0,0,0,0,0,0,0,0,0,,,37.783974,139.087723
1169,まつい整形外科,950-0835,新潟市　東区,猿ｹ馬場2丁目13番26号,025-278-5115,平成26年6月1日,医療法人　まつい整形外科,松井　俊明,0,0,0,0,0,0,0,0,0,0,1,0,0,0,0,0,0,0,0,0,0,0,0,0,1,0,0,0,0,0,0,0,0,1,0,0,0,0,0,0,0,0,,,37.922520,139.043152
1170,まふね内科クリニック,956-0835,新潟市　秋葉区,朝日213番地1,0250-21-2555,令和4年4月1日,良田　裕平,良田　裕平,1,0,0,1,0,0,0,0,0,0,0,0,0,0,0,0,0,0,0,0,0,0,0,0,0,0,0,0,0,0,0,0,0,0,0,0,0,0,0,0,0,0,消化器科,,37.785442,139.043747
1171,まるやま美容クリニック,950-0088,新潟市中央区,万代1丁目6番1号 万代ｼﾃｨﾊﾞｽｾﾝﾀｰ 3階,025-288-1261,令和5年12月11日,丸山　拓人,丸山　拓人,0,0,0,0,0,0,0,0,0,0,0,0,0,0,0,0,0,0,0,0,0,0,0,0,0,1,1,0,0,0,0,0,0,0,0,0,0,0,0,0,0,0,美容皮膚科,,37.874226,138.971970
1172,みと小児科クリニック,950-1201,新潟市　南区,大通2丁目6番4号,025-370-1055,令和1年6月1日,医療法人社団みと小児科クリニック,水戸　義昭,0,0,0,0,0,0,0,0,0,1,0,0,1,0,0,0,0,0,0,0,0,0,0,0,0,0,0,0,0,0,0,0,0,0,0,0,0,0,0,0,0,0,,,37.879547,139.023148
1173,みのり園内診療所,950-2138,新潟市　西区,藤野木51番地,025-262-0075,昭和58年4月1日,社会福祉法人新潟みずほ福祉会,田澤　義人,1,0,0,0,0,0,0,0,0,0,0,0,0,0,0,0,0,0,0,0,0,0,0,0,0,0,0,0,0,0,0,0,0,0,0,0,0,0,0,0,0,0,,,37.934631,139.092072
1174,みらいクリニック南笹口,950-0912,新潟市　中央区,南笹口2丁目5番17号 ,025-240-1131,令和3年1月8日,医療法人社団　みらいクリニック,岡島　正明,1,1,0,0,0,0,0,0,0,1,0,0,1,1,0,0,0,0,0,0,0,0,0,0,0,0,0,0,0,0,0,0,0,0,0,0,0,0,0,0,0,0,,,37.908176,139.071014
1175,みんなの皮ふ科,950-0853,新潟市　東区,東明2丁目6番地16,025-286-1233,平成29年6月1日,医療法人社団みんなの皮ふ科,竹内　綾乃,0,0,0,0,0,0,0,0,1,0,0,0,0,0,0,0,0,0,0,0,0,0,0,0,0,0,0,0,0,0,0,0,0,0,0,0,0,0,0,0,0,0,,,37.925179,139.051163
1176,めいけ眼科クリニック,950-0941,新潟市　中央区,女池6丁目4番61号,025-281-4146,平成28年3月16日,須田　生英子,須田　生英子,0,0,0,0,0,0,0,0,0,0,0,0,0,0,0,0,0,0,0,0,0,0,0,0,0,0,0,1,0,0,0,0,0,0,0,0,0,0,0,0,0,0,,,37.760490,138.889282
1177,もたい内科クリニック,950-0914,新潟市　中央区,紫竹山1丁目7番5号 ,025-240-5050,令和4年4月15日,罇　陽介,罇　陽介,1,0,0,1,0,0,0,0,0,0,0,0,0,0,0,0,0,0,0,0,0,0,0,0,0,0,0,0,0,0,0,0,0,0,0,0,0,0,0,0,0,0,,,37.903179,139.075150
1178,もたにメディカルクリニック,953-0041,新潟市　西蒲区,巻甲4279番地5,0256-72-4141,昭和56年1月1日,藻谷　直樹,藻谷　直樹,1,0,0,0,0,0,0,0,0,0,0,0,0,0,0,0,0,0,0,0,0,0,0,0,0,0,0,0,0,0,0,0,1,0,0,0,0,0,0,0,0,0,,,37.924778,139.092606
1179,もとやま内科クリニック,950-0806,新潟市　東区,海老ｹ瀬3012番地,025-250-3311,平成25年12月1日,本山　展隆,本山　展隆,1,0,0,1,0,0,0,0,0,0,0,0,0,0,0,0,0,0,0,0,0,0,0,0,0,0,0,0,0,0,0,0,0,0,0,0,0,0,0,0,0,0,,,37.943119,139.060623
1180,ものみやまクリニック,950-0021,新潟市　東区,物見山4丁目7番16号,025-279-2828,令和4年5月2日,医療法人社団ＭＮＣ,皆川　史郎,1,0,1,0,0,0,0,0,0,0,0,0,0,0,0,0,0,0,0,0,0,0,0,0,0,0,0,0,0,0,0,0,0,0,0,0,0,0,0,0,0,0,,,37.874226,138.971970
1181,もり眼科医院,950-0908,新潟市　中央区,幸西1丁目5番20号ﾒｿﾞﾝ八千代1F,025-290-2877,平成12年12月1日,森　由実,森　由実,0,0,0,0,0,0,0,0,0,0,0,0,0,0,0,0,0,0,0,0,0,0,0,0,0,0,0,1,0,0,0,0,0,0,0,0,0,0,0,0,0,0,,,37.874226,138.971970
1182,やぎもと小児科,950-2251,新潟市　西区,中権寺2941番地,025-262-3100,平成8年9月1日,医療法人社団豊心会,栁本　利夫,0,0,0,0,0,0,0,0,0,1,0,0,1,0,0,0,0,0,0,0,0,0,0,0,0,0,0,0,0,0,0,0,0,0,0,0,0,0,0,0,0,0,,,37.925709,139.041519
1183,やまもと内科・消化器クリニック,950-2038,新潟市　西区,新通南3丁目2番1号,025-201-7557,平成30年9月19日,山本　幹,山本　幹,1,0,0,1,0,0,0,0,0,0,0,0,0,0,0,0,0,0,0,0,0,0,0,0,0,0,0,0,0,0,0,0,0,0,0,0,0,0,0,0,0,0,胃腸内科,,37.912243,139.184555
1184,やまもと形成外科クリニック,951-8067,新潟市　中央区,本町通7番町1085,025-223-2926,平成24年2月1日,医療法人社団光真山本形成外科クリニック,山本　光宏,0,0,0,0,0,0,0,0,0,0,0,0,0,0,0,0,0,0,0,0,0,0,0,0,0,1,1,0,0,0,0,0,0,0,0,0,0,0,0,0,0,0,,,37.788528,139.114609
1185,やまもと小児科,950-3131,新潟市　北区,濁川165番地1,025-255-7272,平成20年4月18日,山本　浩介,山本　浩介,0,0,0,0,0,0,0,0,0,1,0,0,1,0,0,0,0,0,0,0,0,0,0,0,0,0,0,0,0,0,0,0,0,0,0,0,0,0,0,0,0,0,,,37.867638,139.094009
1186,ゆうき皮膚科,956-0025,新潟市　秋葉区,古田2-7-3,0250-24-5500,平成28年5月1日,医療法人社団　ゆうき皮膚科,結城　直方,0,0,0,0,0,0,0,0,1,0,0,0,0,0,0,0,0,0,0,0,0,0,0,0,0,0,0,0,0,0,0,0,0,0,0,0,0,0,0,0,0,0,,,37.916107,139.040100
1187,ゆきよしクリニック,950-0122,新潟市　江南区,稲葉1丁目4番3号,025-382-3450,平成9年6月1日,医療法人社団らぽーる新潟,荻荘　則幸,1,0,0,0,0,0,0,0,0,0,0,0,0,0,0,0,0,0,0,0,0,0,0,0,1,0,0,0,0,0,0,0,0,1,0,0,0,0,0,0,0,0,,,37.932682,139.055069
1188,よいこの小児科さとう,950-0983,新潟市　中央区,神道寺1丁目5番47号,025-242-2525,平成10年9月1日,医療法人社団よいこの小児科さとう,佐藤　勇,0,0,1,0,0,0,0,0,0,1,0,0,1,0,0,0,0,0,0,0,0,0,0,0,0,0,0,0,0,0,0,0,0,0,0,0,0,0,0,0,0,0,,,37.826427,138.883865
1189,横浜リーフみなとみらい健診クリニック診療所,950-0078,新潟市　中央区,万代島2番1号新潟漁業協同組合新潟支所,025-244-6181,平成25年8月26日,一般財団法人船員保険会,原田　弘秋,1,0,0,0,0,0,0,0,0,0,0,0,0,0,0,0,0,0,0,0,0,0,0,0,0,0,0,0,0,0,0,0,0,0,0,0,0,0,0,0,0,0,,,37.923702,139.061310
1190,米山クリニック消化器内科・内科,950-2028,新潟市　西区,小新南2丁目1番79号,025-378-3344,平成31年4月13日,米山　靖,米山　靖,1,0,0,1,0,0,0,0,0,0,0,0,0,0,0,0,0,0,0,0,0,0,0,0,0,0,0,0,0,0,0,0,0,0,0,0,0,0,0,0,0,0,胃腸内科,,37.885746,139.048141
1191,ラサ内科皮膚科クリニック,950-0912,新潟市　中央区,南笹口1丁目1番30号ｱﾒﾆﾃｨｵｱｼｽ駅南1F,025-247-3811,平成23年10月1日,医療法人ラサ内科皮膚科クリニック,諸橋　弘子,1,0,0,0,0,0,0,0,1,0,0,0,0,0,0,0,0,0,0,0,0,0,0,0,0,0,0,0,0,0,0,0,0,0,0,0,0,0,0,0,0,0,,,37.792080,139.116959
1192,ルラ美容クリニック　新潟院,950-0901,新潟市　中央区,弁天1丁目4番27号,025-288-6820,令和6年2月29日,医療法人社団　輝葉会,菊地　泰正,0,0,0,0,0,0,0,0,1,0,0,0,0,0,0,0,0,0,0,0,0,0,0,0,0,0,1,0,0,0,0,0,0,0,0,0,0,0,0,0,0,0,美容皮膚科,,37.914383,139.059219
1193,わかつきクリニック,956-0025,新潟市　秋葉区,古田3丁目4-14 ,0250-23-3833,令和5年4月6日,若月　俊二,若月　俊二,1,0,0,0,0,0,0,0,1,0,0,0,0,0,0,0,0,0,0,0,1,0,0,0,0,0,0,0,0,0,0,0,0,0,0,0,0,0,0,0,0,0,,,37.916107,139.040100
1194,わかばやし内科クリニック,950-0916,新潟市　中央区,米山5丁目9番13号,025-240-5201,平成9年10月1日,若林　昌哉,若林　昌哉,1,1,1,1,0,0,0,0,0,1,0,0,0,0,0,0,0,0,0,0,0,0,0,0,0,0,0,0,0,0,0,0,0,0,0,0,0,0,0,0,0,0,"呼吸器科,消化器科,循環器科",,37.760490,138.889282
1195,ワシオ皮フ科,950-0911,新潟市　中央区,笹口3丁目16番26号,025-247-7771,平成13年5月14日,医療法人社団愛成医会,佐藤　かおる,0,0,0,0,0,0,0,0,1,0,0,0,0,0,0,0,0,0,0,0,0,0,0,0,0,0,0,0,0,0,0,0,0,0,0,0,0,0,0,0,0,0,,,37.874226,138.971970
1196,渡辺内科医院,959-0421,新潟市　西蒲区,鱸137番地1,0256-77-5102,令和2年4月3日,渡邉　順,渡邉　順,1,0,0,1,0,0,0,0,0,0,0,0,0,0,0,0,0,0,0,0,0,0,0,0,0,0,0,0,0,0,0,0,0,0,0,0,0,0,0,0,0,0,,,37.922520,139.043152
1197,わたなべ内科・青山クリニック,950-2002,新潟市　西区,青山1丁目2番21号,025-232-5588,令和4年4月1日,医療法人社団 わたなべ内科・青山クリニック,渡辺　卓也,1,1,1,1,0,0,0,0,0,1,0,0,0,0,0,0,0,0,0,0,0,0,0,0,0,0,0,0,0,0,0,0,0,0,0,0,0,0,0,0,0,0,胃腸内科,,37.924778,139.092606
1198,阿部・島本小児科内科医院,951-8162,新潟市　中央区,関屋本村町2丁目224番地,025-266-0295,昭和28年7月16日,島本　由紀子,島本　由紀子,1,0,0,0,0,0,0,0,0,1,0,0,1,0,0,0,0,0,0,0,0,0,0,0,0,0,0,0,0,0,0,0,0,0,0,0,0,0,0,0,0,0,,,37.924778,139.092606
1199,阿部小児科医院,950-0012,新潟市　東区,有楽3丁目8番6号,025-274-8680,昭和60年7月1日,阿部　志郎,阿部　志郎,0,0,0,0,0,0,0,0,0,0,0,0,1,0,0,0,0,0,0,0,0,0,0,0,0,0,0,0,0,0,0,0,0,0,0,0,0,0,0,0,0,0,,,37.901196,139.010376
1200,茜リハビリクリニック,950-0852,新潟市　東区,石山2丁目6番2号,025-287-6668,平成29年11月22日,和泉　由貴,和泉　由貴,0,0,0,0,0,0,0,0,0,0,0,0,0,0,0,0,0,0,0,0,0,0,0,0,0,0,0,0,0,0,0,0,0,1,0,0,0,0,0,0,0,0,,,37.765800,139.019165
1201,安宅医院,951-8142,新潟市　中央区,関屋大川前1丁目11番5号,025-266-4653,平成3年12月1日,安宅龍一郎,安宅　龍一郎,1,0,0,1,0,0,0,0,0,0,0,0,1,0,0,0,0,0,0,0,0,0,0,0,0,0,0,0,0,0,0,0,0,0,0,0,0,0,0,0,0,0,胃腸科,,37.788528,139.114609
1202,安宅整形外科医院,950-1209,新潟市　南区,親和町6番18号,025-373-1188,平成6年4月1日,医療法人社団安宅整形外科医院,安宅　厚,0,0,0,0,0,0,0,0,0,0,0,0,0,0,0,0,0,0,0,0,0,0,0,0,1,0,0,0,0,0,0,0,0,0,0,0,0,0,0,0,0,0,,,37.766956,139.019882
1203,伊藤産婦人科医院,956-0831,新潟市　秋葉区,中沢町9番13号,0250-22-6171,昭和47年5月1日,伊藤　久彰,伊藤　久彰,1,0,0,0,0,0,0,0,0,0,0,0,1,0,0,0,0,0,0,0,0,0,0,0,0,0,0,0,0,0,1,0,0,0,0,0,0,0,0,0,0,0,,,37.925709,139.041519
1204,医療法人社団　かさはらクリニック,950-1209,新潟市　南区,親和町7番20号,025-372-8899,平成25年5月1日,医療法人社団　かさはらクリニック,笠原　多加幸,0,0,0,0,0,0,0,0,1,1,0,0,1,0,0,0,0,0,0,0,0,0,0,0,0,0,0,0,0,0,0,0,0,0,0,0,0,0,0,0,0,0,,,37.878635,139.027985
1205,医療法人社団　広域白報会　にいがた在宅診療所,950-0087,新潟市　中央区,東大通2丁目5番1号ｶｰﾌﾟ新潟ﾋﾞﾙ4F,025-247-1221,平成28年10月1日,医療法人社団　広域白報会,和田　理澄,1,0,0,0,0,0,0,0,1,0,0,0,0,1,0,0,0,0,0,0,0,0,0,0,0,0,0,0,0,0,0,0,0,0,0,0,0,0,0,0,0,0,皮膚科（第2，第4水のみ）,,37.933327,139.075165
1206,美容皮膚科リゼクリニック新潟,951-8052,新潟市　中央区,下大川前通7ﾉ町2230-37ﾒｿﾞﾝｿﾚｲﾕ2階1号室,025-228-5588,令和4年11月1日,医療法人社団　風林会,出羽　厚二,0,0,0,0,0,0,0,0,1,0,0,0,0,0,0,0,0,0,0,0,0,0,0,0,0,1,1,0,0,0,0,0,0,0,0,0,0,0,0,0,0,0,美容皮膚科,,37.868080,139.077469
1207,医療法人社団　村井整形外科医院,950-0891,新潟市　東区,上木戸1丁目3番6号,025-275-1115,昭和62年12月1日,医療法人社団　村井整形外科医院,村井　丈寛,0,0,0,0,0,0,0,0,0,0,1,0,0,0,0,0,0,0,0,0,0,0,0,0,1,0,0,0,0,0,0,0,0,1,0,0,0,0,0,0,0,0,,,37.900860,139.033173
1208,医療法人社団　藍盛会　新潟南アイクリニック,950-0150,新潟市　江南区,下早通柳田1丁目1番1号ｲｵﾝﾓｰﾙ新潟南3階,025-383-5730,平成28年1月1日,医療法人社団　藍盛会,小池　貴之,0,0,0,0,0,0,0,0,0,0,0,0,0,0,0,0,0,0,0,0,0,0,0,0,0,0,0,1,0,0,0,0,0,0,0,0,0,0,0,0,0,0,,,37.920704,139.037918
1209,医療法人社団イースト会　新潟イースト駅前クリニック,950-0901,新潟市　中央区,弁天1丁目2番4号 ﾎﾃﾙｸﾞﾛｰﾊﾞﾙﾋﾞｭｰ新潟2階,025-246-8511,令和4年10月27日,医療法人社団イースト会　,太田　正孝,1,0,0,0,0,0,0,0,1,0,0,0,0,0,0,0,0,0,0,0,0,1,0,0,0,0,0,0,0,0,0,0,0,0,0,0,0,0,0,0,0,0,,,37.867638,139.094009
1210,医療法人社団かつみ整形外科医院,950-0951,新潟市　中央区,鳥屋野1丁目27番12号,025-282-3366,平成9年10月20日,医療法人社団かつみ整形外科医院,勝見　裕,0,0,0,0,0,0,0,0,0,0,0,0,0,0,0,0,0,0,0,0,0,0,0,0,1,0,0,0,0,0,0,0,0,1,0,0,0,0,0,0,0,0,,,37.857025,139.007339
1211,医療法人社団こんの脳神経クリニック,950-0155,新潟市　江南区,泉町1丁目2番30号,025-383-1355,平成13年4月2日,医療法人社団こんの脳神経クリニック,今野　公和,0,0,0,0,0,1,0,0,0,0,0,0,0,0,0,0,0,0,0,0,0,0,0,1,0,0,0,0,0,0,0,0,0,1,0,0,0,0,0,0,0,0,,,37.924778,139.092606
1212,医療法人社団さとう内科クリニック,950-1115,新潟市　西区,鳥原641番地17,025-370-7777,平成13年4月1日,医療法人社団さとう内科クリニック,佐藤　正之,1,1,1,1,0,0,0,0,0,0,0,0,1,0,0,0,0,0,0,0,0,0,0,0,0,0,0,0,0,0,0,0,0,0,0,0,0,0,0,0,0,0,胃腸内科,,37.889229,139.022903
1213,医療法人社団すずき医院,950-0814,新潟市　東区,逢谷内6丁目8番34号,025-279-5511,平成19年4月1日,医療法人社団すずき医院,鈴木　正孝,1,0,1,0,0,0,0,0,0,0,0,0,1,0,0,0,0,0,0,0,0,0,0,0,0,0,0,0,0,0,0,0,0,0,0,0,0,0,0,0,0,0,"呼吸器科,消化器科,循環器科",,37.922520,139.043152
1214,医療法人社団ロイヤルハートクリニック,950-0905,新潟市　中央区,天神尾1丁目17番5号,025-244-1122,平成17年4月28日,医療法人社団ロイヤルハートクリニック,山脇　芳,0,0,0,0,0,0,0,0,0,0,0,0,0,0,0,0,0,0,0,0,0,0,0,0,0,0,0,0,0,0,0,1,1,0,0,0,0,0,0,19,0,19,,,37.874226,138.971970
1215,医療法人社団井上内科医院,950-0945,新潟市　中央区,女池上山5丁目3番5号,025-281-1200,平成18年9月20日,医療法人社団井上内科医院,井上　正則,1,0,0,1,0,0,1,0,0,0,0,0,1,0,0,0,0,0,0,0,0,0,0,0,0,0,0,0,0,0,0,0,0,0,0,0,0,0,0,0,0,0,"消化器科,代謝内科",,37.924778,139.092606
1216,医療法人社団栗田脳外科内科医院,950-2024,新潟市　西区,小新西3丁目14番7号,025-232-8855,平成17年6月1日,医療法人社団栗田脳外科内科医院,栗田　勇,1,0,0,0,0,0,0,0,0,0,0,0,0,0,0,1,0,0,0,0,0,0,0,1,0,0,0,0,0,0,0,0,0,1,0,0,0,0,0,0,0,0,,,37.942551,139.089264
1217,東京ハートリズムクリニック新潟,950-0014,新潟市　東区,松崎1丁目18番12号,025-272-5252,平成14年4月1日,医療法人社団大志会,山地　博介,0,0,1,0,0,0,0,0,0,0,0,0,0,0,0,0,0,0,0,0,0,0,0,0,0,0,0,0,0,0,0,0,0,1,0,0,0,0,0,19,0,19,,,37.934681,139.112595
1218,医療法人社団大野眼科,950-0852,新潟市　東区,石山3丁目5番13号,025-287-1133,平成10年9月1日,医療法人社団大野眼科,大野　淳,0,0,0,0,0,0,0,0,0,0,0,0,0,0,0,0,0,0,0,0,0,0,0,0,0,0,0,1,0,0,0,0,0,0,0,0,0,0,0,0,0,0,,,37.867638,139.094009
1219,医療法人社団田中クリニック,950-0893,新潟市　東区,はなみずき1丁目14番18号,025-279-5030,平成18年4月1日,医療法人社団田中クリニック,田中　申介,1,0,0,1,0,0,0,0,0,0,0,0,0,0,0,1,0,0,0,0,0,0,1,0,0,0,0,0,0,0,0,0,0,0,0,0,0,0,0,0,0,0,胃腸内科,,37.922520,139.043152
1220,医療法人社団片桐医院,950-0123,新潟市　江南区,亀田水道町1丁目1番51号2,025-381-3320,平成2年4月1日,医療法人社団片桐医院,片桐　敦子,1,0,0,0,0,0,0,0,0,0,0,0,0,0,0,0,0,0,0,0,0,0,0,0,0,0,0,0,0,0,0,0,0,0,0,0,0,0,0,0,0,0,,,37.870163,138.982666
1221,医療法人社団野中内科医院,950-0076,新潟市　中央区,沼垂西1丁目8番5号,025-246-3513,平成13年4月1日,医療法人社団野中内科医院,野中　麗永,1,0,1,0,0,0,0,0,0,0,0,0,0,0,0,0,0,0,0,0,0,0,0,0,0,0,0,0,0,0,0,0,0,0,0,0,0,0,0,0,0,0,循環器科,,37.788528,139.114609
1222,医療法人美郷会こころはすクリニック,950-2022,新潟市　西区,小針4丁目39-28,025-234-3800,平成23年4月1日,医療法人美郷会,江部　和人,1,0,0,0,0,0,0,0,0,0,0,0,0,0,0,0,0,0,0,0,0,0,0,0,0,0,0,0,0,0,0,0,0,0,0,0,0,0,0,0,0,0,,,37.885746,139.048141
1223,井上内科クリニック,956-0806,新潟市　秋葉区,みそら野1丁目13番8号,0250-24-1222,平成21年4月1日,井上　健彦,井上　健彦,1,0,1,0,0,0,0,0,0,0,0,0,1,0,0,0,0,0,0,0,0,0,0,0,0,0,0,0,0,0,0,0,0,0,0,0,0,0,0,0,0,0,,,37.817646,138.906616
1224,一般社団法人　新潟県労働衛生医学協会　附属　集団検診センター,951-8133,新潟市　中央区,川岸町1丁目39番地の5,025-267-1200,昭和49年4月1日,一般社団法人　新潟県労働衛生医学協会,関根　厚雄,1,1,0,1,0,0,0,0,0,0,0,0,0,0,0,0,0,0,0,0,0,0,0,0,0,0,0,0,0,0,0,0,0,0,0,0,0,0,0,0,0,0,"呼吸器科,消化器科（胃腸科）",,37.795948,138.908401
1225,一般社団法人新潟県労働衛生医学協会新潟健診スクエア,950-1187,新潟市　西区,北場1185番地3,025-379-0550,平成10年1月5日,一般社団法人新潟県労働衛生医学協会,月岡　恵,1,0,0,0,0,0,0,0,0,0,0,0,0,0,0,0,0,0,0,0,0,0,0,0,0,0,0,0,0,0,0,0,0,0,0,0,0,0,0,0,0,0,,,37.792240,139.173279
1226,一般社団法人新潟県労働衛生医学協会付属岩室成人病検診センター,953-0103,新潟市　西蒲区,橋本143番地1,0256-82-5001,昭和63年4月20日,一般社団法人新潟県労働衛生医学協会,廣野　達彦,1,1,0,0,0,0,0,0,0,0,0,0,0,0,0,0,0,0,0,0,0,0,0,0,0,0,0,0,0,0,0,0,0,0,0,0,0,0,0,0,0,0,呼吸器科,,37.922520,139.043152
1227,一般社団法人新潟県労働衛生医学協会付属新津成人病検診センター,956-0035,新潟市　秋葉区,程島2009番地,0250-22-1362,平成7年4月17日,一般社団法人新潟県労働衛生医学協会,小幡　八郎,1,0,0,0,0,0,0,0,0,0,0,0,0,0,0,0,0,0,0,0,0,0,0,0,0,0,0,0,0,0,0,0,0,0,0,0,0,0,0,0,0,0,,,37.922520,139.043152
1228,一般社団法人新潟県労働衛生医学協会附属プラーカ検診センター,950-0917,新潟市　中央区,天神1丁目1番1号ﾌﾟﾗｰｶ3 5F,025-247-4101,平成2年2月19日,一般社団法人新潟県労働衛生医学協会,成澤　林太郎,1,0,0,0,0,0,0,0,0,0,0,0,0,0,0,0,0,0,0,0,0,0,0,0,0,0,0,0,0,0,0,0,1,0,1,0,0,0,0,0,0,0,,,37.910194,139.061844
1229,一般社団法人新潟県労働衛生医学協会附属巡回診療所,951-8133,新潟市　中央区,川岸町1丁目39番地の5,025-267-1200,昭和54年7月1日,一般社団法人新潟県労働衛生医学協会,佐藤　幸示,1,0,0,0,0,0,0,0,0,0,0,0,0,0,0,0,0,0,0,0,0,0,0,0,0,0,0,0,0,0,0,0,0,0,0,0,0,0,0,0,0,0,,,37.912983,139.032181
1230,一般社団法人新潟県労働衛生医学協会附属新潟ブレスト検診センター,951-8133,新潟市　中央区,川岸町1丁目39番地5,025-234-3737,平成18年5月1日,一般社団法人新潟県労働衛生医学協会,諸田　哲也,0,0,0,0,0,0,0,0,0,0,0,0,0,0,0,1,0,0,0,0,0,0,0,0,0,0,0,0,0,0,0,0,0,0,1,0,0,0,0,0,0,0,,,37.912983,139.032181
1231,一般社団法人新潟県労働衛生医学協会附属中央診療所,951-8133,新潟市　中央区,川岸町1丁目47番7号健康増進ｾﾝﾀｰ内,025-232-0151,昭和54年9月17日,一般社団法人新潟県労働衛生医学協会,中島　美萌,1,0,0,0,0,0,0,0,0,0,0,0,0,0,0,0,0,0,0,0,0,0,0,0,0,0,0,0,0,0,0,0,0,0,0,0,0,0,0,0,0,0,,,37.924778,139.092606
1232,羽賀心臓血管外科クリニック,950-0917,新潟市　中央区,天神1丁目12番地7LEXN1 2F,025-244-5539,平成23年10月1日,医療法人羽賀心臓血管外科クリニック,羽賀　学,1,0,0,0,0,0,0,0,0,0,0,0,0,0,0,0,0,1,0,0,0,0,0,0,0,0,0,0,0,0,0,0,0,0,0,0,0,0,0,0,0,0,心臓血管外科,,37.924778,139.092606
1233,羽尾整形外科,950-0005,新潟市　東区,太平3丁目30番地10号,025-275-6116,平成6年4月1日,羽尾　清昭,羽尾　清昭,0,0,0,0,0,0,0,0,0,0,1,0,0,0,0,0,0,0,0,0,0,0,0,0,1,0,0,0,0,0,0,0,0,1,0,0,0,0,0,0,0,0,,,37.880299,139.034378
1234,浦野耳鼻咽喉科医院,950-0814,新潟市　東区,逢谷内3丁目1番26号,025-270-3387,平成16年4月1日,医療法人社団浦野耳鼻咽喉科医院,浦野　正美,0,0,0,0,0,0,0,0,0,0,0,0,0,0,0,0,0,0,0,0,0,0,0,0,0,0,0,0,1,0,0,0,0,0,0,0,0,0,0,0,0,0,,,37.922520,139.043152
1235,永井皮フ科クリニック,950-0088,新潟市　中央区,万代1丁目2番14号ｼﾙﾊﾞ-流通ﾋﾞﾙ4階,025-247-3677,平成1年6月1日,永井　透,永井　透,0,0,0,0,0,0,0,0,1,0,0,0,0,0,0,0,0,0,0,0,0,0,0,0,0,0,0,0,0,0,0,0,0,0,0,0,0,0,0,0,0,0,,,37.915218,139.056656
1236,駅前ＡＧＡクリニック　新潟院,950-0901,新潟市　中央区,弁天1丁目1-22 東信新潟ﾋﾞﾙ6階,025-384-4308,令和3年4月30日,片山　聖子,片山　聖子,0,0,0,0,0,0,0,0,1,0,0,0,0,0,0,0,0,0,0,0,0,0,0,0,0,0,0,0,0,0,0,0,0,0,0,0,0,0,0,0,0,0,美容皮膚科,,37.760490,138.889282
1237,遠藤胃腸科内科医院,950-0912,新潟市　中央区,南笹口1丁目4番11号,025-245-1388,平成5年10月7日,滝澤　英昭,滝澤　英昭,1,0,0,1,0,0,0,0,0,0,0,0,0,0,0,0,0,0,0,0,0,0,0,0,0,0,0,0,0,0,0,0,0,0,0,0,0,0,0,0,0,0,胃腸科,,37.900536,139.076630
1238,遠藤医院,959-0423,新潟市　西蒲区,旗屋697番地1,0256-88-2204,平成11年9月8日,医療法人社団遠藤医院,遠藤　雅裕,1,0,0,0,0,0,0,0,0,0,0,0,0,0,0,0,0,0,0,0,0,0,0,0,0,0,0,0,0,0,0,0,0,0,1,0,0,0,0,0,0,0,,,37.867638,139.094009
1239,塩谷外科医院,950-0861,新潟市　東区,中山6丁目12番19号,025-273-6652,平成21年5月1日,塩谷　善雄,塩谷　善雄,1,0,0,0,0,0,0,0,1,0,0,0,0,0,0,0,0,0,0,0,0,0,0,0,1,0,0,0,0,0,0,0,0,1,0,0,0,0,0,0,0,0,,,37.894066,139.109283
1240,押木内科神経内科医院,950-0164,新潟市　江南区,亀田本町4丁目3番4号,025-381-2052,平成1年4月1日,医療法人社団押木内科神経内科医院,永井　明彦,1,1,0,0,0,1,0,0,0,0,0,0,1,0,0,0,0,0,0,0,0,0,0,0,0,0,0,0,0,0,0,0,0,1,1,0,0,0,0,0,0,0,呼吸器科,,37.880913,139.080048
1241,横田内科医院,950-0131,新潟市　江南区,袋津5丁目4番25号,025-381-2729,平成18年6月1日,医療法人社団横田内科医院,横田　樹也,1,1,0,0,0,0,0,0,0,0,0,0,0,0,0,0,0,0,0,0,0,0,0,0,0,0,0,0,0,0,0,0,0,0,0,0,0,0,0,0,0,0,呼吸器科,,37.922520,139.043152
1242,岡田整形外科,950-0905,新潟市中央区,天神尾2丁目11番2号 ,025-241-8608,令和5年11月6日,医療法人社団　岡田整形外科,岡田　洋和,0,0,0,0,0,0,0,0,0,0,0,0,0,0,0,0,0,0,0,0,0,0,0,0,1,0,0,0,0,0,0,0,0,1,0,0,0,0,0,0,0,0,,,37.924778,139.092606
1243,岡田内科医院,950-0907,新潟市　中央区,幸町7番25号,025-244-1367,平成1年8月1日,医療法人社団岡田内科医院,岡田　潔,1,0,1,1,0,0,0,0,0,0,0,0,0,0,0,0,0,0,0,0,0,0,0,0,0,0,0,0,0,0,0,0,0,0,0,0,0,0,0,0,0,0,消化器科、循環器科,,37.788528,139.114609
1244,岡田内科医院,950-0055,新潟市　東区,北葉町10番5号,025-273-2708,昭和61年12月1日,医療法人社団岡田内科,岡田　雅美,1,0,0,0,0,0,0,0,0,0,0,0,0,0,0,0,0,0,0,0,0,0,0,0,0,0,0,0,0,0,0,0,0,0,0,0,0,0,0,0,0,0,,,37.924885,139.049713
1245,加藤医院,956-0864,新潟市　秋葉区,新津本町3丁目14番11号,0250-22-0185,平成4年10月1日,加藤　秀徳,加藤　秀徳,1,0,1,0,0,0,0,0,0,0,0,0,0,0,0,0,0,0,0,0,0,0,0,0,0,0,0,0,0,0,0,0,0,0,0,0,0,0,0,0,0,0,循環器科,,37.739967,138.857391
1246,海津内科医院,950-0911,新潟市　中央区,笹口2丁目10番12号,025-241-7363,昭和53年4月1日,海津　省三,海津　省三,1,0,1,1,0,0,0,0,1,0,0,0,1,0,0,0,0,0,0,0,0,0,0,0,0,0,0,0,0,0,0,0,0,0,0,0,0,0,0,0,0,0,消化器科、循環器科,,37.760490,138.889282
1247,笠原内科医院,953-0041,新潟市　西蒲区,巻甲2408番地1,0256-72-8066,平成22年6月1日,医療法人社団笠原内科医院,笠原　紳,1,0,0,0,0,0,0,0,0,0,0,0,1,0,0,0,0,0,0,0,0,0,0,0,0,0,0,0,0,0,0,0,0,0,0,0,0,0,0,0,0,0,,,37.754032,138.887634
1248,潟東クリニック,959-0505,新潟市　西蒲区,三方138番地1,0256-86-1118,平成21年10月1日,医療法人　潟東クリニック,福田　喜一,1,0,0,1,0,0,0,0,0,0,0,0,0,0,0,1,0,0,1,0,0,0,1,0,0,0,0,0,0,0,0,0,0,1,0,0,0,0,0,0,0,0,胃腸内科,,37.922440,139.062149
1249,苅部医院,959-0421,新潟市　西蒲区,魲173番地,0256-88-2057,昭和51年4月1日,医療法人社団苅部医院,本間　智子,1,1,0,0,0,0,0,0,0,1,0,0,1,0,0,0,0,0,0,0,0,0,0,0,0,0,0,0,0,0,0,0,0,0,0,0,0,0,0,0,0,0,呼吸器科,,37.924778,139.092606
1250,寒河江眼科クリニック,950-0923,新潟市　中央区,姥ｹ山5丁目4番13号,025-287-6363,平成16年7月1日,寒河江　豊,寒河江　豊,0,0,0,0,0,0,0,0,0,0,0,0,0,0,0,0,0,0,0,0,0,0,0,0,0,0,0,1,0,0,0,0,0,0,0,0,0,0,0,0,0,0,,,37.889568,139.076538
1251,間庭整形外科医院,950-0871,新潟市　東区,山木戸8丁目9番37号,025-270-6100,平成10年9月1日,医療法人社団間庭整形外科医院,間庭　芳文,0,0,0,0,0,0,0,0,0,0,1,0,0,0,0,0,0,0,0,0,0,0,0,0,1,0,0,0,0,0,0,0,0,1,0,0,0,0,0,0,0,0,,,37.801952,139.007370
1252,関屋田町クリニック,951-8136,新潟市　中央区,関屋田町1丁目6番地2,025-266-7722,平成21年4月1日,医療法人社団恒心会,林　恒美,1,0,0,0,0,1,0,0,0,0,0,0,0,0,0,0,0,0,0,0,0,0,0,0,0,0,0,0,0,0,0,0,0,0,0,0,0,0,0,0,0,0,,,37.908024,139.001328
1253,関川医院,950-1455,新潟市　南区,新飯田975番地2,025-374-2002,令和1年9月5日,関川　貞,関川　貞,1,0,0,0,0,0,0,0,0,0,0,0,0,0,0,0,0,0,0,0,0,0,0,0,0,0,0,0,0,0,0,0,0,0,0,0,0,0,0,0,0,0,,,37.867638,139.094009
1254,丸山リハビリテーション診療所,950-2023,新潟市　西区,小新1083番地1ｻﾝﾛｲﾔﾙ新潟1階,025-233-1177,平成15年5月7日,医療法人社団康和会,丸山　孝子,1,0,0,0,0,0,0,0,0,0,0,0,0,0,0,0,0,0,0,0,0,0,0,0,0,0,0,0,0,0,0,0,0,1,0,0,0,0,0,0,0,0,漢方内科,,37.878265,138.996201
1255,丸山診療所,950-0115,新潟市　江南区,丸山472番地1,025-278-5100,平成21年6月1日,波田野　徹,波田野　徹,1,0,0,1,0,0,0,0,0,0,0,0,1,0,0,0,0,0,0,0,0,0,0,0,0,0,0,0,0,0,0,0,0,0,0,0,0,0,0,0,0,0,胃腸内科,,37.922520,139.043152
1256,丸山整形外科・内科,950-1121,新潟市　西区,板井204番地,025-377-4145,平成11年7月21日,丸山　俊章,丸山　俊章,1,0,0,0,0,0,0,0,0,0,0,0,1,0,0,0,0,0,0,0,0,0,0,0,1,0,0,0,0,0,0,0,0,0,1,0,0,0,0,0,0,0,,,37.760490,138.889282
1257,岩永医院,951-8057,新潟市　中央区,月町2014番地,025-222-8709,平成1年4月5日,医療法人社団岩永医院,岩永　明人,1,0,0,0,0,0,0,0,0,0,0,0,1,0,0,0,0,0,0,0,0,0,0,0,0,0,0,0,0,0,0,0,0,0,0,0,0,0,0,0,0,0,,,37.867638,139.094009
1258,岩室藤田医院,953-0104,新潟市　西蒲区,岩室温泉667番地26,0256-82-2113,昭和38年1月1日,藤田　純二,藤田　純二,1,0,0,0,0,0,0,0,0,0,0,0,0,0,0,0,0,0,0,0,0,0,0,0,0,0,0,0,0,0,0,0,0,0,0,0,0,0,0,0,0,0,,,37.867638,139.094009
1259,亀田眼科クリニック,950-0151,新潟市　江南区,亀田四ﾂ興野3丁目2番25号,025-382-0611,平成28年9月1日,山本　達郎,山本　達郎,0,0,0,0,0,0,0,0,0,0,0,0,0,0,0,0,0,0,0,0,0,0,0,0,0,0,0,1,0,0,0,0,0,0,0,0,0,0,0,0,0,0,小児眼科,,37.788528,139.114609
1260,亀田町アイクリニック,950-0157,新潟市　江南区,鵜ﾉ子4丁目466番地ｱﾋﾟﾀ新潟亀田店2F,025-383-3901,平成17年3月1日,医療法人竹医会,東　欣弥,0,0,0,0,0,0,0,0,0,0,0,0,0,0,0,0,0,0,0,0,0,0,0,0,0,0,0,1,0,0,0,0,0,0,0,0,0,0,0,0,0,0,,,37.883160,139.083023
1261,吉村医院,956-0805,新潟市　秋葉区,中野2丁目19番18号,0250-24-8558,昭和57年4月2日,医療法人社団吉村医院,吉村　朗,1,0,0,1,0,0,0,0,0,0,0,0,0,0,0,0,0,0,0,0,0,0,0,0,0,0,0,0,0,0,0,0,0,0,0,0,0,0,0,0,0,0,,,37.820728,138.938248
1262,宮尾耳鼻咽喉科クリニック,950-0945,新潟市　中央区,女池上山5丁目9番9号,025-288-2233,平成30年5月1日,医療法人社団宮尾耳鼻咽喉科クリニック,宮尾　益道,0,0,0,0,0,0,0,0,0,1,0,0,0,0,0,0,0,0,0,0,0,0,0,0,0,0,0,0,1,0,0,0,0,0,0,0,0,0,0,0,0,0,,,37.874226,138.971970
1263,救護施設有明荘医務室診療所,950-2071,新潟市　西区,西有明町1番71号,025-267-0436,昭和54年5月1日,社会福祉法人新潟市有明福祉事業協会,湯浅　保子,1,0,0,0,0,0,0,0,0,0,0,0,0,0,0,0,0,0,0,0,0,0,0,0,0,0,0,0,0,0,0,0,0,0,0,0,0,0,0,0,0,0,,,37.736927,138.866669
1264,橋本耳鼻科クリニック,950-2004,新潟市　西区,平島1丁目18番22号,025-234-2277,平成30年10月1日,医療法人社団橋本耳鼻科クリニック,橋本　茂久,0,0,0,0,0,0,0,0,0,1,0,0,0,0,0,0,0,0,0,0,0,0,0,0,0,0,0,0,1,0,0,0,0,0,0,0,0,0,0,0,0,0,,,37.765850,138.839935
1265,金子医院,953-0125,新潟市　西蒲区,和納1丁目10番17号,0256-82-3012,平成21年1月1日,金子　晋,金子　晋,1,0,0,0,0,0,0,0,0,0,0,0,0,0,0,0,0,0,0,0,0,0,0,0,0,0,0,0,0,0,0,0,0,0,0,0,0,0,0,0,0,0,,,37.924778,139.092606
1266,金子内科医院,953-0041,新潟市　西蒲区,巻甲1175番地1,0256-72-2300,平成17年10月1日,医療法人金子内科医院,金子　直裕,1,1,1,1,0,0,0,0,0,1,0,0,0,0,0,0,0,0,0,0,0,0,0,0,0,0,0,0,0,0,0,0,0,0,0,0,0,0,0,0,0,0,"呼吸器科消化器科,循環器科",,37.874226,138.971970
1267,空港前クリニック,950-0005,新潟市　東区,太平3丁目7番1号,025-271-6000,昭和55年4月1日,医療法人社団卓志会,川﨑　克,0,0,0,0,0,0,0,0,0,0,0,0,0,0,0,1,0,0,0,0,0,0,0,0,0,0,0,0,1,0,0,0,0,0,0,0,0,0,0,0,0,0,,,37.874226,138.971970
1268,軽費老人ホ―ム有明ハイツ医務室診療所,950-2071,新潟市　西区,西有明町1番72号,025-231-3081,昭和54年5月17日,社会福祉法人新潟市有明福祉事業協会,湯浅　保子,1,0,0,0,0,0,0,0,0,0,0,0,0,0,0,0,0,0,0,0,0,0,0,0,0,0,0,0,0,0,0,0,0,0,0,0,0,0,0,0,0,0,,,37.897346,138.990860
1269,月岡内科医院,950-2022,新潟市　西区,小針4丁目4番1号,025-234-1666,平成10年4月1日,医療法人社団月岡内科医院,月岡　啓輔,1,1,0,0,0,0,0,0,0,1,0,0,0,0,0,0,0,0,0,0,0,0,0,0,0,0,0,0,0,0,0,0,0,0,0,0,0,0,0,0,0,0,呼吸器科,,37.885746,139.048141
1270,健やか医院,950-2023,新潟市　西区,小新1130番地,025-232-5301,平成12年4月1日,医療法人社団健心会,蒲澤　崇,1,0,0,0,0,0,0,0,1,0,0,0,0,0,0,0,0,0,0,0,0,0,0,0,0,0,0,0,0,0,0,0,0,0,0,0,0,0,0,0,0,0,,○,37.885746,139.048141
1271,県庁前神経内科クリニック,950-0962,新潟市　中央区,出来島1丁目5番52号ｾﾝﾄﾗﾙｺｰﾄ県庁前1F,025-282-2266,平成22年10月1日,医療法人潤生会,小林　央,1,0,0,0,0,1,0,0,0,0,0,0,0,0,0,0,0,0,0,0,0,0,0,0,0,0,0,0,0,0,0,0,0,1,0,0,0,0,0,0,0,0,,,37.913540,139.221603
1272,原こども医院,950-0992,新潟市　中央区,上所上2丁目13番12号,025-285-1115,平成5年8月1日,原　錬太郎,原　錬太郎,0,0,0,0,0,0,0,0,0,1,0,0,1,0,0,0,0,0,0,0,0,0,0,0,0,0,0,0,0,0,0,0,0,0,0,0,0,0,0,0,0,0,,,37.903553,139.032349
1273,原田整形外科医院,950-3325,新潟市　北区,白新町1丁目3番3号,025-386-8131,平成3年4月10日,原田　彰,原田　彰,0,0,0,0,0,0,0,0,0,0,0,0,0,0,0,0,0,0,0,0,0,0,0,0,1,0,0,0,0,0,0,0,0,0,0,0,0,0,0,0,0,0,,,37.915070,139.033081
1274,古町ルフル消化器内科クリニック,951-8063,新潟市　中央区,古町通7番町1010番 ,025-228-5550,令和2年10月1日,医療法人社団　薫桜会,鈴木　東,1,0,0,1,0,0,0,0,0,0,0,0,1,0,0,0,0,0,0,0,0,0,0,0,0,0,0,0,0,0,0,0,0,0,0,0,0,0,0,0,0,0,,,37.937595,139.073547
1275,古町心療クリニック,951-8062,新潟市　中央区,西堀前通6番町909番地,025-224-7771,平成28年12月20日,医療法人社団北辰会,村竹　辰之,0,0,0,0,0,0,0,0,0,0,0,0,0,1,1,0,0,0,0,0,0,0,0,0,0,0,0,0,0,0,0,0,0,0,0,0,0,0,0,0,0,0,,,37.884277,138.981766
1276,戸井田内科医院,950-0841,新潟市　東区,中野山4丁目15番7号,025-276-2950,平成1年10月6日,医療法人社団戸井田内科医院,戸井田竜成,1,0,1,0,0,0,0,0,0,0,0,0,0,0,0,0,0,0,0,0,0,0,0,0,0,0,0,0,0,0,0,0,0,0,0,0,0,0,0,0,0,0,,,37.828812,139.100861
1277,五十川医院,950-2055,新潟市　西区,寺尾上6丁目5番11号,025-260-1151,令和6年4月1日,医療法人社団五十川医院,五十川　正人,1,0,0,1,0,0,0,0,0,0,0,0,0,0,0,0,0,0,0,0,0,0,0,0,0,0,0,0,0,0,0,0,0,0,0,0,0,0,0,0,0,0,,,37.760490,138.889282
1278,五十嵐医院,956-0046,新潟市　秋葉区,出戸177番地1,0250-22-2721,平成6年9月1日,医療法人社団五十嵐医院,五十嵐　謙一,1,1,0,0,0,0,0,0,0,0,0,0,0,0,0,0,0,0,0,0,0,0,0,0,0,0,0,0,0,0,0,0,0,0,0,0,0,0,0,0,0,0,呼吸器科,,37.867638,139.094009
1279,五十嵐医院,950-1325,新潟市　西蒲区,小吉1074番地1,025-375-5670,平成11年7月1日,医療法人社団五十嵐医院,五十嵐　俊三,1,0,0,0,0,0,0,0,0,0,0,0,0,0,0,0,0,0,0,0,0,0,0,0,0,0,0,0,0,0,0,0,0,0,0,0,0,0,0,0,0,0,,,37.942551,139.089264
1280,五十嵐内科胃腸科医院,950-0324,新潟市　江南区,酒屋町屋敷付821番地29,025-280-2053,平成3年11月1日,医療法人社団五十嵐内科胃腸科医院,五十嵐　一雅,1,1,1,1,0,0,0,0,0,0,0,0,1,0,0,0,0,0,0,0,0,0,0,0,0,0,0,0,0,0,0,0,0,0,0,0,0,0,0,0,0,0,"呼吸器科、胃腸科,循環器科,",,37.922520,139.043152
1281,五味キッズクリニック,950-0852,新潟市　東区,石山4丁目4番14号,025-276-8088,平成10年9月1日,医療法人社団五味キッズクリニック,五味　崇行,0,0,0,0,0,0,0,0,0,1,0,0,1,0,0,0,0,0,0,0,0,0,0,0,0,0,0,0,0,0,0,0,0,0,0,0,0,0,0,0,0,0,,,37.922520,139.043152
1282,公益財団法人新潟県保健衛生センター成人病検診センター,951-8133,新潟市　中央区,川岸町2丁目11番地11,025-267-8191,平成1年5月1日,公益財団法人新潟県保健衛生センター,椎名　真,1,0,0,0,0,0,0,0,0,0,0,0,0,0,0,0,0,0,0,0,0,0,0,0,0,0,0,0,0,0,0,0,1,0,0,0,0,0,0,0,0,0,,,37.867638,139.094009
1283,公益財団法人新潟県保健衛生センター附属診療所,951-8131,新潟市　中央区,白山浦2丁目180番地5,025-267-8191,昭和53年10月2日,公益財団法人新潟県保健衛生センター,笹川　基,1,0,0,0,0,0,0,0,0,0,0,0,0,0,0,0,0,0,0,0,0,0,0,0,0,0,0,0,0,0,0,0,1,0,0,0,0,0,0,0,0,0,,,37.765285,139.039993
1284,向陽メディカルクリニック,950-0121,新潟市　江南区,亀田向陽3丁目9番25号,025-385-8686,平成19年5月1日,医療法人社団青池メディカルオフィス,青池　郁夫,1,0,0,0,0,0,0,0,0,0,0,0,0,0,0,0,0,0,0,0,0,0,0,0,0,0,0,0,0,0,0,0,0,0,0,0,0,0,0,0,0,0,人工透析内科,,37.880314,139.108765
1285,広川医院,950-1416,新潟市　南区,西笠巻66-2,025-373-3221,平成24年1月11日,医療法人社団広川医院,黒田　兼,1,0,0,0,0,0,0,0,0,0,0,0,0,0,0,0,0,0,0,0,0,0,0,0,0,0,0,0,0,0,0,0,0,0,0,0,0,0,0,0,0,0,,,37.736927,138.866669
1286,江南区亀田健康センター診療所,950-0155,新潟市　江南区,泉町3丁目1番3号,025-382-4340,平成29年3月28日,新潟市,山崎　哲,1,0,0,0,0,0,0,0,0,0,0,0,1,0,0,0,0,0,0,0,0,0,0,0,0,0,0,0,0,0,0,0,0,0,0,0,0,0,0,0,0,0,,○,37.760490,138.889282
1287,荒川レディースクリニック,953-0041,新潟市　西蒲区,巻甲4670番地,0256-72-2785,平成18年9月1日,医療法人社団荒川レディースクリニック,荒川　正人,0,0,0,0,0,0,0,0,0,0,0,0,0,0,0,0,0,0,0,0,0,0,0,0,0,0,0,0,0,0,1,0,0,0,0,0,0,0,0,12,0,12,,,37.922520,139.043152
1288,高橋整形外科クリニック,959-0425,新潟市　西蒲区,押付259番地1,0256-70-4020,平成10年10月15日,高橋　純一,高橋　純一,0,0,0,0,0,0,0,0,0,0,0,0,0,0,0,0,0,0,0,0,0,0,0,0,1,0,0,0,0,0,0,0,0,1,0,0,0,0,0,0,0,0,,,37.788528,139.114609
1289,高橋整形外科医院,951-8136,新潟市　中央区,学校町通3番町537番地1,025-267-2051,平成13年10月2日,医療法人社団高橋整形外科,高橋　栄一,0,0,0,0,0,0,0,0,0,0,1,0,0,0,0,0,0,0,0,0,0,0,0,0,1,0,0,0,0,0,0,0,0,1,0,0,0,0,0,0,0,0,,,37.760490,138.889282
1290,高塚医院,956-0864,新潟市　秋葉区,新津本町1丁目7番22号,0250-22-0077,平成1年4月1日,医療法人社団高塚医院,高塚　務,1,0,0,1,0,0,0,0,0,0,0,0,0,0,0,0,0,0,0,0,0,0,0,0,0,0,0,0,0,0,0,0,0,0,1,0,0,0,0,0,0,0,消化器科,,37.901592,139.020996
1291,高木医院,953-0041,新潟市　西蒲区,巻甲2622番地,0256-72-2208,平成7年4月1日,医療法人社団高木医院,高木　顕,1,0,0,0,0,0,0,0,0,0,0,0,1,0,0,0,0,0,0,0,0,0,0,0,0,0,0,0,0,0,0,0,0,0,0,0,0,0,0,0,0,0,,,37.867638,139.094009
1292,根本眼科耳鼻科,951-8152,新潟市　中央区,信濃町11番10号,025-266-2566,平成9年4月1日,医療法人社団根本医院,根本　大志,0,0,0,0,0,0,0,0,0,0,0,0,0,0,0,0,0,0,0,0,0,0,0,0,0,0,0,1,1,0,0,0,0,0,0,0,0,0,0,0,0,0,,,37.788528,139.114609
1293,佐藤医院,950-0321,新潟市　江南区,割野666番地,025-280-2413,昭和61年12月2日,医療法人社団佐藤医院,佐藤　允副,1,0,0,0,0,0,0,0,0,0,0,0,1,0,0,0,0,0,0,0,0,0,0,0,0,0,0,0,0,0,0,0,0,0,1,0,0,0,0,0,0,0,,,37.922520,139.043152
1294,佐藤医院荻川診療所,956-0805,新潟市　秋葉区,中野2丁目8番8号,0250-22-1203,昭和55年3月1日,医療法人佐藤医院,佐藤　允副,1,0,0,0,0,0,0,0,0,0,0,0,1,0,0,0,0,0,0,0,0,0,0,0,0,0,0,0,0,0,0,0,0,0,0,0,0,0,0,0,0,0,,,37.894066,139.109283
1295,佐藤神経内科クリニック,951-8061,新潟市　中央区,西堀通6番町877番地1,025-228-1808,平成12年11月13日,医療法人社団佐藤神経内科クリニック,佐藤　修三,1,0,0,0,0,1,0,0,0,0,0,0,0,0,0,0,0,0,0,0,0,0,0,0,0,0,0,0,0,0,0,0,0,0,0,0,0,0,0,0,0,0,,,37.902359,139.118713
1296,佐文診療所,950-0143,新潟市　江南区,元町2丁目1番41号,025-382-2171,平成20年7月1日,株式会社　佐文工業所,村松　芳幸,1,0,0,0,0,0,0,0,0,0,0,0,0,0,0,0,0,0,0,0,0,0,0,0,0,0,0,0,0,0,0,0,0,0,0,0,0,0,0,0,0,0,,,37.932812,139.052902
1297,佐野医院,950-0853,新潟市　東区,東明2丁目9番2号,025-286-5363,平成1年4月1日,医療法人社団佐野医院,井上重宏,1,0,0,1,0,0,0,0,0,1,0,0,0,0,0,0,0,0,0,0,0,0,0,0,0,0,0,0,0,0,0,0,0,0,0,0,0,0,0,0,0,0,消化器科,,37.952530,139.183273
1298,済生会康和園診療所,951-8006,新潟市　中央区,附船町1丁目4378番地,025-228-2861,昭和59年4月16日,社会福祉法人恩賜財団済生会支部新潟県済生会,伊佐早　悦子,1,0,0,0,0,0,0,0,0,0,0,0,0,0,0,0,0,0,0,0,0,0,0,0,0,0,0,0,0,0,0,0,0,0,0,0,0,0,0,0,0,0,,,37.867638,139.094009
1299,斎藤医院,950-3322,新潟市　北区,嘉山2198番地3,025-386-1210,平成3年4月15日,斎藤　功,斎藤　功,1,0,0,1,0,0,0,0,0,0,0,0,0,0,0,0,0,0,0,0,0,0,0,0,0,0,0,0,0,0,0,0,0,0,0,0,0,0,0,0,0,0,消化器科,,37.922520,139.043152
1300,斎藤内科・消化器科医院,950-0136,新潟市　江南区,城所1丁目7番11号,025-383-3110,平成17年4月15日,医療法人社団斎藤内科・消化器科医院,斎藤　征史,1,0,0,1,0,0,0,0,0,0,0,0,0,0,0,0,0,0,0,0,0,0,0,0,0,0,0,0,0,0,0,0,0,0,0,0,0,0,0,0,0,0,消化器科,,37.765800,139.019165
1301,斎藤内科クリニック,950-0926,新潟市　中央区,高志2丁目20番3号,025-287-5800,平成6年11月7日,斎藤　忠雄,斎藤　忠雄,1,0,0,0,0,0,0,0,0,0,0,0,0,0,0,0,0,0,0,0,0,0,0,0,0,0,0,0,0,0,0,0,0,0,0,0,0,0,0,0,0,0,,,37.849705,138.945511
1302,斎藤皮膚科,950-1214,新潟市　南区,上下諏訪木685番地,025-372-3080,昭和63年4月1日,斎藤　昭雄,斎藤　昭雄,0,0,0,0,0,0,0,0,1,0,0,0,0,0,0,0,0,0,0,0,0,0,0,0,0,0,0,0,0,0,0,0,0,0,0,0,0,0,0,0,0,0,,,37.900860,139.033173
1303,菜の花こどもクリニック,950-2022,新潟市　西区,小針2丁目41番7 ,025-211-2160,令和5年4月6日,小松原　孝夫,小松原　孝夫,0,0,0,0,0,0,0,0,0,1,0,0,1,0,0,0,0,0,0,0,0,0,0,0,0,0,0,0,0,0,0,0,0,0,0,0,0,0,0,0,0,0,,,37.885746,139.048141
1304,在宅ケアクリニック川岸町,951-8133,新潟市　中央区,川岸町2丁目11番14号福新ﾋﾞﾙ2階,025-232-8880,平成22年11月1日,医療法人社団在宅ケアクリニック川岸町,塚田　裕子,1,0,0,0,0,0,0,0,0,0,0,0,0,0,0,0,0,0,0,0,0,0,0,0,0,0,0,0,0,0,0,0,0,0,0,0,0,0,0,0,0,0,緩和ケア内科,,37.910908,139.213303
1305,笹出線近江眼科近江皮膚科,950-0973,新潟市　中央区,上近江2丁目1番33号,025-280-1241,平成19年11月7日,山本　洋子,山本　洋子,0,0,0,0,0,0,0,0,1,1,0,0,0,0,0,0,0,0,0,0,0,0,0,0,0,0,0,1,0,0,0,0,0,0,0,0,0,0,0,0,0,0,,,37.934677,139.085449
1306,三菱ガス化学株式会社新潟工場医務室,950-3121,新潟市　北区,松浜町3500番地,025-258-3554,昭和32年7月5日,三菱ガス化学株式会社新潟工場,増子　正義,1,1,0,0,0,0,0,0,0,0,0,0,0,0,0,1,0,0,0,0,0,0,0,0,0,0,0,0,0,0,0,0,0,1,0,0,0,0,0,0,0,0,呼吸器科,,37.961571,139.147064
1307,山の下クリニック,950-0066,新潟市　東区,長者町5番5号 ,025-273-3535,令和3年4月1日,医療法人社団　阿部胃腸科内科医院,阿部　行宏,1,0,0,1,0,0,0,0,0,0,1,0,0,0,0,0,0,0,0,0,0,0,0,0,0,0,0,0,0,0,0,0,0,0,0,0,0,0,0,0,0,0,,,37.884426,139.064865
1308,山口クリニック,950-3376,新潟市　北区,早通北1丁目3番11号,025-386-1131,平成13年4月1日,医療法人社団山口クリニック,山口　正康,1,0,0,1,0,0,0,0,0,0,0,0,1,0,0,0,0,0,0,0,0,0,0,0,0,0,0,0,0,0,0,0,0,0,0,0,0,0,0,0,0,0,胃腸科,,37.929493,139.050140
1309,山口眼科医院,950-0994,新潟市　中央区,上所1丁目1番24号ｴﾇﾋﾞﾙ1F,025-240-4146,平成12年7月7日,山口　雅之,山口　雅之,0,0,0,0,0,0,0,0,0,0,0,0,0,0,0,0,0,0,0,0,0,0,0,0,0,0,0,1,0,0,0,0,0,0,0,0,0,0,0,4,0,4,,,37.890743,138.970764
1310,山東第二医院,950-0914,新潟市　中央区,紫竹山1丁目3番25号,025-248-3710,平成16年10月1日,医療法人社団山東医院,惠　以盛,1,0,0,0,0,0,0,0,0,0,0,0,0,0,0,0,0,0,0,0,0,0,0,0,0,0,0,0,0,0,0,0,0,0,0,0,0,0,0,0,0,0,内科(人工透析）,,37.874226,138.971970
1311,寺久保耳鼻咽喉科医院,950-1101,新潟市　西区,山田503番地1,025-377-1187,平成10年9月1日,医療法人社団寺久保耳鼻咽喉科医院,寺久保　洋次,0,0,0,0,0,0,0,0,0,1,0,0,0,0,0,0,0,0,0,0,0,0,0,0,0,0,0,0,1,0,0,0,0,0,0,0,0,0,0,0,0,0,,,37.867355,139.016022
1312,寺尾整形外科クリニック,950-2054,新潟市　西区,寺尾東3丁目9番10号,025-260-7272,平成9年9月1日,医療法人すずき会,鈴木　義隆,0,0,0,0,0,0,0,0,0,0,1,0,0,0,0,0,0,0,0,0,0,0,0,0,1,0,0,0,0,0,0,0,0,1,0,0,0,0,0,0,0,0,,,37.760490,138.889282
1313,耳鼻咽喉科　相馬医院,950-2162,新潟市　西区,五十嵐中島4丁目1番8号,025-262-0033,平成3年4月17日,相馬　博志,相馬　博志,0,0,0,0,0,0,0,0,0,0,0,0,0,0,0,0,0,0,0,0,0,0,0,0,0,0,0,0,1,0,0,0,0,0,0,0,0,0,0,0,0,0,,,37.849525,138.921692
1314,耳鼻咽喉科　渡辺医院,953-0041,新潟市　西蒲区,巻甲2515番地3,0256-72-8833,平成23年5月1日,医療法人社団俊友会渡辺医院,渡邉　一道,0,0,0,0,0,0,0,0,0,1,0,0,0,0,0,0,0,0,0,0,0,0,0,0,0,0,0,0,1,0,0,0,0,0,0,0,0,0,0,0,0,0,,,37.913540,139.221603
1315,耳鼻咽喉科やまざきクリニック,950-2042,新潟市　西区,坂井932番地11,025-378-3700,平成29年4月10日,医療法人社団　YHS,山﨑　洋大,0,0,0,0,0,0,0,0,0,0,0,0,0,0,0,0,0,0,0,0,0,0,0,0,0,0,0,0,1,0,0,0,0,0,0,0,0,0,0,0,0,0,,,37.765800,139.019165
1316,耳鼻咽喉科気管食道科とみやま医院,950-3313,新潟市　北区,太田5594番地3,025-388-8733,平成10年4月1日,医療法人社団とみやま医院,冨山　道夫,0,0,0,0,0,0,0,0,0,1,0,0,0,0,0,0,0,0,0,1,0,0,0,0,0,0,0,0,1,0,0,0,0,0,0,0,0,0,0,0,0,0,,,37.874226,138.971970
1317,耳鼻咽喉科和田医院,950-1218,新潟市　南区,白根魚町2番21号,025-372-3806,平成1年4月1日,医療法人社団清和会,和田　倫之助,0,0,0,0,0,0,0,0,0,0,0,0,0,0,0,0,0,0,0,0,0,0,0,0,0,0,0,0,1,0,0,0,0,0,0,0,0,0,0,0,0,0,,,37.936180,139.107559
1318,社会医療法人　新潟勤労者医療協会　坂井輪診療所,950-2054,新潟市　西区,寺尾東3丁目8番35号,025-269-6630,平成1年11月1日,社会医療法人新潟勤労者医療協会,安達　哲夫,1,0,0,1,0,0,0,0,0,0,0,0,0,0,0,0,0,0,0,0,0,0,0,0,0,0,0,0,0,0,0,0,0,0,0,0,0,0,0,0,0,0,消化器科,,37.872219,138.973831
1319,社会医療法人新潟勤労者医療協会ときわ診療所,950-0036,新潟市　東区,空港西1丁目15番17号,025-274-2714,平成12年4月3日,社会医療法人社団新潟勤労者医療協会,畠山　眞,1,0,0,1,0,0,0,0,0,0,0,0,0,0,0,0,0,0,0,0,0,0,0,0,0,0,0,0,0,0,0,0,0,0,1,0,0,0,0,0,0,0,消化器科,,37.874226,138.971970
1320,社会福祉法人新潟市社会事業協会信楽園病院附属有明診療所,950-2071,新潟市　西区,西有明町1番5号,025-267-1251,平成19年1月1日,社会福祉法人新潟市社会事業協会,湯浅　保子,1,0,0,0,1,0,0,0,1,0,0,0,0,0,0,0,0,0,0,0,0,0,0,0,0,0,0,0,0,0,0,0,0,0,0,0,0,0,0,0,0,0,腎臓内科（人工透析）,,37.924881,139.050308
1321,若杉内科医院,950-2112,新潟市　西区,内野町1052番地,025-262-2062,昭和62年7月1日,若杉　洋,若杉　洋,1,0,1,1,0,0,0,0,0,0,0,0,0,0,0,0,0,0,0,0,0,0,0,0,0,0,0,0,0,0,0,0,0,0,0,0,0,0,0,0,0,0,消化器科、循環器科,,37.788528,139.114609
1322,秋田内科放射線科クリニック,950-0962,新潟市　中央区,出来島1丁目6番1号ﾒﾃﾞｨｶﾙﾋﾞﾙ3F,025-281-1050,平成14年9月2日,医療法人社団真由医会,秋田　眞一,1,0,0,1,0,0,0,0,0,0,0,0,0,0,0,0,0,0,0,0,0,0,0,0,0,0,0,0,0,0,0,0,0,0,1,0,0,0,0,0,0,0,胃腸内科,,37.900646,139.023682
1323,秋葉区新津健康センター診療所,956-0035,新潟市　秋葉区,程島1979番地4,0250-22-2940,平成17年3月22日,新潟市,山崎　哲,1,0,0,0,0,0,0,0,0,0,0,0,1,1,0,0,0,0,0,0,0,0,0,0,0,0,0,0,0,0,1,0,0,0,0,0,0,0,0,0,0,0,,○,37.922520,139.043152
1324,舟江診療所,951-8011,新潟市　中央区,入船町3丁目3629番地1,025-229-3588,平成21年4月1日,社会医療法人新潟勤労者医療協会,小林　あかね,1,0,0,0,0,0,0,0,0,0,0,0,0,0,0,0,0,0,0,0,0,0,0,0,0,0,0,0,0,0,0,0,0,0,0,0,0,0,0,0,0,0,,,37.924778,139.092606
1325,勝見整形外科医院,950-0982,新潟市　中央区,堀之内南1丁目32番13号,025-241-0145,平成1年4月7日,医療法人社団勝見整形外科医院,工藤　尚子,0,0,0,0,0,0,0,0,0,0,1,0,0,0,0,0,0,0,0,0,0,0,0,0,1,0,0,0,0,0,0,0,0,1,0,0,0,0,0,0,0,0,,,37.913540,139.221603
1326,勝見皮膚科クリニック,950-0005,新潟市　東区,太平4丁目3番地19,025-274-1232,平成11年3月1日,医療法人社団勝見皮膚科クリニック,勝見　伸也,0,0,0,0,0,0,0,0,1,0,0,0,0,0,0,0,0,0,0,0,0,0,0,0,0,0,0,0,0,0,0,0,0,0,0,0,0,0,0,0,0,0,,,37.788528,139.114609
1327,小黒内科胃腸科医院,950-3313,新潟市　北区,太田5633番地,025-387-0096,平成13年8月1日,医療法人社団仁誠会,小黒　仁,1,0,0,1,0,0,0,0,0,0,0,0,0,0,0,0,0,0,0,0,0,0,0,0,0,0,0,0,0,0,0,0,0,0,0,0,0,0,0,0,0,0,胃腸科,,37.880299,139.034378
1328,小堺医院,956-0101,新潟市　秋葉区,小須戸106番地3,0250-38-2665,令和1年7月1日,医療法人社団小堺医院,小堺　郁夫,1,1,1,1,0,0,0,0,0,1,0,0,0,0,0,0,0,0,0,0,0,0,0,0,0,0,0,0,0,0,0,0,0,0,0,0,0,0,0,0,0,0,胃腸内科,,37.885746,139.048141
1329,小山医院,951-8083,新潟市　中央区,横七番町通2丁目4975番地 ,025-222-5206,令和3年3月14日,小山　右人,小山　右人,1,0,0,0,0,0,0,0,0,0,0,0,0,0,0,0,0,0,0,0,0,1,0,0,0,0,0,0,0,0,0,0,0,0,0,0,0,0,0,0,0,0,,,37.746429,139.074524
1330,小山神経内科・内科クリニック,951-8126,新潟市　中央区,学校町通2番町5308番地1,025-226-0010,平成14年5月25日,小山　晃,小山　晃,1,0,0,0,0,1,0,0,0,0,0,0,0,0,0,0,0,0,0,0,0,0,0,0,0,0,0,0,0,0,0,0,0,0,0,0,0,0,0,0,0,0,,,37.924778,139.092606
1331,小児科高野クリニック,956-0025,新潟市　秋葉区,古田3丁目4番15号,0250-23-3011,平成4年6月13日,医療法人社団小児科高野クリニック,高野　健一郎,0,0,0,0,0,0,0,0,0,0,0,0,1,0,0,0,0,0,0,0,0,0,0,0,0,0,0,0,0,0,0,0,0,0,0,0,0,0,0,0,0,0,,,37.795498,139.107788
1332,小児科廣川医院,950-0837,新潟市　東区,若葉町1丁目20番8号,025-383-8839,平成26年10月2日,廣川　徹,廣川　徹,0,0,0,0,0,0,0,0,0,0,0,0,1,0,0,0,0,0,0,0,0,0,0,0,0,0,0,0,0,0,0,0,0,0,0,0,0,0,0,0,0,0,,,37.874226,138.971970
1333,小出耳鼻咽喉科,956-0862,新潟市　秋葉区,新町1丁目5番25号,0250-22-0202,平成9年4月1日,小出　千秋,小出　千秋,0,0,0,0,0,0,0,0,0,0,0,0,0,0,0,0,0,0,0,0,0,0,0,0,0,0,0,0,1,0,0,0,0,0,0,0,0,0,0,0,0,0,,,37.846748,138.913452
1334,小新女性クリニック,950-2028,新潟市　西区,小新南1丁目8番7号,025-230-6525,平成21年4月1日,医療法人社団　KJC,石井　史郎,0,0,0,0,0,0,0,0,0,0,0,0,0,0,0,0,0,0,0,0,0,0,0,0,0,0,0,0,0,0,0,0,1,0,0,1,0,0,0,0,0,0,,,37.942551,139.089264
1335,小針アイクリニック,950-2022,新潟市　西区,小針6丁目57番6号,025-232-1908,平成26年4月5日,大谷　達郎,大谷　達郎,0,0,0,0,0,0,0,0,0,0,0,0,0,0,0,0,0,0,0,0,0,0,0,0,0,0,0,1,0,0,0,0,0,0,0,0,0,0,0,0,0,0,,,37.783974,139.087723
1336,小田医院,950-0841,新潟市　東区,中野山6丁目1番17号,025-277-9191,平成9年4月2日,医療法人社団　小田医院,小田　勇司,1,0,1,0,0,1,0,0,0,0,0,0,0,0,0,0,0,0,0,0,0,0,0,0,0,0,0,0,0,0,0,0,0,0,0,0,0,0,0,0,0,0,,,37.913540,139.221603
1337,小島耳鼻咽喉科医院,956-0864,新潟市　秋葉区,新津本町1丁目3番10号,0250-22-1047,平成3年4月1日,医療法人社団小島耳鼻咽喉科医院,小島　純也,0,0,0,0,0,0,0,0,0,1,0,0,0,0,0,0,0,0,0,0,0,0,0,0,0,0,0,0,1,0,0,0,0,0,0,0,0,0,0,0,0,0,,,37.846748,138.913452
1338,小飯塚医院,950-3322,新潟市　北区,嘉山5丁目6番4号,025-388-2321,平成1年8月2日,小飯塚　信仁,小飯塚　信仁,1,0,0,1,0,0,0,0,0,0,0,0,0,0,0,0,0,0,0,0,0,0,0,0,0,0,0,0,0,0,0,0,0,0,0,0,0,0,0,0,0,0,消化器科,,37.922520,139.043152
1339,小柳内科医院,950-2003,新潟市　西区,東青山1丁目8番5号,025-231-7667,平成24年10月1日,小柳　明久,小柳　明久,1,0,0,0,1,0,0,0,0,1,1,0,0,0,0,0,0,0,0,0,0,0,0,0,0,0,0,0,0,0,0,0,0,0,0,0,0,0,0,0,0,0,,,37.925179,139.051163
1340,小林医院,950-0075,新潟市　中央区,沼垂東2丁目2番15号,025-244-7501,平成23年9月1日,医療法人社団沼垂小林医院,小林　弘之,1,0,0,0,0,0,0,0,0,0,0,0,0,0,0,0,0,0,0,0,0,0,0,0,0,0,0,0,0,0,0,0,0,0,0,0,0,0,0,0,0,0,,,37.867638,139.094009
1341,小林医院,951-8062,新潟市　中央区,西堀前通6番町897番地,025-227-3737,平成17年4月1日,医療法人社団小林医院,小林　晋一,1,0,0,0,0,0,0,0,0,0,0,0,0,0,0,0,0,0,0,0,0,0,0,0,0,0,0,0,0,0,0,0,0,0,1,0,0,0,0,0,0,0,,,37.902359,139.118713
1342,小林整形外科,950-0151,新潟市　江南区,亀田四ﾂ興野1丁目1番32号,025-382-7333,昭和58年8月8日,小林　邦作,小林　邦作,0,0,0,0,0,0,0,0,0,0,0,0,0,0,0,0,0,0,0,0,0,0,0,0,1,0,0,0,0,0,0,0,0,0,0,0,0,0,0,4,0,4,,,37.880913,139.080048
1343,庄司こども医院,950-0836,新潟市　東区,東中野山4丁目15番7号,025-276-2243,昭和62年9月3日,医療法人社団庄司こども医院,庄司　康寛,0,0,0,0,0,0,0,0,0,1,0,0,1,0,0,0,0,0,0,0,0,0,0,0,0,0,0,0,0,0,0,0,0,0,0,0,0,0,0,0,0,0,,,37.918736,139.038544
1344,松井女性クリニック,951-8062,新潟市　中央区,西堀前通6番町899番地ｼｽ西堀1F,025-222-7878,平成18年4月1日,医療法人社団千祐会,松井　上子,0,0,0,0,0,0,0,0,0,0,0,0,0,0,0,0,0,0,0,0,0,0,0,0,0,0,0,0,0,0,1,0,0,0,0,0,0,0,0,0,0,0,,,37.736927,138.866669
1345,松元眼科,950-0087,新潟市　中央区,東大通2丁目7番15号,025-244-1795,平成1年8月1日,医療法人社団松寿会,松元　直子,0,0,0,0,0,0,0,0,0,0,0,0,0,0,0,0,0,0,0,0,0,0,0,0,0,0,0,1,0,0,0,0,0,0,0,0,0,0,0,0,0,0,,,37.713959,138.977020
1346,松﨑医院,950-1342,新潟市　西蒲区,河間544番地,025-375-3013,平成1年9月1日,医療法人社団松仙会,松崎　真和,1,0,0,0,0,0,0,0,1,0,0,0,1,0,0,0,0,0,0,0,0,0,0,0,0,0,0,0,0,0,0,0,0,0,0,0,0,0,0,0,0,0,,,37.922520,139.043152
1347,松村醫院,953-0041,新潟市　西蒲区,巻甲3276番地1,0256-72-1151,平成16年10月1日,松村　健一郎,松村　健一郎,1,0,0,0,0,0,0,0,1,0,0,0,0,0,0,1,0,0,0,0,0,0,0,1,0,0,0,0,0,0,0,0,0,1,0,0,0,0,0,0,0,0,,,37.913540,139.221603
1348,松田眼科医院,951-8114,新潟市　中央区,営所通1番町308番地3,025-222-2895,平成5年12月1日,医療法人社団松田眼科医院,松田　英伸,0,0,0,0,0,0,0,0,0,0,0,0,0,0,0,0,0,0,0,0,0,0,0,0,0,0,0,1,0,0,0,0,0,0,0,0,0,0,0,8,0,8,,,37.921196,139.039764
1349,松田内科呼吸器科クリニック,950-3102,新潟市　北区,島見町3925番地4,025-257-4100,平成9年6月2日,医療法人社団寛生会,松田　正史,1,1,0,0,0,0,0,0,0,1,0,0,0,0,0,0,0,0,0,0,0,0,0,0,0,0,0,0,0,0,0,0,0,0,0,0,0,0,0,0,0,0,呼吸器科,,37.922520,139.043152
1350,松波クリニック,951-8161,新潟市　中央区,関屋松波町2丁目143番地,025-231-2336,平成2年4月16日,勝井　豊,勝井　豊,1,0,0,0,0,0,0,0,0,0,0,0,0,0,0,1,0,0,0,0,0,0,1,0,0,0,0,0,0,1,0,0,0,0,0,0,0,0,0,6,0,6,,,37.916565,139.021820
1351,松本眼科,950-0911,新潟市　中央区,笹口2丁目1番12号,025-246-2222,平成17年9月5日,医療法人　信眼会,中山　徹,0,0,0,0,0,0,0,0,0,0,0,0,0,0,0,0,0,0,0,0,0,0,0,0,0,0,0,1,0,0,0,0,0,0,0,0,0,0,0,0,0,0,,,37.910046,139.063019
1352,消化器科・内科やなぎさわクリニック,950-0932,新潟市　中央区,長潟2丁目3番1号,025-287-1555,平成18年4月18日,柳澤　善計,柳澤　善計,1,0,0,1,0,0,0,0,0,0,0,0,0,0,0,0,0,0,0,0,0,0,0,0,0,0,0,0,0,0,0,0,0,0,0,0,0,0,0,0,0,0,消化器科,,37.890194,139.070007
1353,湘南美容クリニック新潟院,950-0909,新潟市　中央区,八千代2丁目1番2号 万代ｼﾃｨ･ﾋﾞﾙﾎﾞｰﾄﾞﾌﾟﾚｲｽ3階,050-5865-5691,令和4年6月21日,医療法人社団菜寿会,出口　皓平,0,0,0,0,0,0,0,0,0,0,0,0,0,0,0,0,0,0,0,0,0,0,0,0,0,0,1,0,0,0,0,0,0,0,0,0,0,0,0,0,0,0,美容皮膚科,,37.913540,139.221603
1354,祥慶会　渡辺記念クリニック,951-8068,新潟市　中央区,上大川前通8番町1291番地,025-228-5235,平成28年10月3日,医療法人社団　祥慶会　渡辺記念クリニック,渡邊　博,1,0,0,0,0,0,0,0,0,0,0,0,0,0,0,0,0,0,0,0,0,0,0,0,0,0,0,0,0,0,0,1,1,0,0,1,0,0,0,14,0,14,,,37.692310,138.970703
1355,障がい者支援施設松潟の園診療所,950-3132,新潟市　北区,松潟1482番地1,025-258-0002,平成15年10月1日,社会福祉法人愛宕福祉会,川﨑　克,1,0,0,0,0,0,0,0,0,0,0,0,0,0,0,0,0,0,0,0,0,0,0,0,0,0,0,0,0,0,0,0,0,0,0,0,0,0,0,0,0,0,,,37.938660,139.101547
1356,障害者支援施設かたくりの里医務室,953-0103,新潟市　西蒲区,橋本88番地1,0256-82-1811,平成15年4月1日,社会福祉法人すこやか福祉会,大西　洋司,0,0,0,0,0,1,0,0,0,0,0,0,0,0,0,0,0,0,0,0,0,0,0,0,0,0,0,0,0,0,0,0,0,0,0,0,0,0,0,0,0,0,,,37.922520,139.043152
1357,上原消化器内科クリニック,950-0843,新潟市　東区,粟山3丁目7番8号,025-276-2180,平成22年5月21日,上原　一浩,上原　一浩,1,0,0,1,0,0,0,0,0,0,0,0,1,0,0,0,0,0,0,0,0,0,0,0,0,0,0,0,0,0,1,0,0,0,0,0,0,0,0,0,0,0,,,37.922520,139.043152
1358,上所歯科耳鼻科,950-0971,新潟市　中央区,近江1丁目2番3号 ,025-250-0610,令和4年6月15日,上田　潤,上田　潤,0,0,0,0,0,0,0,0,0,1,0,0,0,0,0,0,0,0,0,0,0,0,0,0,0,0,0,0,1,0,0,0,0,0,0,0,0,0,0,0,0,0,,○,37.903664,139.044449
1359,上村神経科内科医院,951-8167,新潟市　中央区,関屋金衛町1丁目19番地,025-266-1932,平成5年9月19日,上村　諭,上村　諭,1,0,0,0,0,0,0,0,0,0,0,0,0,1,1,0,0,0,0,0,0,0,0,0,0,0,0,0,0,0,0,0,0,0,0,0,0,0,0,0,0,0,,,37.913540,139.018173
1360,植村美容外科,950-0087,新潟市　中央区,東大通1丁目4-5 日生不動産新潟駅前ﾋﾞﾙ2F,025-278-8886,令和5年2月9日,医療法人社団　植村美容外科,植村　元貴,0,0,0,0,0,0,0,0,1,0,0,0,0,0,0,0,0,0,0,0,0,0,0,0,0,0,1,0,0,0,0,0,0,0,0,0,0,0,0,0,0,0,,,37.827976,138.904510
1361,植木外科医院,950-0087,新潟市　中央区,東大通2丁目10番26号,025-241-5553,平成20年5月1日,医療法人社団植木外科医院,植木　秀任,0,0,0,1,0,0,0,0,0,0,0,0,0,0,0,1,0,0,1,0,0,0,1,0,1,0,0,0,0,0,0,0,0,0,0,0,0,0,0,0,0,0,,,37.916534,139.061325
1362,心療内科・神経科高橋クリニック,950-2045,新潟市　西区,五十嵐東1丁目10番19号,025-268-6060,平成17年5月10日,高橋　邦明,高橋　邦明,1,0,0,0,0,0,0,0,0,0,0,0,0,1,1,0,0,0,0,0,0,0,0,0,0,0,0,0,0,0,0,0,0,0,0,0,0,0,0,0,0,0,神経科,,37.922520,139.043152
1363,新井内科・消化器科クリニック,951-8133,新潟市　中央区,川岸町2丁目8番2号,025-378-2611,平成18年2月3日,新井　太,新井　太,1,0,0,1,0,0,0,0,0,0,0,0,0,0,0,0,0,0,0,0,0,0,0,0,0,0,0,0,0,0,0,0,0,0,0,0,0,0,0,0,0,0,消化器科,,37.874226,138.971970
1364,新潟こころの発達クリニック,950-1151,新潟市　中央区,湖南21番地5,025-281-3556,平成26年5月1日,医療法人　志靖会,遠藤　太郎,0,0,0,0,0,0,0,0,0,0,0,0,0,1,1,0,0,0,0,0,0,0,0,0,0,0,0,0,0,0,0,0,0,0,0,0,0,0,0,0,0,0,児童精神科,,37.874531,139.039551
1365,新潟みずほ園内診療所,950-2137,新潟市　西区,小見郷屋107番地2,025-262-0044,昭和52年5月31日,社会福祉法人新潟みずほ福祉会,田澤　義人,1,0,0,0,0,0,0,0,0,0,0,0,0,0,0,0,0,0,0,0,0,0,0,0,1,0,0,0,0,0,0,0,0,0,0,0,0,0,0,0,0,0,,,37.942551,139.089264
1366,新潟メンタルクリニック,950-0916,新潟市　中央区,米山1丁目24番地新潟駅南ｾﾝﾀｰﾋﾞﾙ1階,025-255-1556,平成17年4月20日,熊谷　敬一,熊谷　敬一,0,0,0,0,0,0,0,0,0,0,0,0,0,1,1,0,0,0,0,0,0,0,0,0,0,0,0,0,0,0,0,0,0,0,0,0,0,0,0,0,0,0,神経科,,37.913540,139.221603
1367,新潟医療生活協同組合　木戸クリニック,950-0891,新潟市　東区,上木戸5丁目2番1号,025-274-7960,平成25年4月1日,新潟医療生活協同組合,須永　隆夫,1,1,0,0,0,0,0,0,1,0,0,0,0,0,0,0,0,0,0,0,0,0,0,0,0,0,0,0,0,0,0,0,0,0,0,0,0,0,0,0,0,0,漢方内科,,37.900860,139.033173
1368,新潟医療福祉大学医務室,950-3102,新潟市　北区,島見町1398番地,025-257-4455,平成18年9月8日,学校法人新潟総合学園,塙　晴雄,1,0,0,0,0,0,0,0,0,0,0,0,0,0,0,0,0,0,0,0,0,0,0,0,1,0,0,0,0,0,0,0,0,0,0,0,0,0,0,0,0,0,,,37.966400,139.188843
1369,新潟眼科クリニック,951-8061,新潟市　中央区,西堀通6番町866番地NEXT21 1階･地下1階,025-224-8040,平成29年8月10日,医療法人社団愛眼会,長谷川　茂,0,0,0,0,0,0,0,0,0,0,0,0,0,0,0,0,0,0,0,0,0,0,0,0,0,0,0,1,0,0,0,0,0,0,0,0,0,0,0,0,0,0,,,37.885464,139.135315
1370,新潟競馬場人診療所,950-3301,新潟市北区,笹山3490番地 ,025-259-3141,平成13年7月14日,日本中央競馬会 新潟競馬場,薄井　宏,1,0,0,0,0,0,0,0,0,0,0,0,0,0,0,1,0,0,0,0,0,0,0,0,0,0,0,0,0,0,0,0,0,0,0,0,0,0,0,0,0,0,,,37.912411,139.071442
1371,新潟刑務所医務課診療所,950-0922,新潟市　江南区,山二ﾂ381番地4,025-286-8221,昭和48年2月1日,法務省,,1,1,1,1,0,1,0,0,1,0,0,0,0,1,0,1,0,0,0,1,0,0,1,1,1,0,0,1,1,0,0,0,0,1,1,0,0,0,0,19,0,19,".呼吸器科,消化器科,循環器科,神経科,気管食道科,性病科,こう門科",○,37.889217,139.089478
1372,新潟健康管理診療所,950-0965,新潟市　中央区,新光町11番地1,025-283-3939,昭和61年3月1日,一般社団法人新潟県健康管理協会,湯澤　秀夫,1,0,0,0,0,0,0,0,0,0,0,0,0,0,0,0,0,0,0,0,0,0,0,0,0,0,0,0,0,0,0,0,0,0,0,0,0,0,0,0,0,0,,,37.898788,139.021347
1373,新潟健康推進センター,950-0908,新潟市　中央区,幸西1丁目1番1号,025-244-5891,平成4年3月25日,東日本旅客鉄道株式会社,鈴木　芳樹,1,0,0,0,0,0,0,0,0,0,0,0,0,0,0,0,0,0,0,0,0,0,0,0,0,0,0,0,0,0,0,0,0,0,0,0,0,0,0,0,0,0,,,37.912289,139.051376
1374,新潟健診プラザ,950-0914,新潟市　中央区,紫竹山2丁目6番10号,025-245-1111,平成28年3月9日,一般財団法人　新潟県けんこう財団,石原　清,1,0,0,0,0,0,0,0,0,0,0,0,0,0,0,0,0,0,0,0,0,0,0,0,0,0,0,0,0,0,0,0,1,0,1,0,0,0,0,0,0,0,,,37.901932,139.069092
1375,新潟検疫所診察室,950-0072,新潟市　中央区,竜が島1丁目5番4号,025-241-2323,平成14年11月11日,厚生労働省,柏樹　悦郎,1,0,0,0,0,0,0,0,0,0,0,0,0,0,0,0,0,0,0,0,0,0,0,0,0,0,0,0,0,0,0,0,0,0,0,0,0,0,0,0,0,0,,,37.867638,139.094009
1376,新潟県健康づくり・スポーツ医科学センター,950-0933,新潟市　中央区,清五郎67番地12,025-287-8806,平成14年7月10日,新潟県知事,成田　一衛,1,0,0,0,0,0,0,0,0,0,0,0,0,0,0,0,0,0,0,0,0,0,0,0,1,0,0,0,0,0,0,0,0,1,0,0,0,0,0,0,0,0,,,37.882988,139.059891
1377,新潟県障害者リハビリテーションセンター,950-0121,新潟市　江南区,亀田向陽1丁目9番1号,025-381-8113,平成9年4月1日,新潟県知事,荻荘　則幸,0,0,0,0,0,0,0,0,0,0,0,0,0,0,0,0,0,0,0,0,0,0,0,0,1,0,0,0,0,0,0,0,0,1,0,0,0,0,0,0,0,0,,,37.880913,139.080048
1378,新潟県精神保健福祉センター,950-0994,新潟市　中央区,上所2丁目2番3号,025-280-0111,平成16年3月8日,新潟県知事,堀井　淳一,0,0,0,0,0,0,0,0,0,0,0,0,0,1,0,0,0,0,0,0,0,0,0,0,0,0,0,0,0,0,0,0,0,0,0,0,0,0,0,0,0,0,,,37.906693,139.036484
1379,新潟県赤十字血液センター,950-0954,新潟市　中央区,美咲町1丁目6番15号,025-384-0920,令和2年3月9日,日本赤十字社,新國　公司,1,0,0,0,0,0,0,0,0,0,0,0,0,0,0,0,0,0,0,0,0,0,0,0,0,0,0,0,0,0,0,0,0,0,0,0,0,0,0,0,0,0,,,37.895500,139.016220
1380,新潟県赤十字血液センター万代出張所,950-0088,新潟市　中央区,万代1丁目4番33号損保ｼﾞｬﾊﾟﾝ新潟ｾﾝﾄﾗﾙﾋﾞﾙ2階,025-240-5500,平成16年12月24日,日本赤十字社,布施　一郎,1,0,0,0,0,0,0,0,0,0,0,0,0,0,0,0,0,0,0,0,0,0,0,0,0,0,0,0,0,0,0,0,0,0,0,0,0,0,0,0,0,0,,,37.917416,139.057297
1381,新潟県庁医務室,950-0965,新潟市　中央区,新光町4番1号,025-285-5511,昭和60年6月17日,新潟県知事,前田　一樹,1,0,0,0,0,0,0,0,0,0,0,0,0,0,0,0,0,0,0,0,0,0,0,0,0,0,0,0,0,0,0,0,0,0,0,0,0,0,0,0,0,0,,,37.902454,139.023331
1382,新潟市こころの健康センター診療所,951-8133,新潟市　中央区,川岸町1丁目57番地1,025-232-5560,平成19年4月1日,新潟市,福島　昇,0,0,0,0,0,0,0,0,0,0,0,0,0,1,0,0,0,0,0,0,0,0,0,0,0,0,0,0,0,0,0,0,0,0,0,0,0,0,0,0,0,0,,,37.911022,139.036224
1383,新潟市医師会メジカルセンター,950-0914,新潟市　中央区,紫竹山3丁目3番11号,025-240-4134,平成21年4月1日,一般社団法人　新潟市医師会,岡田　潔,1,0,1,0,0,0,0,0,0,0,0,0,1,0,0,0,0,0,0,0,0,0,0,0,0,0,0,0,0,0,0,0,0,0,1,0,0,0,0,0,0,0,,,37.900879,139.070206
1384,新潟市急患診療センター,950-0914,新潟市　中央区,紫竹山3丁目3番11号,025-246-1199,平成21年4月1日,新潟市,岡田　潔,1,0,0,0,0,0,0,0,0,0,0,0,1,0,0,1,0,0,0,0,0,0,0,1,1,0,0,1,1,0,1,0,0,0,0,0,0,0,0,0,0,0,,,37.874226,138.971970
1385,新潟市保健所,950-0914,新潟市　中央区,紫竹山3丁目3番11号,025-212-8183,平成21年4月1日,新潟市,山崎　哲,1,0,0,0,0,1,0,0,0,0,0,0,1,1,0,0,0,0,0,0,0,0,0,0,1,0,0,0,0,0,0,1,0,0,0,0,0,0,0,0,0,0,感染症内科歯科,○,37.900879,139.070206
1386,新潟大学保健管理センター,950-2102,新潟市　西区,五十嵐2の町8050番地,025-262-6244,昭和49年4月24日,国立大学法人新潟大学,黒田　毅,1,0,0,0,0,0,0,0,0,0,0,0,0,1,0,0,0,0,0,0,0,0,0,0,0,0,0,0,0,0,0,0,0,0,0,0,0,0,0,0,0,0,,○,37.867638,139.094009
1387,新潟大学保健管理センター旭町分室,951-8122,新潟市　中央区,旭町通1番町757番地,025-227-2040,昭和61年4月14日,国立大学法人新潟大学,佐藤　弘惠,1,0,0,0,0,0,0,0,0,0,0,0,0,1,0,0,0,0,0,0,0,0,0,0,0,0,0,0,0,0,0,0,0,0,0,0,0,0,0,0,0,0,,,37.920101,139.037079
1388,新潟中央青果株式会社診療所,950-0114,新潟市　江南区,茗荷谷711番地,025-257-6800,平成19年5月21日,新潟中央青果株式会社,中野　正明,1,0,0,0,0,0,0,0,0,0,0,0,0,0,0,0,0,0,0,0,0,0,0,0,0,0,0,0,0,0,0,0,0,0,0,0,0,0,0,0,0,0,,,37.874226,138.971970
1389,新潟中央透析クリニック,951-8013,新潟市　中央区,柳島町3丁目18番地7,025-222-1185,平成25年4月1日,医療法人社団　葵会,長谷川　和樹,1,0,0,0,0,0,0,0,0,0,0,0,0,0,0,0,0,0,0,0,0,0,0,0,0,0,0,0,0,0,0,0,0,0,0,0,0,0,0,0,0,0,人工透析内科,,37.874226,138.971970
1390,新潟糖尿病クリニック,950-1101,新潟市　西区,山田478番9 ,025-370-1024,令和3年4月15日,医療法人社団ベルツリー,鈴木　克典,1,0,0,0,0,0,1,0,0,0,0,0,0,0,0,0,0,0,0,0,0,0,0,0,0,0,0,0,0,0,0,0,0,0,0,0,0,0,0,0,0,0,,,37.870289,139.014542
1391,新大駅前わたなべ眼科,950-2044,新潟市　西区,坂井砂山4丁目14番7号,025-264-1700,平成12年4月1日,医療法人社団新大駅前わたなべ眼科,渡邉　穣爾,0,0,0,0,0,0,0,0,0,0,0,0,0,0,0,0,0,0,0,0,0,0,0,0,0,0,0,1,0,0,0,0,0,0,0,0,0,0,0,0,0,0,,,37.788528,139.114609
1392,新大駅前皮フ科,950-2044,新潟市　西区,坂井砂山4丁目14番13号,025-269-1210,平成9年4月1日,医療法人社団新大駅前皮フ科,清水　直也,0,0,0,0,0,0,0,0,1,1,0,0,0,0,0,0,0,0,0,0,0,0,0,0,0,0,0,0,0,0,0,0,0,0,0,0,0,0,0,0,0,0,,,37.867638,139.094009
1393,新津メンタルクリニック,956-0031,新潟市　秋葉区,新津5149ｰ12 ,0250-47-3300,令和3年4月9日,湯川　尊行,湯川　尊行,0,0,0,0,0,0,0,0,0,0,0,0,0,1,1,0,0,0,0,0,0,0,0,0,0,0,0,0,0,0,0,0,0,0,0,0,0,0,0,0,0,0,,,37.804790,139.110947
1394,新津産科婦人科クリニック,950-0208,新潟市　江南区,横越中央7丁目1番7号,025-384-4103,平成24年5月1日,医療法人社団晴和会,大野　正文,0,0,0,0,0,0,0,0,0,0,0,0,1,0,0,0,0,0,0,0,0,0,0,0,0,0,0,0,0,0,0,1,1,0,0,1,0,0,0,19,0,19,,,37.874226,138.971970
1395,新津保健所,956-0032,新潟市　秋葉区,南町9番33号,0250-22-5171,昭和7年7月7日,新潟県知事,片桐　幹雄,1,0,0,0,0,0,0,0,0,0,0,0,0,0,0,0,0,0,0,0,0,0,0,0,0,0,0,0,0,0,0,0,0,0,0,0,0,0,0,0,0,0,,,37.794422,139.116913
1396,新通あけみ皮膚科医院,950-2035,新潟市　西区,新通1052番地13,025-211-0112,平成19年6月19日,中村　明美,中村　明美,0,0,0,0,0,0,0,0,1,0,0,0,0,0,0,0,0,0,0,0,0,0,0,0,0,0,0,0,0,0,0,0,0,0,0,0,0,0,0,0,0,0,,,37.901592,139.020996
1397,森川医院,956-0035,新潟市　秋葉区,程島1977番地,0250-22-0410,平成3年7月8日,医療法人社団森川医院,森川　洋,1,0,0,0,0,0,1,0,0,0,0,0,1,0,0,0,0,0,0,0,0,0,0,0,0,0,0,0,0,0,0,0,1,0,0,0,0,0,0,0,0,0,"糖尿病内科（代謝内科）,内分泌内科",,37.874226,138.971970
1398,森田整形外科医院,951-8164,新潟市　中央区,関屋昭和町3丁目152番地,025-266-2647,平成6年4月1日,森田　佳明,森田　佳明,0,0,0,0,0,0,0,0,0,0,0,0,0,0,0,0,0,0,0,0,0,0,0,0,1,0,0,0,0,0,0,0,0,0,0,0,0,0,0,0,0,0,,,37.908024,139.001328
1399,真田内科医院,950-2261,新潟市　西区,赤塚5010番地1,025-239-0070,平成15年3月12日,真田　雅好,真田　雅好,1,0,0,0,0,0,0,0,0,0,0,0,0,0,0,0,0,0,0,0,0,0,0,0,0,0,0,0,0,0,0,0,0,0,0,0,0,0,0,0,0,0,,,37.794140,139.055756
1400,水戸医院,950-2013,新潟市　西区,小針が丘2番35号,025-266-3851,平成25年1月29日,水戸　将郎,水戸　將郎,1,0,1,1,0,0,0,0,0,0,0,0,0,0,0,0,0,0,0,0,0,0,0,0,0,0,0,0,0,0,0,0,0,0,0,0,0,0,0,0,0,0,消化器内科（胃腸内科）,,37.786045,139.023605
1401,水戸部クリニック,950-1214,新潟市　南区,上下諏訪木731番地1,025-372-0755,平成12年5月8日,水戸部　彰彦,水戸部　彰彦,1,0,0,1,0,0,0,0,0,0,0,0,0,0,0,0,0,0,0,0,0,0,0,0,0,0,0,0,0,0,0,0,0,0,0,0,0,0,0,0,0,0,"消化器科,漢方内科",,37.900860,139.033173
1402,杉山内科医院,950-1457,新潟市　南区,清水250-2,025-375-3009,平成23年7月1日,医療法人社団杉山内科医院,杉山　幹也,1,0,0,1,0,0,1,0,0,0,0,0,0,0,0,0,0,0,0,0,0,0,0,0,0,0,0,0,0,0,0,0,0,0,0,0,0,0,0,0,0,0,"胃腸内科,内視鏡内科,糖尿病内科（代謝内科）,胃腸・肝臓内科",,37.913540,139.221603
1403,杉村クリニック,950-0972,新潟市　中央区,新和1丁目3番29号,025-385-7580,平成28年10月1日,医療法人社団　杉村クリニック,杉村　一仁,1,0,0,1,0,0,0,0,0,0,0,0,0,0,0,0,0,0,0,0,0,0,0,0,0,0,0,0,0,0,0,0,0,0,0,0,0,0,0,0,0,0,,,37.846748,138.913452
1404,成田医院,950-3325,新潟市　北区,白新町2丁目13番32号,025-387-2911,平成7年4月1日,医療法人社団成田医院,成田　昌紀,1,1,0,0,0,0,0,0,0,1,0,0,0,0,0,0,0,0,0,0,0,0,0,0,0,0,0,0,0,0,0,0,0,0,0,0,0,0,0,0,0,0,呼吸器科,,37.725700,138.852020
1405,整形外科・眼科大川クリニック,950-2015,新潟市　西区,西小針台2丁目1番36号,025-234-5500,平成25年5月1日,医療法人整形外科・眼科大川クリニック,大川　豊,0,0,0,0,0,0,0,0,0,0,0,0,0,0,0,0,0,0,0,0,0,0,0,0,1,0,0,1,0,0,0,0,0,1,0,0,0,0,0,0,0,0,,,37.924881,139.050308
1406,整形外科･皮膚科しまがきクリニック,953-0041,新潟市　西蒲区,巻甲4647番地1,0256-73-1312,平成10年10月1日,医療法人社団斎和会,島垣　和花,0,0,0,0,0,0,0,0,1,0,1,0,0,0,0,0,0,0,0,0,0,0,0,0,1,0,0,0,0,0,0,0,0,1,0,0,0,0,0,0,0,0,,,37.867638,139.094009
1407,清水皮膚科,950-0905,新潟市　中央区,天神尾1丁目12番12号,025-241-1767,平成8年11月1日,清水　順也,清水　順也,0,0,0,0,0,0,0,0,1,0,0,0,0,0,0,0,0,0,0,0,0,0,0,0,0,0,0,0,0,0,0,0,0,0,0,0,0,0,0,0,0,0,,,37.779701,138.904404
1408,清野医院,950-0151,新潟市　江南区,亀田四ﾂ興野5丁目4番12号,025-383-1333,平成10年5月1日,清野　泰之,清野　泰之,1,1,0,1,0,0,0,0,0,0,0,0,0,0,0,0,0,0,0,0,0,0,0,0,0,0,0,0,0,0,0,0,0,0,1,0,0,0,0,0,0,0,"呼吸器科,消化器科",,37.760490,138.889282
1409,西蒲区巻地域保健福祉センター診療所,953-0041,新潟市　西蒲区,巻甲4363番地,0256-72-7100,平成17年10月11日,新潟市,山崎　哲,1,0,0,0,0,0,0,0,0,0,0,0,1,1,0,0,0,0,0,0,0,0,0,0,0,0,0,0,0,0,1,0,0,0,0,0,0,0,0,0,0,0,,○,37.874226,138.971970
1410,西蒲原地区休日夜間急患診療所,953-0041,新潟市　西蒲区,巻甲4363番地,0256-72-5499,平成12年3月21日,西蒲原福祉事務組合,岡田　潔,1,0,0,0,0,0,0,0,0,0,0,0,1,0,0,0,0,0,0,0,0,0,0,0,0,0,0,0,0,0,0,0,0,0,0,0,0,0,0,0,0,0,,,37.874226,138.971970
1411,西区黒埼健康センター診療所,950-1112,新潟市　西区,金巻772番地1,025-377-2110,平成13年1月1日,新潟市,山崎　哲,1,0,0,0,0,0,0,0,0,0,0,0,1,1,0,0,0,0,0,0,0,0,0,0,0,0,0,0,0,0,1,0,0,0,0,0,0,0,0,0,0,0,,○,37.842686,139.008591
1412,西区坂井輪健康センター診療所,950-2054,新潟市　西区,寺尾東3丁目14番41号,025-264-7453,平成10年1月12日,新潟市,山崎　哲,1,0,0,0,0,0,0,0,0,0,0,0,1,1,0,0,0,0,0,0,0,0,0,0,0,0,0,0,0,0,1,0,0,0,0,0,0,0,0,0,0,0,,○,37.874485,138.971436
1413,西区西地域保健福祉センター診療所,950-2112,新潟市　西区,内野町413番地,025-262-3405,平成28年10月31日,新潟市,山崎　哲,1,0,0,0,0,0,0,0,0,0,0,0,1,1,0,0,0,0,0,0,0,0,0,0,0,0,0,0,0,0,1,0,0,0,0,0,0,0,0,0,0,0,,○,37.858509,138.938171
1414,西新潟なかむら眼科,950-2051,新潟市　西区,寺尾朝日通16番27号 ,025-311-1430,令和3年4月13日,医療法人社団　ＧＮＫ,中村　裕介,0,0,0,0,0,0,0,0,0,0,0,0,0,0,0,0,0,0,0,0,0,0,0,0,0,0,0,1,0,0,0,0,0,0,0,0,0,0,0,0,0,0,,,37.884769,138.986176
1415,西新潟ほんだ内科クリニック,950-2014,新潟市　西区,小針西2丁目12番15号 ,025-378-1800,令和4年6月17日,本田　博樹,本田　博樹,1,0,0,1,0,0,0,0,0,0,0,0,0,0,0,0,0,0,0,0,0,0,0,0,0,0,0,0,0,0,0,0,0,0,0,0,0,0,0,0,0,0,,,37.886158,138.982803
1416,西新潟健診プラザ,950-2028,新潟市　西区,小新南2丁目1番60号 ,025-231-1000,令和4年6月10日,一般財団法人新潟県けんこう財団,高橋　益廣,1,0,0,0,0,0,0,0,0,0,0,0,0,0,0,0,0,0,0,0,0,0,0,0,0,0,0,0,0,0,0,0,1,0,0,0,0,0,0,0,0,0,,,37.867218,138.992981
1417,西新潟整形外科,950-2044,新潟市　西区,坂井砂山4丁目14番3号,025-268-0206,平成3年3月5日,渡辺　政則,渡辺　政則,0,0,0,0,0,0,0,0,0,0,0,0,0,0,0,0,0,0,0,0,0,0,0,0,1,0,0,0,0,0,0,0,0,0,0,0,0,0,0,0,0,0,,,37.868084,138.956085
1418,西新潟中央病院診療部,950-2074,新潟市　西区,真砂1丁目14番1号,025-265-3171,平成21年2月20日,厚生労働省第二共済組合西新潟中央病院,渡辺　健寛,1,1,0,0,0,1,0,0,0,0,0,0,1,1,0,0,0,0,0,0,0,0,0,0,0,0,0,0,0,0,0,0,0,0,0,0,0,0,0,0,0,0,,,37.913540,139.221603
1419,青山内科・眼科クリニック,950-2002,新潟市　西区,青山4丁目1番28号,025-233-0099,平成30年10月1日,医療法人社団青山内科・眼科クリニック,小澤　拓也,1,0,1,0,0,0,0,0,0,0,0,0,0,0,0,0,0,0,0,0,0,0,0,1,0,0,0,1,0,0,0,0,0,0,0,0,0,0,0,0,0,0,,,37.765800,139.019165
1420,青木整形外科医院,950-3321,新潟市　北区,葛塚3188番地,025-386-9751,平成21年4月1日,医療法人青木整形外科医院,青木　亮介,0,0,0,0,0,0,0,0,0,0,0,0,0,0,0,0,0,0,0,0,0,0,0,0,1,0,0,0,0,0,0,0,0,1,0,0,0,0,0,0,0,0,,,37.922520,139.043152
1421,石崎医院,950-1217,新潟市　南区,白根1306番地,025-372-3820,平成8年11月5日,医療法人社団石崎医院,石崎　悦郎,1,0,0,1,0,0,0,0,0,0,0,0,0,0,0,1,0,0,0,0,0,0,1,0,1,0,0,0,0,0,0,0,0,0,0,0,0,0,0,0,0,0,歯科、こう門科、.胃腸科,〇,37.936180,139.107559
1422,川合クリニック,950-0087,新潟市　中央区,東大通2丁目3番26号ﾌﾟﾚｲｽ新潟3階,025-242-1311,平成8年10月1日,川合　千尋,川合　千尋,1,0,0,1,0,0,0,0,0,0,0,0,0,0,0,1,0,0,0,0,0,0,0,0,0,0,0,0,0,0,0,0,0,0,0,0,0,0,0,0,0,0,胃腸内科,,37.794983,139.154099
1423,川名クリニック,950-0891,新潟市　東区,上木戸1丁目2番15号,025-279-0030,平成18年10月1日,医療法人川名クリニック,川名　正博,0,0,0,0,0,0,0,0,0,1,0,0,0,0,0,0,0,0,0,1,0,0,0,0,0,0,0,0,1,0,0,0,0,0,0,0,0,0,0,0,0,0,.頭頚部外科,,37.890743,138.970764
1424,川野眼科,956-0816,新潟市　秋葉区,新津東町2丁目4番29号,0250-22-1010,令和1年5月1日,医療法人　りんどう,川野　修司,0,0,0,0,0,0,0,0,0,0,0,0,0,0,0,0,0,0,0,0,0,0,0,0,0,0,0,1,0,0,0,0,0,0,0,0,0,0,0,0,0,0,,,37.901592,139.020996
1425,前田内科クリニック,950-2041,新潟市　西区,坂井東2丁目2番29号,025-268-1108,平成10年4月1日,医療法人社団前田内科クリニック,前田　裕伸,1,0,0,1,0,0,0,0,0,0,0,0,0,0,0,0,0,0,0,0,0,0,0,0,0,0,0,0,0,0,0,0,0,0,0,0,0,0,0,0,0,0,胃腸内科,,37.788528,139.114609
1426,前田内科医院,951-8021,新潟市　中央区,曙町3160番地4,025-223-4560,平成7年4月7日,医療法人社団前田内科医院,前田　和夫,1,0,0,0,0,0,0,0,0,0,0,0,0,0,0,0,0,0,0,0,0,0,0,0,0,0,0,0,0,0,0,0,0,0,0,0,0,0,0,0,0,0,,,37.874226,138.971970
1427,全天今井眼科医院,956-0864,新潟市　秋葉区,新津本町4丁目15番1号,0250-22-0054,平成25年3月1日,今井　晃,今井　晃,0,0,0,0,0,0,0,0,0,0,0,0,0,0,0,0,0,0,0,0,0,0,0,0,0,0,0,1,0,0,0,0,0,0,0,0,0,0,0,0,0,0,,,37.909237,139.122162
1428,早川小児科クリニック,950-2015,新潟市　西区,西小針台2丁目1番5号,025-234-5650,平成17年5月2日,早川　広史,早川　広史,0,0,0,0,0,0,0,0,0,1,0,0,1,0,0,0,0,0,0,0,0,0,0,0,0,0,0,0,0,0,0,0,0,0,0,0,0,0,0,0,0,0,,,37.924881,139.050308
1429,相澤内科医院,950-0886,新潟市　東区,中木戸41番地1,025-270-1000,平成4年2月1日,医療法人社団相澤内科医院,相澤　正樹,1,1,1,1,0,0,0,0,0,0,0,0,1,0,0,0,0,0,0,0,0,0,0,0,0,0,0,0,0,0,0,0,0,0,1,0,0,0,0,0,0,0,"呼吸器科,消化器科,循環器科",,37.925510,139.101273
1430,村山内科,950-0087,新潟市　中央区,万代1丁目1-32 ﾌﾟﾘｵｰﾙ万代4階,025-243-0088,令和1年7月1日,村山　悟,村山　悟,1,0,0,0,0,0,0,0,0,0,0,0,0,0,0,0,0,0,0,0,0,0,0,0,0,0,0,0,0,0,0,0,0,0,0,0,0,0,0,0,0,0,,,37.917168,139.057861
1431,太田眼科,950-0812,新潟市　東区,豊2丁目6番46号,025-272-8880,平成21年4月1日,医療法人社団太田眼科,太田　正行,0,0,0,0,0,0,0,0,0,0,0,0,0,0,0,0,0,0,0,0,0,0,0,0,0,0,0,1,0,0,0,0,0,0,0,0,0,0,0,0,0,0,,,37.926991,139.054123
1432,大橋みなこキッズクリニック,951-8133,新潟市　中央区,川岸町2丁目8番地17,025-234-0084,平成19年4月1日,医療法人大橋みなこキッズクリニック,大橋　美奈子,0,0,0,0,0,0,0,0,0,1,0,0,1,0,0,0,0,0,0,0,0,0,0,0,0,0,0,0,0,0,0,0,0,0,0,0,0,0,0,0,0,0,,,37.795948,138.908401
1433,大森内科医院,950-0909,新潟市　中央区,八千代1丁目1番30号,025-243-3300,昭和62年8月1日,医療法人社団　大森内科医院,大森　健太郎,1,0,1,0,0,0,0,0,0,0,0,0,0,0,0,0,0,0,0,0,0,0,0,0,0,0,0,0,0,0,0,0,0,0,0,0,0,0,0,19,0,19,循環器科,,37.915146,139.056107
1434,大西医院神経内科・内科,953-0041,新潟市　西蒲区,巻甲1784番地1,0256-70-0024,平成18年4月1日,医療法人　サマリヤ会,大西　洋司,1,0,0,0,0,1,0,0,0,0,0,0,0,0,0,0,0,0,0,0,0,0,0,0,0,0,0,0,0,0,0,0,0,0,0,0,0,0,0,0,0,0,,,37.874226,138.971970
1435,大滝耳鼻科クリニック,950-0932,新潟市　中央区,長潟1204番地4,025-287-1831,平成26年8月18日,医療法人社団　一健市康会,大滝　一,0,0,0,0,0,0,0,0,0,0,0,0,0,0,0,0,0,0,0,0,0,0,0,0,0,0,0,0,1,0,0,0,0,0,0,0,0,0,0,0,0,0,,,37.874226,138.971970
1436,大島内科医院,950-2075,新潟市　西区,松海が丘1丁目12番12号,025-201-3333,平成23年8月1日,医療法人大島内科医院,大島　満,1,0,1,1,0,0,0,0,0,0,0,0,0,0,0,0,0,0,0,0,0,0,0,0,0,0,0,0,0,0,0,0,0,0,0,0,0,0,0,0,0,0,"循環器科,.消化器科",,37.930145,139.056091
1437,大野耳鼻咽喉科医院,950-2053,新潟市　西区,寺尾前通3丁目2番9 ,025-267-5831,令和2年5月18日,医療法人社団　大野耳鼻咽喉科医院,大野　吉昭,0,0,0,0,0,0,0,0,0,1,0,0,0,0,0,0,0,0,0,0,0,0,0,0,0,0,0,0,1,0,0,0,0,0,0,0,0,0,0,0,0,0,,,37.913540,139.221603
1438,大野内科医院,950-0915,新潟市　中央区,鐙西2丁目9番16号,025-244-7847,平成2年7月1日,医療法人社団鐙会,大野　隆史,1,0,0,1,0,0,0,0,0,0,0,0,1,0,0,0,0,0,0,0,0,0,0,0,0,0,0,0,0,0,0,0,0,0,0,0,0,0,0,0,0,0,消化器科,,37.874226,138.971970
1439,大野内科三森診療所,950-3362,新潟市　北区,高森新田200番地8,025-244-7847,平成1年4月1日,医療法人社団鐙会,大野　隆史,1,0,0,0,0,0,0,0,0,0,0,0,0,0,0,0,0,0,0,0,0,0,0,0,0,0,0,0,0,0,0,0,0,0,0,0,0,0,0,0,0,0,,,37.896423,139.074142
1440,第２みずほ園内医務室,950-2137,新潟市　西区,小見郷屋58番地4,025-261-2211,平成6年5月1日,社会福祉法人新潟みずほ福祉会,田澤　義人,1,0,0,0,0,0,0,0,0,0,0,0,0,0,0,0,0,0,0,0,0,0,0,0,0,0,0,0,0,0,0,0,0,0,0,0,0,0,0,0,0,0,,,37.942551,139.089264
1441,第四北越銀行健康保険組合診療所,951-8068,新潟市　中央区,上大川前通8番町1300番地,025-225-5730,令和5年10月1日,第四北越銀行健康保険組合,佐藤　瑞穂,1,0,0,0,0,0,0,0,0,0,0,0,0,0,0,0,0,0,0,0,0,0,0,0,0,0,0,0,0,0,0,0,0,0,0,0,0,0,0,0,0,0,,,37.934677,139.085449
1442,滝沢医院,950-0014,新潟市　東区,松崎2丁目11番14号,025-274-1880,平成11年9月1日,医療法人社団滝沢診療所,滝沢　慎一郎,1,0,0,0,0,0,0,0,0,0,0,0,0,0,0,0,0,0,0,0,0,0,0,0,0,0,0,0,0,0,0,0,0,0,0,0,0,0,0,0,0,0,,,37.930145,139.056091
1443,滝沢診療所,950-0026,新潟市　東区,小金町1丁目17番40号,025-273-5594,平成11年9月1日,医療法人社団滝沢診療所,滝沢　慎一郎,1,0,0,0,0,0,0,0,0,0,0,0,0,0,0,0,0,0,0,0,0,0,0,0,0,0,0,0,0,0,0,0,0,0,0,0,0,0,0,0,0,0,,,37.817219,138.913406
1444,丹羽医院,951-8062,新潟市　中央区,西堀前通3番町722番地,025-222-2871,平成3年3月6日,医療法人社団丹羽医院,丹羽　恵子,1,0,0,1,0,0,0,0,0,0,0,0,0,0,0,0,0,0,0,0,0,0,0,0,0,0,0,0,0,0,0,0,0,0,0,0,0,0,0,0,0,0,消化器科,,37.884277,138.981766
1445,地域密着型特別養護老人ホームルアナ医務室,950-2011,新潟市　西区,小針上山10番5号 ,025-211-6650,令和3年2月1日,社会福祉法人　有徳会,野沢　有二,1,0,0,0,0,0,0,0,0,0,0,0,0,0,0,0,0,0,0,0,0,0,0,0,0,0,0,0,0,0,0,0,0,0,0,0,0,0,0,0,0,0,,,37.885746,139.048141
1446,築井医院,950-2001,新潟市　西区,浦山1丁目3番30号青山ﾊｲﾂ1階,025-266-5353,平成17年10月1日,医療法人社団築井医院,築井　均,1,0,1,0,0,0,0,0,0,0,0,0,1,0,0,0,0,0,0,0,0,0,0,0,0,0,0,0,0,0,0,0,0,0,0,0,0,0,0,0,0,0,循環器科,,37.924778,139.092606
1447,竹内皮フ科,950-0973,新潟市　中央区,上近江4丁目12番20号ﾃﾞｯｷｨ401 1F,025-283-6077,平成7年10月30日,医療法人社団竹内皮フ科,竹内　誠司,0,0,0,0,0,0,0,0,1,0,0,0,0,0,0,0,0,0,0,0,0,0,0,0,0,0,0,0,0,0,0,0,0,0,0,0,0,0,0,0,0,0,,,37.897877,139.030624
1448,中ざわ心療クリニック,950-0893,新潟市　東区,はなみずき1丁目14番5号,025-272-1200,平成22年7月23日,中澤　秀栄,中澤　秀栄,0,0,0,0,0,0,0,0,0,0,0,0,0,1,1,0,0,0,0,0,0,0,0,0,0,0,0,0,0,0,0,0,0,0,0,0,0,0,0,0,0,0,,,37.922520,139.043152
1449,中央区中央健康センター診療所,951-8018,新潟市　中央区,稲荷町3511番地1,025-378-3839,令和3年12月27日,新潟市,山崎　哲,1,0,0,0,0,0,0,0,0,0,0,0,1,0,0,0,0,0,0,0,0,0,0,0,1,0,0,0,0,0,0,0,0,0,0,0,0,0,0,0,0,0,,○,37.933113,139.055161
1450,中央区東地域保健福祉センター診療所,950-0082,新潟市　中央区,東万代町9番52号,025-243-5312,令和2年2月25日,新潟市,山崎　哲,1,0,0,0,0,0,0,0,0,0,0,0,1,1,0,0,0,0,0,0,0,0,0,0,0,0,0,0,0,0,1,0,0,0,0,0,0,0,0,0,0,0,,○,37.827976,138.904510
1451,中央区南地域保健福祉センター診療所,950-0972,新潟市　中央区,新和3丁目3番1号,025-285-2373,平成9年3月24日,新潟市,山崎　哲,1,0,0,0,0,0,0,0,0,0,0,0,1,1,0,0,0,0,0,0,0,0,0,0,0,0,0,0,0,0,1,0,0,0,0,0,0,0,0,0,0,0,,○,37.900928,139.040253
1452,中山整形外科,950-2022,新潟市　西区,小針6丁目33番17号,025-266-5413,平成8年4月1日,医療法人社団中山整形外科,中山　剛男,0,0,0,0,0,0,0,0,0,0,1,0,0,0,0,0,0,0,0,0,0,0,0,0,1,0,0,0,0,0,0,0,0,1,0,0,0,0,0,0,0,0,,,37.885746,139.048141
1453,中新潟クリニック,951-8067,新潟市　中央区,本町通7番町1146MY's本町ﾋﾞﾙ3F-D,025-222-7545,平成28年9月1日,医療法人社団　医心会　中新潟クリニック,伊藤　一寿,1,1,0,0,0,0,0,0,0,0,0,0,0,0,0,0,0,0,0,0,0,0,0,0,0,0,0,0,0,0,0,0,0,0,0,0,0,0,0,0,0,0,,,37.915081,139.141632
1454,中島医院,951-8061,新潟市　中央区,西堀通3番町258番地,025-222-8393,平成6年5月23日,長谷川　晴彦,長谷川　晴彦,1,0,0,0,0,0,0,0,0,0,0,0,0,0,0,0,0,0,0,0,0,0,0,1,0,0,0,0,0,0,0,0,0,0,0,0,0,0,0,0,0,0,,,37.884277,138.981766
1455,中野山眼科,950-0835,新潟市　東区,猿ｹ馬場1丁目1番17号,025-276-8011,平成10年3月14日,医療法人社団さかうえ眼科医院,坂上　極,0,0,0,0,0,0,0,0,0,0,0,0,0,0,0,0,0,0,0,0,0,0,0,0,0,0,0,1,0,0,0,0,0,0,0,0,0,0,0,0,0,0,,,37.765800,139.019165
1456,中和内科医院,950-2112,新潟市　西区,内野町602番地1,025-262-0162,平成1年4月5日,医療法人社団中和内科医院,張　大全,1,1,0,0,0,0,0,0,0,1,0,0,1,0,0,0,0,0,0,0,0,0,0,0,0,0,0,0,0,0,0,0,0,0,0,0,0,0,0,0,0,0,感染症内科,,37.760490,138.889282
1457,中澤内科医院,950-1236,新潟市　南区,高井東1丁目469番地,025-371-2002,平成9年11月1日,中澤　朝生,中澤　朝生,1,1,1,1,0,0,0,0,0,0,0,0,1,0,0,0,0,0,0,0,0,0,0,0,0,0,0,0,0,0,0,0,0,0,0,0,0,0,0,0,0,0,"呼吸器科,消化器科,循環器科",,37.849705,138.945511
1458,長沼医院,953-0041,新潟市　西蒲区,巻甲2486番地,0256-72-2210,昭和62年12月1日,医療法人社団長沼医院,長沼　甲太郎,1,0,0,0,0,0,0,0,0,0,0,0,1,0,0,0,0,0,0,0,0,0,0,0,0,0,0,0,0,0,0,0,0,0,0,0,0,0,0,0,0,0,,,37.913540,139.221603
1459,長野医院　内科,950-2101,新潟市　西区,五十嵐1の町6448番地 ,025-260-5921,令和2年7月1日,長野　央希,長野　央希,1,0,0,0,0,0,0,1,0,0,0,1,0,0,0,0,0,0,0,0,0,0,0,0,0,0,0,0,0,0,0,0,0,0,0,0,0,0,0,0,0,0,,,37.922520,139.043152
1460,鳥居クリニック,950-3327,新潟市　北区,石動1丁目16番2号,025-384-5959,平成19年5月1日,医療法人鳥居クリニック,鳥居　哲,0,0,0,0,0,0,0,0,1,0,0,0,0,0,0,0,0,0,0,0,0,1,0,0,0,0,0,0,0,0,0,0,0,0,0,0,0,0,0,0,0,0,,,37.874226,138.971970
1461,鳥居耳鼻咽喉科医院,951-8132,新潟市　中央区,一番堀通町691番地,025-222-2015,平成9年4月1日,鳥居　俊,鳥居　俊,0,0,0,0,0,0,0,0,0,1,0,0,0,0,0,0,0,0,0,0,0,0,0,0,0,0,0,0,1,0,0,0,0,0,0,0,0,0,0,0,0,0,,,37.867638,139.094009
1462,塚田内科医院,950-1111,新潟市　西区,大野町3706番地,025-377-2100,昭和62年10月12日,塚田　徳昌,塚田　徳昌,1,0,0,0,0,0,0,0,0,0,0,0,0,0,0,0,0,0,0,0,0,0,0,0,0,0,0,0,0,0,0,0,0,0,0,0,0,0,0,0,0,0,,,37.800117,139.068665
1463,椿田医院,950-0105,新潟市　江南区,大渕176番地 ,025-276-2382,令和4年2月1日,医療法人社団　誠信会,堤　敬一郎,1,0,0,0,0,0,0,0,0,0,0,0,0,0,0,0,0,0,0,0,0,0,0,0,0,0,0,0,0,0,0,0,0,0,0,0,0,0,0,0,0,0,,○,37.800117,139.068665
1464,坪田医院,956-0011,新潟市　秋葉区,車場4丁目11番68号,0250-22-0555,平成9年10月1日,医療法人社団坪田医院,坪田　孝文,1,1,1,1,0,0,0,0,0,0,0,0,1,0,0,0,0,0,0,0,0,0,0,0,0,0,0,0,0,0,0,0,0,0,0,0,0,0,0,0,0,0,"呼吸器科,消化器科,循環器科",,37.874226,138.971970
1465,田沢眼科医院,956-0024,新潟市　秋葉区,山谷町3丁目10番15号,0250-21-1171,平成17年11月13日,田沢　博,田沢　博,0,0,0,0,0,0,0,0,0,0,0,0,0,0,0,0,0,0,0,0,0,0,0,0,0,0,0,1,0,0,0,0,0,0,0,0,0,0,0,0,0,0,,,37.801952,139.007370
1466,田沢内科医院,950-2256,新潟市　西区,山崎1145番地,025-239-2041,平成7年3月7日,医療法人社団義友会,田澤　義人,1,0,0,1,0,0,0,0,0,0,0,0,0,0,0,0,0,0,0,0,0,0,0,0,0,0,0,0,0,0,0,0,0,0,0,0,0,0,0,0,0,0,胃腸科,,37.824036,138.882980
1467,渡辺医院,950-1213,新潟市　南区,能登2丁目8番5号,025-372-2568,平成22年1月1日,渡辺　将隆,渡辺　将隆,1,0,1,0,0,0,0,0,0,0,0,0,0,0,0,0,0,0,0,0,0,0,0,0,0,0,0,0,0,0,0,0,0,0,0,0,0,0,0,0,0,0,,,37.874226,138.971970
1468,土谷内科医院,950-2064,新潟市　西区,寺尾西2丁目8番25号,025-268-1010,平成6年12月28日,土谷　厚,土谷　厚,1,0,1,0,0,0,0,0,0,0,0,0,0,0,0,0,0,0,0,0,0,0,0,0,0,0,0,0,0,0,0,0,0,0,0,0,0,0,0,0,0,0,循環器科,,37.913540,139.221603
1469,土田医院,950-2162,新潟市　西区,五十嵐中島3丁目21番11号,025-262-2656,平成5年11月30日,医療法人社団土田医院,田口　洋子,1,1,0,0,0,0,0,0,0,1,0,0,0,0,0,0,0,0,0,0,0,0,0,0,0,0,0,0,0,0,0,0,0,0,0,0,0,0,0,0,0,0,呼吸器科,,37.924778,139.092606
1470,嶋倉クリニック,950-3321,新潟市　北区,葛塚3433番地,025-386-1290,平成2年4月1日,医療法人社団嶋倉クリニック,嶋倉　泰裕,0,0,0,0,0,0,0,0,0,1,0,0,1,0,0,0,0,0,0,0,0,0,0,0,0,0,0,0,0,0,0,0,0,0,0,0,0,0,0,0,0,0,,,37.922520,139.043152
1471,東ニイガタ友愛クリニック,950-0814,新潟市　東区,逢谷内4丁目2番19号,025-270-1492,平成14年9月1日,医療法人社団友愛会,瀬尾　弘志,0,0,0,0,0,1,0,0,0,0,0,0,0,0,0,1,0,0,0,0,0,0,0,1,0,0,0,0,0,0,0,0,0,1,0,0,0,0,0,0,0,0,,,37.922520,139.043152
1472,東京ノーストクリニック,950-0087,新潟市　中央区,東大通2丁目3番7号 ﾊｲｴｽﾄ新潟ﾋﾞﾙ6階,025-249-5040,令和2年8月29日,関谷　健太,関谷　健太,0,0,0,0,0,0,0,0,0,0,0,0,0,0,0,0,0,0,0,0,0,1,0,0,0,1,0,0,0,0,0,0,0,0,0,0,0,0,0,0,0,0,,,37.933327,139.075165
1473,東京青山クリニック新潟院,950-0901,新潟市　中央区,弁天1丁目4番22号ｸﾞﾘﾝﾋﾞﾙ6F,025-247-1667,平成30年6月1日,丸山　晋司,丸山　晋司,0,0,0,0,0,0,0,0,1,0,0,0,0,0,0,0,0,0,0,0,0,0,0,0,0,1,1,0,0,0,0,0,0,0,0,0,0,0,0,0,0,0,,,37.924778,139.092606
1474,東区石山地域保健福祉センター診療所,950-0852,新潟市　東区,石山1丁目1番12号,025-250-2901,昭和54年5月20日,新潟市,山崎　哲,1,0,0,0,0,0,0,0,0,0,0,0,1,1,0,0,0,0,0,0,0,0,0,0,0,0,0,0,0,0,1,0,0,0,0,0,0,0,0,0,0,0,,○,37.896667,139.089340
1475,東区木戸健康センター診療所,950-0885,新潟市　東区,下木戸1丁目4番1号,025-250-2350,平成23年9月20日,新潟市,山崎　哲,1,0,0,0,0,0,0,0,0,0,0,0,1,1,0,0,0,0,0,0,0,0,0,0,0,0,0,0,0,0,1,0,0,0,0,0,0,0,0,0,0,0,,○,37.924900,139.092590
1476,東新潟まやま眼科,950-0861,新潟市　東区,中山7丁目11番11号,025-282-5586,平成28年4月1日,眞山　徹二,眞山　徹二,0,0,0,0,0,0,0,0,0,0,0,0,0,0,0,0,0,0,0,0,0,0,0,0,0,0,0,1,0,0,0,0,0,0,0,0,0,0,0,0,0,0,,,37.925709,139.041519
1477,東新潟健診プラザ,950-0893,新潟市　東区,はなみずき2丁目10番35号,025-279-1700,平成10年3月2日,一般財団法人　新潟県けんこう財団,石川　和宏,1,0,0,0,0,0,0,0,0,0,0,0,0,0,0,0,0,0,0,0,0,0,0,0,0,0,0,0,0,0,0,0,0,0,0,0,0,0,0,0,0,0,,,37.922520,139.043152
1478,東大通内科クリニック,950-0087,新潟市　中央区,東大通1丁目8番10号,025-249-8555,平成23年5月10日,社会福祉法人新潟慈恵会,荒井　康弘,1,0,0,0,0,0,1,0,0,0,0,0,0,0,0,0,0,0,0,0,0,0,0,0,0,0,0,0,0,0,0,0,0,0,0,0,0,0,0,0,0,0,代謝内科,,37.915783,139.062912
1479,東北電力新潟支店健康推進センター,951-8068,新潟市　中央区,上大川前通5番町84番地,025-223-3151,昭和28年12月1日,東北電力株式会社,丹羽　正之,1,0,0,0,0,0,0,0,0,0,0,0,0,0,0,0,0,0,0,0,0,0,0,0,0,0,0,0,0,0,0,0,0,0,0,0,0,0,0,0,0,0,,,37.919079,139.046829
1480,東堀内科放射線科クリニック,951-8065,新潟市　中央区,東堀通12番町2810番地,025-228-2828,平成19年11月7日,医療法人社団　箕輪医院,箕輪　興仁,1,0,0,1,0,0,0,0,0,0,0,0,0,0,0,0,0,0,0,0,0,0,0,0,0,0,0,0,0,0,0,0,0,0,1,0,0,0,0,0,0,0,消化器科,,37.827976,138.904510
1481,筒井内科クリニック,951-8131,新潟市　中央区,白山浦2丁目646番地97,025-234-2511,平成29年7月1日,医療法人社団　清哉会,宮腰　将史,1,0,0,0,0,0,0,0,0,0,0,0,0,0,0,0,0,0,0,0,0,0,0,0,0,0,0,0,0,0,0,0,0,0,0,0,0,0,0,0,0,0,,,37.874226,138.971970
1482,藤田内科消化器科医院,950-1102,新潟市　西区,善久108番地2,025-379-1288,平成7年4月1日,医療法人社団隆仁会,藤田　一隆,1,0,0,1,0,0,0,0,0,0,0,0,0,0,0,0,0,0,0,0,0,0,0,0,0,1,0,0,0,0,0,0,0,0,0,0,0,0,0,0,0,0,消化器科,,37.860584,139.017075
1483,道場山穂波の里医務室,950-2055,新潟市　西区,寺尾上6丁目17-23,025-211-0080,平成23年2月1日,社会福祉法人坂井輪会,張替　徹,1,0,0,0,0,0,0,0,0,0,0,0,0,0,0,0,0,0,0,0,0,0,0,0,0,0,0,0,0,0,0,0,0,0,0,0,0,0,0,0,0,0,,,37.932407,139.051697
1484,特別養護老人ホーム　あい・いからしの郷　あじさいホーム医務室,950-2076,新潟市　西区,上新栄町3丁目4番77号,025-260-7800,平成30年6月1日,社会福祉法人けやき福祉会,築井　均,1,0,0,0,0,0,0,0,0,0,1,0,0,0,0,0,0,0,0,0,0,0,0,0,0,0,0,0,0,0,0,0,0,0,0,0,0,0,0,0,0,0,,,37.843506,139.059189
1485,特別養護老人ホーム　アルシェふるまち医務室,951-8063,新潟市　中央区,古町通13番町2900番5,025-210-4135,平成31年3月1日,社会福祉法人苗場福祉会,上原　彰史,1,0,0,0,0,0,0,0,0,0,0,0,0,0,0,0,0,0,0,0,0,0,0,0,0,0,0,0,0,0,0,0,0,0,0,0,0,0,0,0,0,0,,,37.874226,138.971970
1486,特別養護老人ホーム　にいがた新生園医務室,950-1136,新潟市　江南区,曽川甲1333番地1,025-281-5775,平成9年6月1日,社会福祉法人　仁成福祉協会,小林　義雄,1,0,0,0,0,0,0,0,0,0,0,0,0,0,0,0,0,0,0,0,0,0,0,0,0,0,0,0,0,0,0,0,0,0,0,0,0,0,0,0,0,0,,,37.913540,139.221603
1487,特別養護老人ホーム　葵の園・新潟内野医務室,950-2151,新潟市　西区,内野西3丁目9番12号,025-261-3333,平成25年11月1日,社会福祉法人葵新生会,蒲澤　壯夫,1,0,0,0,0,0,0,0,0,0,0,0,0,0,0,0,0,0,0,0,0,0,0,0,0,0,0,0,0,0,0,0,0,0,0,0,0,0,0,0,0,0,,,37.788528,139.114609
1488,特別養護老人ホーム　新潟北愛宕の園医務室,950-3324,新潟市　北区,前新田甲74番地1,025-384-6601,平成26年5月1日,社会福祉法人　愛宕福祉会,本間　悠介,1,0,0,0,0,0,0,0,0,0,0,0,0,0,0,0,0,0,0,0,0,0,0,0,0,0,0,0,0,0,0,0,0,0,0,0,0,0,0,0,0,0,,,37.765800,139.019165
1489,特別養護老人ホーム　藤花医務室,956-0864,新潟市　秋葉区,新津本町1丁目11-12,0250-21-2111,平成26年9月1日,社会福祉法人　藤の木原福祉会,今村　達弥,1,0,0,0,0,0,0,0,0,0,0,0,0,0,0,1,0,0,0,0,0,0,0,0,0,0,0,0,0,0,0,0,0,0,0,0,0,0,0,0,0,0,,,37.901592,139.020996
1490,特別養護老人ホーム　白根そよ風の杜　医務室,950-1213,新潟市　南区,能登535番地1,025-372-8000,平成26年4月1日,社会福祉法人　勇樹会,渡邉　将隆,1,0,0,0,0,0,0,0,0,0,0,0,0,0,0,0,0,0,0,0,0,0,0,0,0,0,0,0,0,0,0,0,0,0,0,0,0,0,0,0,0,0,,,37.922520,139.043152
1491,特別養護老人ホーム　美咲の里　医務室,950-0954,新潟市　中央区,美咲町1丁目23番43号,025-288-5221,平成24年12月1日,社会福祉法人にいがた美咲福祉会,渡部　透,1,0,0,0,0,0,0,0,0,0,0,0,0,0,0,0,0,0,0,0,0,0,0,0,0,0,0,0,0,0,0,0,0,0,0,0,0,0,0,0,0,0,,,37.765800,139.019165
1492,特別養護老人ホーム　柳都の杜　医務室,951-8078,新潟市　中央区,四ｯ屋町3丁目5116番地1 ,025-378-4856,令和3年11月1日,社会福祉法人　勇樹会,杉浦　広隆,1,0,0,0,0,0,0,0,0,0,0,0,0,0,0,0,0,0,0,0,0,0,0,0,0,0,0,0,0,0,0,0,0,0,0,0,0,0,0,0,0,0,,,37.760490,138.889282
1493,特別養護老人ホーム　遊生の園　医務室,950-1303,新潟市　南区,西萱場304番地,025-201-6539,平成28年7月1日,社会福祉法人　遊生会,福田　喜一,1,0,0,0,0,0,0,0,0,0,0,0,0,0,0,0,0,0,0,0,0,0,0,0,0,0,0,0,0,0,0,0,0,0,0,0,0,0,0,0,0,0,,,37.924881,139.050308
1494,特別養護老人ホーム　遊生の里　医務室,953-0041,新潟市　西蒲区,巻甲2759番地1,0256-77-7878,平成25年12月1日,社会福祉法人遊生会,松村　健一郎,1,0,0,0,0,0,0,0,0,0,0,0,0,0,0,0,0,0,0,0,0,0,0,0,0,0,0,0,0,0,0,0,0,0,0,0,0,0,0,0,0,0,,,37.924778,139.092606
1495,特別養護老人ホーム藤花・柳都　医務室,951-8013,新潟市　中央区,柳島町3丁目26番地1,025-223-3577,令和8年4月1日,社会福祉法人藤の木原福祉会,野田　恒彦,1,0,0,0,0,0,0,0,0,0,0,0,0,0,0,0,0,0,0,0,0,0,0,0,0,0,0,0,0,0,0,0,0,0,0,0,0,0,0,0,0,0,,,37.920532,139.133224
1496,特別養護老人ホームあしぬま荘　医務室,950-0821,新潟市　東区,岡山1183番地1 ,025-288-1616,令和6年5月1日,社会福祉法人亀田郷芦沼会,穂苅　環,1,0,0,0,0,0,0,0,1,0,0,0,0,0,0,0,0,0,0,0,0,0,0,0,0,0,0,0,0,0,0,0,0,0,0,0,0,0,0,0,0,0,,,37.867638,139.094009
1497,特別養護老人ホームいなほの郷　下山診療所,950-0003,新潟市　東区,下山2丁目587番地1,025-290-7160,平成26年6月1日,社会福祉法人いなほの郷福祉会,波田野　徹,1,0,0,0,0,0,0,0,0,0,0,0,0,0,0,0,0,0,0,0,0,0,0,0,0,0,0,0,0,0,0,0,0,0,0,0,0,0,0,0,0,0,,,37.874226,138.971970
1498,特別養護老人ホームいなほの郷診療所,950-0105,新潟市　江南区,大渕715番地1,025-278-5515,平成17年1月1日,社会福祉法人いなほの郷福祉会,藤澤　正宏,1,0,0,0,0,0,0,0,0,0,0,0,0,0,0,0,0,0,0,0,0,0,0,0,0,0,0,0,0,0,0,0,0,0,0,0,0,0,0,0,0,0,,,37.919216,139.124496
1499,特別養護老人ホームうちの桜園医務室,950-2141,新潟市　西区,内野潟端2090番地,025-264-6611,平成12年11月1日,社会福祉法人にいがた寿会,真田　エイ,1,0,0,0,0,0,0,0,0,0,0,0,0,0,0,0,0,0,0,0,0,0,0,0,0,0,0,0,0,0,0,0,0,0,0,0,0,0,0,0,0,0,,,37.922520,139.043152
1500,特別養護老人ホーム逢谷内医務室,950-0017,新潟市　東区,新松崎1丁目1番12号 ,025-288-5959,令和2年3月1日,社会福祉法人大形福祉会,前田　恒治,1,0,0,0,0,0,0,0,0,0,0,0,0,0,0,0,0,0,0,0,0,0,0,0,0,0,0,0,0,0,0,0,0,0,0,0,0,0,0,0,0,0,,,37.929184,139.115845
1501,特別養護老人ホームおもと園医務室,950-0946,新潟市　中央区,女池西2丁目506番3 ,025-283-5060,令和4年4月1日,社会福祉法人仁成福祉協会,小林　脩,1,0,0,0,0,0,0,0,0,0,0,0,0,0,0,0,0,0,0,0,0,0,0,0,0,0,0,0,0,0,0,0,0,0,0,0,0,0,0,0,0,0,,,37.788528,139.114609
1502,特別養護老人ホームカナン医務室,950-0892,新潟市　東区,寺山3丁目6番11号,025-256-7070,平成23年8月1日,社会福祉法人キングス・ガーデン新潟,穂苅　環,1,0,0,0,0,0,0,0,0,0,0,0,0,0,0,0,0,0,0,0,0,0,0,0,0,0,0,0,0,0,0,0,0,0,0,0,0,0,0,0,0,0,,,37.932407,139.051697
1503,特別養護老人ホームかんばらの里医務室,956-0025,新潟市　秋葉区,古田613番地1,0250-25-1102,昭和63年4月1日,社会福祉法人秋葉福祉会,金子　順二,1,0,0,0,0,0,0,0,0,0,0,0,0,0,0,0,0,0,0,0,0,0,0,0,0,0,0,0,0,0,0,0,0,0,0,0,0,0,0,0,0,0,,,37.790714,139.102066
1504,特別養護老人ホームくりの木医務室,950-0865,新潟市　中央区,本馬越2丁目15番34号,025-278-8400,平成27年5月1日,社会福祉法人　苗場福祉会,田嶋　淳哉,1,0,0,0,0,0,0,0,0,0,0,0,0,0,0,0,0,0,0,0,0,0,0,0,0,0,0,0,0,0,0,0,0,0,0,0,0,0,0,0,0,0,,,37.788528,139.114609
1505,特別養護老人ホームこうめの里医務室,956-0041,新潟市　秋葉区,小屋場335番地1,0250-21-1165,平成21年8月1日,社会福祉法人秋葉福祉会,五十嵐　謙一,1,0,0,0,0,0,0,0,0,0,0,0,0,0,0,0,0,0,0,0,0,0,0,0,0,0,0,0,0,0,0,0,0,0,0,0,0,0,0,0,0,0,,,37.783974,139.087723
1506,特別養護老人ホームこぐち苑医務室,956-0834,新潟市　秋葉区,小口443番地,0250-21-0007,平成16年4月1日,社会福祉法人にいつ福祉会,良田　裕平,1,0,0,0,0,0,0,0,0,0,0,0,0,0,0,0,0,0,0,0,0,0,0,0,0,0,0,0,0,0,0,0,0,0,0,0,0,0,0,0,0,0,,,37.817219,138.913406
1507,特別養護老人ホームこすど蒼丘の里医務室,956-0113,新潟市　秋葉区,矢代田3092番地12,0250-61-0333,平成15年4月1日,社会福祉法人中蒲原福祉会,森川　洋,1,0,0,0,0,0,0,0,0,0,0,0,0,0,0,0,0,0,0,0,0,0,0,0,0,0,0,0,0,0,0,0,0,0,0,0,0,0,0,0,0,0,,,37.765800,139.019165
1508,特別養護老人ホームジェロントピア新潟医務室,950-1101,新潟市　西区,山田3487番地,025-379-1181,平成18年12月1日,社会福祉法人ジェロントピア新潟,内藤　真一,1,0,0,1,0,0,0,0,1,0,0,0,0,0,0,1,0,0,0,0,0,0,0,0,1,0,0,0,0,0,0,0,0,0,0,0,0,0,0,0,0,0,消化器科,,37.875507,139.018005
1509,特別養護老人ホームしなの園医務室,950-1446,新潟市　南区,庄瀬8120番地,025-373-3773,平成9年4月1日,社会福祉法人しろね福祉会,吉沢　浩志,1,0,0,0,0,0,0,0,0,0,0,0,0,0,0,0,0,0,0,0,0,0,0,0,0,0,0,0,0,0,0,0,0,0,0,0,0,0,0,0,0,0,,,37.922520,139.043152
1510,特別養護老人ホームスマイルガーデン黒埼医務室,950-1112,新潟市　西区,金巻880番地1,025-377-1722,平成24年5月1日,社会福祉法人広栄福祉会,小川　和也,1,0,0,0,0,0,0,0,0,0,0,0,0,0,0,0,0,0,0,0,0,0,0,0,0,0,0,0,0,0,0,0,0,0,0,0,0,0,0,0,0,0,,,37.867638,139.094009
1511,特別養護老人ホームせきやの里医務室,951-8142,新潟市　中央区,関屋大川前2丁目7番12号,025-201-1660,平成25年12月1日,社会福祉法人常陽会,蒲澤　知子,1,0,0,0,0,0,0,0,0,0,0,0,0,0,0,0,0,0,0,0,0,0,0,0,0,0,0,0,0,0,0,0,0,0,0,0,0,0,0,0,0,0,,,37.913540,139.221603
1512,特別養護老人ホームソフィア輝診療所,950-0107,新潟市　江南区,三百地2312番地3,025-277-8820,平成16年9月1日,社会福祉法人常陽会,竹内　裕,1,0,0,0,0,0,0,0,0,0,0,0,0,0,0,0,0,0,0,0,0,0,0,0,0,0,0,0,0,0,0,0,0,0,0,0,0,0,0,0,0,0,,,37.898041,139.147461
1513,特別養護老人ホームながうらの郷医務室,950-3343,新潟市　北区,上土地亀2433-1,025-386-1188,平成16年12月1日,社会福祉法人豊聖福祉会,大塚　富雄,1,0,0,0,0,0,0,0,0,0,0,0,0,0,0,0,0,0,0,0,0,0,0,0,0,0,0,0,0,0,0,0,0,0,0,0,0,0,0,0,0,0,,,37.899124,139.211899
1514,特別養護老人ホームなかかんの里医務室,950-0134,新潟市　江南区,曙町4丁目1番29号,025-384-0545,平成27年4月1日,社会福祉法人中蒲原福祉会,藤澤　正宏,1,0,0,0,0,0,0,0,0,0,0,0,0,0,0,0,0,0,0,0,0,0,0,0,0,0,0,0,0,0,0,0,0,0,0,0,0,0,0,0,0,0,,,37.765800,139.019165
1515,特別養護老人ホームなぎさの里診療所,950-3102,新潟市　北区,島見町4524番地13,025-255-3710,平成16年2月1日,社会福祉法人恵生福祉会,布川　修,1,0,0,0,0,0,0,0,0,0,0,0,0,0,0,0,0,0,0,0,0,0,0,0,0,0,0,0,0,0,0,0,0,0,0,0,0,0,0,0,0,0,,,37.788528,139.114609
1516,特別養護老人ホームにいだの里医務室,950-1455,新潟市　南区,新飯田2545番地1,025-374-1007,平成17年4月1日,社会福祉法人ごせん福祉会,渡辺　将隆,1,0,0,0,0,0,0,0,0,0,0,0,0,0,0,0,0,0,0,0,0,0,0,0,0,0,0,0,0,0,0,0,0,0,0,0,0,0,0,0,0,0,,,37.846748,138.913452
1517,特別養護老人ホームはさぎの里医務室,956-0802,新潟市　秋葉区,七日町2186番地9,0250-23-6511,平成11年10月1日,社会福祉法人秋葉福祉会,今村　達弥,1,0,0,0,0,0,0,0,0,0,0,0,0,0,0,0,0,0,0,0,0,0,0,0,0,0,0,0,0,0,0,0,0,0,0,0,0,0,0,0,0,0,,,37.922520,139.043152
1518,特別養護老人ホームはまゆう医務室,950-2076,新潟市　西区,上新栄町1丁目2番12号,025-260-9555,平成8年4月1日,社会福祉法人更生慈仁会,平野　鉄雄,1,0,0,0,0,0,0,0,0,0,0,0,0,0,0,0,0,0,0,0,0,0,0,0,0,0,0,0,0,0,0,0,0,0,0,0,0,0,0,0,0,0,,,37.900860,139.033173
1519,特別養護老人ホームばんだい桜園医務室,950-0908,新潟市　中央区,幸西4丁目5番15号,025-290-2222,平成17年11月1日,社会福祉法人にいがた寿会,真田　エイ,1,0,0,0,0,0,0,0,0,0,0,0,0,0,0,0,0,0,0,0,0,0,0,0,0,0,0,0,0,0,0,0,0,0,0,0,0,0,0,0,0,0,,,37.913540,139.221603
1520,特別養護老人ホームプリメーロ女池医務室,950-0941,新潟市　中央区,女池5丁目2番14号,025-288-5586,平成23年12月1日,社会福祉法人修愛会,水戸　將郎,1,0,0,0,0,0,0,0,0,0,0,0,0,0,0,0,0,0,0,0,0,0,0,0,0,0,0,0,0,0,0,0,0,0,0,0,0,0,0,0,0,0,,,37.913540,139.221603
1521,特別養護老人ホームほうせい園,950-3321,新潟市　北区,葛塚618番地,025-387-0900,平成8年4月9日,社会福祉法人豊聖福祉会,原田　彰,1,0,0,0,0,0,0,0,0,0,0,0,0,0,0,0,0,0,0,0,0,0,0,0,0,0,0,0,0,0,0,0,0,0,0,0,0,0,0,0,0,0,,,37.788528,139.114609
1522,特別養護老人ホームまつはま園医務室,950-3112,新潟市　北区,太夫浜1747番地,025-259-8533,平成5年4月1日,社会福祉法人春陽福祉協会,渡邊　伸,1,0,0,0,0,0,0,0,0,0,0,0,0,0,0,0,0,0,0,0,0,0,0,0,0,0,0,0,0,0,0,0,0,0,0,0,0,0,0,0,0,0,,,37.760490,138.889282
1523,特別養護老人ホームやしろだ苑医務室,956-0113,新潟市　秋葉区,矢代田1234番地1,0250-47-7581,平成24年12月1日,社会福祉法人にいつ福祉会,良田　裕平,1,0,0,0,0,0,0,0,0,0,0,0,0,0,0,0,0,0,0,0,0,0,0,0,0,0,0,0,0,0,0,0,0,0,0,0,0,0,0,0,0,0,,,37.913540,139.221603
1524,特別養護老人ホームゆきわりの里医務室,953-0103,新潟市　西蒲区,橋本1003番地1,0256-82-1822,平成26年4月1日,社会福祉法人すこやか福祉会,上村　旭,1,0,0,0,0,0,0,0,0,0,0,0,0,0,0,0,0,0,0,0,0,0,0,0,0,0,0,0,0,0,0,0,0,0,0,0,0,0,0,0,0,0,,,37.867638,139.094009
1525,特別養護老人ホーム愛宕の園医務室,950-3132,新潟市　北区,松潟1510番地,025-255-7181,平成11年8月21日,社会福祉法人愛宕福祉会,佐藤　正久,1,0,0,0,0,0,0,0,0,0,0,0,0,0,0,0,0,0,0,0,0,0,0,0,0,0,0,0,0,0,0,0,0,0,0,0,0,0,0,0,0,0,,,37.938660,139.101547
1526,特別養護老人ホーム横雲の里医務室,950-0217,新潟市　江南区,阿賀野1丁目2-1,0250-61-5555,平成11年10月1日,社会福祉法人中蒲原福祉会,堀米　亮子,1,0,0,0,0,0,0,0,0,0,0,0,0,0,0,0,0,0,0,0,0,0,0,0,0,0,0,0,0,0,0,0,0,0,0,0,0,0,0,0,0,0,,,37.760490,138.889282
1527,特別養護老人ホーム河渡の郷医務室,950-0024,新潟市　東区,河渡2丁目4番65号,025-270-1414,平成15年9月1日,社会福祉法人河渡の郷福祉会,斎藤　忠雄,1,0,0,0,0,0,0,0,0,0,0,0,0,0,0,0,0,0,0,0,0,0,0,0,0,0,0,0,0,0,0,0,0,0,0,0,0,0,0,0,0,0,,,37.922520,139.043152
1528,特別養護老人ホーム花見の里医務室,959-0415,新潟市　西蒲区,大潟198番地,0256-88-5633,平成9年10月1日,社会福祉法人新潟南福祉会,和田　研,1,0,0,0,0,0,0,0,0,0,0,0,0,0,0,0,0,0,0,0,0,0,0,0,0,0,0,0,0,0,0,0,0,0,0,0,0,0,0,0,0,0,,,37.896938,139.135223
1529,特別養護老人ホーム関屋おもと園医務室,951-8142,新潟市　中央区,関屋大川前1丁目2番36号,025-231-5660,平成22年3月29日,社会福祉法人仁成福祉協会,富樫　素子,1,0,0,0,0,0,0,0,0,0,0,0,0,0,0,0,0,0,0,0,0,0,0,0,0,0,0,0,0,0,0,0,0,0,0,0,0,0,0,0,0,0,,,37.902172,139.015045
1530,特別養護老人ホーム向陽の里・あさひ園医務室,950-0121,新潟市　江南区,亀田向陽2丁目6番1号,025-382-8222,平成9年4月1日,社会福祉法人中蒲原福祉会,渡辺　信也,1,0,0,0,0,0,0,0,0,0,0,0,0,0,0,0,0,0,0,0,0,0,0,0,0,0,0,0,0,0,0,0,0,0,0,0,0,0,0,0,0,0,,,37.870163,138.982666
1531,特別養護老人ホーム江東園医務室,950-0923,新潟市　中央区,姥ｹ山359番地1,025-287-5201,平成8年9月24日,社会福祉法人健周福祉会,高井　和江,1,0,0,0,0,0,0,0,0,0,0,0,0,0,0,0,0,0,0,0,0,0,0,0,0,0,0,0,0,0,0,0,0,0,0,0,0,0,0,0,0,0,,,37.924778,139.092606
1532,特別養護老人ホーム黒埼の里医務室,950-1112,新潟市　西区,金巻728番地,025-377-1116,平成12年4月1日,社会福祉法人西蒲原郡郡北福祉会,平野　鉄雄,1,0,0,0,0,0,0,0,0,0,0,0,0,0,0,0,0,0,0,0,0,0,0,0,0,0,0,0,0,0,0,0,0,0,0,0,0,0,0,0,0,0,,,37.913540,139.221603
1533,特別養護老人ホーム山王苑にいがた医務室,950-0806,新潟市　東区,海老ｹ瀬643番地,025-278-9055,平成24年4月1日,社会福祉法人茨塚福祉会,瀬尾　弘志,1,0,0,0,0,0,0,0,0,0,0,0,0,0,0,0,0,0,0,0,0,0,0,0,0,0,0,0,0,0,0,0,0,0,0,0,0,0,0,0,0,0,,,37.874226,138.971970
1534,特別養護老人ホーム新屋敷まつはま園医務室,950-3125,新潟市　北区,松浜本町4丁目1番20号,025-258-6370,平成21年7月1日,社会福祉法人春陽福祉協会,渡邊　伸,1,0,0,0,0,0,0,0,0,0,0,0,0,0,0,0,0,0,0,0,0,0,0,0,0,0,0,0,0,0,0,0,0,0,0,0,0,0,0,0,0,0,,,37.954754,139.119003
1535,特別養護老人ホーム新潟あそか苑医務室,950-2126,新潟市　西区,大友141番地1,025-263-8411,平成15年2月1日,社会福祉法人啓真会,築井　均,1,0,0,0,0,0,0,0,0,0,0,0,0,0,0,0,0,0,0,0,0,0,0,0,0,0,0,0,0,0,0,0,0,0,0,0,0,0,0,0,0,0,,,37.800117,139.068665
1536,特別養護老人ホーム新潟東愛宕の園　医務室,950-0837,新潟市　東区,若葉町2丁目17番40号,025-257-6010,平成24年10月1日,社会福祉法人　愛宕福祉会,波田野　徹,1,0,0,0,0,0,0,0,0,0,0,0,0,0,0,0,0,0,0,0,0,0,0,0,0,0,0,0,0,0,0,0,0,0,0,0,0,0,0,0,0,0,,,37.899742,139.116760
1537,特別養護老人ホーム真寿苑医務室,956-0004,新潟市　秋葉区,大鹿516番1,0250-25-1117,平成23年4月1日,社会福祉法人　博愛仁志会,伊藤　久彰,1,0,0,0,0,0,0,0,0,0,0,0,0,0,0,0,0,0,0,0,0,0,0,0,0,0,0,0,0,0,0,0,0,0,0,0,0,0,0,0,0,0,,,37.814133,138.944702
1538,特別養護老人ホーム大山愛宕の園医務室,950-0067,新潟市　東区,大山2丁目13番34号,025-271-6700,令和6年5月1日,社会福祉法人愛宕福祉会,鈴木　東,1,0,0,0,0,0,0,0,0,0,0,0,0,0,0,0,0,0,0,0,0,0,0,0,0,0,0,0,0,0,0,0,0,0,0,0,0,0,0,0,0,0,,,37.937077,139.078476
1539,特別養護老人ホーム中之口愛宕の園医務・看護職員室,950-1344,新潟市　西蒲区,福島305番地1,025-375-8811,平成16年8月1日,社会福祉法人愛宕福祉会,五十嵐　俊三,1,0,0,0,0,0,0,0,0,0,0,0,0,0,0,0,0,0,0,0,0,0,0,0,0,0,0,0,0,0,0,0,0,0,0,0,0,0,0,0,0,0,,,37.822659,139.098221
1540,特別養護老人ホーム桃山園医務室,950-0051,新潟市　東区,桃山町1丁目114番地7,025-279-4151,平成10年11月16日,社会福祉法人新潟臨港福祉会,西山　藤司夫,1,0,0,0,0,0,0,0,0,0,0,0,0,0,0,0,0,0,0,0,0,0,0,0,0,0,0,0,0,0,0,0,0,0,0,0,0,0,0,0,0,0,,,37.788528,139.114609
1541,特別養護老人ホーム藤花・荻川　医務室,956-0013,新潟市　秋葉区,田島109番地,0250-24-2111,平成29年6月1日,社会福祉法人　藤の木原福祉会,寺島　哲郎,1,0,0,0,0,0,0,0,0,0,0,0,0,0,0,1,0,0,0,0,0,0,0,0,0,0,0,0,0,0,0,0,0,0,0,0,0,0,0,0,0,0,,,37.924778,139.092606
1542,特別養護老人ホーム藤花・小阿賀医務室,956-0011,新潟市　秋葉区,車場1丁目389番地1 ,0250-21-1108,令和2年5月1日,社会福祉法人藤の木原福祉会,寺島　哲郎,1,0,0,0,0,0,0,0,0,0,0,0,0,0,0,1,0,0,0,0,0,0,0,0,0,0,0,0,0,0,0,0,0,0,0,0,0,0,0,0,0,0,,,37.760490,138.889282
1543,特別養護老人ホーム徳蓮荘医務室,950-0886,新潟市　東区,中木戸377番地11,025-272-6575,平成23年2月1日,社会福祉法人儀平会,蒲沢　知子,1,0,0,0,0,0,0,0,0,0,0,0,0,0,0,0,0,0,0,0,0,0,0,0,0,0,0,0,0,0,0,0,0,0,0,0,0,0,0,0,0,0,,,37.829456,139.011658
1544,特別養護老人ホーム虹の里医務室,959-0514,新潟市　西蒲区,称名825番地,0256-86-3770,平成7年8月1日,社会福祉法人　新潟南福祉会,福田　喜一,1,0,0,0,0,0,0,0,0,0,0,0,0,0,0,1,0,0,0,0,0,0,0,0,0,0,0,0,0,0,0,0,0,0,0,0,0,0,0,0,0,0,,,37.922520,139.043152
1545,特別養護老人ホーム白根やすらぎの里医務室,950-1407,新潟市　南区,鷲ﾉ木新田4018番地1,025-362-7660,平成13年5月21日,社会福祉法人新潟慈恵会,渡辺　将隆,1,0,0,0,0,0,0,0,0,0,0,0,0,0,0,0,0,0,0,0,0,0,0,0,0,0,0,0,0,0,0,0,0,0,0,0,0,0,0,0,0,0,,,37.756001,138.864761
1546,特別養護老人ホーム白山やすらぎ医務室,951-8133,新潟市　中央区,川岸町2丁目1番地20,025-230-0111,平成24年11月1日,社会福祉法人新潟慈恵会,小松　健,1,0,0,0,0,0,0,0,0,0,0,0,0,0,0,0,0,0,0,0,0,0,0,0,0,0,0,0,0,0,0,0,0,0,0,0,0,0,0,0,0,0,,,37.874226,138.971970
1547,特別養護老人ホーム白寿荘東診療所,953-0041,新潟市　西蒲区,巻甲4448番地 ,0256-72-5531,令和4年8月1日,社会福祉法人　まき福祉会,福田　喜一,1,0,0,0,0,0,0,0,0,0,0,0,0,1,0,0,0,0,0,0,0,0,0,0,0,0,0,0,0,0,0,0,0,0,0,0,0,0,0,0,0,0,,,37.924778,139.092606
1548,特別養護老人ホーム白鳥の里診療所,950-2023,新潟市　西区,小新1140番地1,025-265-7111,平成5年4月1日,社会福祉法人博医会,阿部　英里,1,0,0,0,0,0,0,0,0,0,0,0,0,0,0,0,0,0,0,0,0,0,0,0,0,0,0,0,0,0,0,0,0,0,0,0,0,0,0,0,0,0,,,37.878426,138.994766
1549,特別養護老人ホーム風の笛医務室,950-0885,新潟市　東区,上木戸2丁目28番13号,025-271-7700,平成25年8月1日,社会福祉法人亀田郷芦沼会,穂苅　環,1,0,0,0,0,0,0,0,0,0,0,0,0,0,0,0,0,0,0,0,0,0,0,0,0,0,0,0,0,0,0,0,0,0,0,0,0,0,0,0,0,0,,,37.890743,138.970764
1550,特別養護老人ホーム有徳の家医務室,950-2011,新潟市　西区,小針上山9番32号,025-265-7770,平成23年4月1日,社会福祉法人有徳会,野沢　有二,1,0,0,0,0,0,0,0,0,0,0,0,0,0,0,0,0,0,0,0,0,0,0,0,0,0,0,0,0,0,0,0,0,0,0,0,0,0,0,0,0,0,,,37.704735,138.970139
1551,特別養護老人ホーム有明園医務室,950-2071,新潟市　西区,西有明町1番20号,025-231-2615,平成26年1月4日,社会福祉法人　新潟市社会事業協会,湯浅　保子,1,0,0,0,0,0,0,0,0,0,0,0,0,0,0,0,0,0,0,0,0,0,0,0,0,0,0,0,0,0,0,0,0,0,0,0,0,0,0,0,0,0,,,37.885464,139.135315
1552,特別養護老人ホーム遊生の森医務室,953-0132,新潟市　西蒲区,西中694番地,0256-82-5521,平成21年8月1日,社会福祉法人遊生会,西川　元,1,0,0,0,0,0,0,0,0,0,0,0,0,0,0,0,0,0,0,0,0,0,0,0,0,0,0,0,0,0,0,0,0,0,0,0,0,0,0,0,0,0,,,37.884277,138.981766
1553,特別養護老人ホ－ムにいがた恵風園医務室,950-1131,新潟市　江南区,鍋潟新田382番地,025-280-3370,平成3年4月1日,社会福祉法人仁成福祉協会,中俣　正美,1,0,0,0,0,0,0,0,0,0,0,0,0,0,0,0,0,0,0,0,0,0,0,0,0,0,0,0,0,0,0,0,0,0,0,0,0,0,0,0,0,0,,,37.874226,138.971970
1554,特別養護老人ホ－ム松風園診療所,950-2261,新潟市　西区,赤塚4782番地,025-239-3981,平成7年10月14日,社会福祉法人新潟市社会事業協会,髙澤哲也,1,0,0,0,0,0,0,0,0,0,0,0,0,0,0,0,0,0,0,0,0,0,0,0,0,0,0,0,0,0,0,0,0,0,0,0,0,0,0,0,0,0,,,37.930099,139.051270
1555,特別養護老人ホ－ム穂波の里医務室,950-2035,新潟市　西区,新通4734番地,025-269-1600,平成6年4月1日,社会福祉法人坂井輪会,市川　高夫,1,0,0,0,0,0,0,0,0,0,0,0,0,1,0,0,0,0,0,0,0,0,0,0,0,0,0,0,0,0,0,0,0,0,0,0,0,0,0,0,0,0,,,37.901592,139.020996
1556,奈良心療クリニック,950-0911,新潟市　中央区,笹口1丁目1番地 ﾌﾟﾗｰｶ1 2F,025-240-7977,令和5年8月1日,医療法人社団　啓悠会,奈良　康,0,0,0,0,0,0,0,0,0,0,0,0,0,1,1,0,0,0,0,0,0,0,0,0,0,0,0,0,0,0,0,0,0,0,0,0,0,0,0,0,0,0,,,37.910976,139.063766
1557,内科　長谷川医院,950-0864,新潟市　中央区,紫竹1丁目19番2号,025-240-8480,平成11年7月22日,長谷川　明,長谷川　明,1,1,0,0,0,0,0,0,0,1,1,0,0,0,0,0,0,0,0,0,0,0,0,0,0,0,0,0,0,0,0,0,0,0,0,0,0,0,0,0,0,0,呼吸器科,,37.874226,138.971970
1558,内科消化器科循環器科小児科アレルギー科放射線科黒川医院,951-8054,新潟市　中央区,礎町通上1ﾉ町1920番地,025-223-4727,平成13年4月1日,黒川　香,黒川　香,1,0,1,1,0,0,0,0,0,1,0,0,1,0,0,0,0,0,0,0,0,0,0,0,0,0,0,0,0,0,0,0,0,0,1,0,0,0,0,0,0,0,消化器科、循環器科,,37.874226,138.971970
1559,内野おがわ眼科クリニック,950-2112,新潟市　西区,内野町53番地10,025-264-5888,平成18年4月1日,医療法人社団小川眼科医院,小川　泉,0,0,0,0,0,0,0,0,0,0,0,0,0,0,0,0,0,0,0,0,0,0,0,0,0,0,0,1,0,0,0,0,0,0,0,0,0,0,0,0,0,0,,,37.765800,139.019165
1560,内野整形外科クリニック,950-2112,新潟市　西区,内野町53-5 ,025-378-6990,令和4年11月1日,医療法人社団内野整形外科クリニック,佐野　博繁,0,0,0,0,0,0,0,0,0,0,1,0,0,0,0,0,0,0,0,0,0,0,0,0,1,0,0,0,0,0,0,0,0,1,0,0,0,0,0,0,0,0,,,37.922520,139.043152
1561,南区白根健康福祉センター診療所,950-1217,新潟市　南区,白根1364番地12,025-371-1070,平成25年1月1日,新潟市,山崎　哲,1,0,0,0,0,0,0,0,0,0,0,0,1,1,0,0,0,0,0,0,0,0,0,0,0,0,0,0,0,0,1,0,0,0,0,0,0,0,0,0,0,0,,○,37.936180,139.107559
1562,日之出医院,950-0073,新潟市　中央区,日の出1丁目9番14号,025-244-3990,平成26年11月16日,相澤　雅美,相澤　雅美,1,0,1,0,0,0,0,0,0,0,0,0,1,0,0,0,0,0,0,0,0,0,0,0,0,0,0,0,0,0,0,0,0,0,0,0,0,0,0,0,0,0,,,37.765800,139.019165
1563,脳神経・内科もてぎ医院,950-0023,新潟市　東区,松園1丁目9番56号,025-250-9951,平成15年9月24日,茂木　崇司,茂木　崇司,1,0,0,0,0,1,0,0,0,0,0,0,0,0,0,0,0,0,0,0,0,0,0,1,0,0,0,0,0,0,0,0,0,1,1,0,0,0,0,0,0,0,,,37.764038,138.850555
1564,白根アイクリニック,950-1209,新潟市　南区,親和町10番24号,025-371-5511,平成12年4月3日,医療法人　ｖｉｖｉ　ｍｅｄｉｃｏ,大湊　絢,0,0,0,0,0,0,0,0,0,0,0,0,0,0,0,0,0,0,0,0,0,0,0,0,0,0,0,1,0,0,0,0,0,0,0,0,0,0,0,0,0,0,,,37.878635,139.027985
1565,白寿荘西診療所,953-0041,新潟市　西蒲区,巻甲4363番地,0256-72-1077,平成16年5月8日,社会福祉法人　まき福祉会,金子　晋,1,0,0,0,0,0,0,0,0,0,0,0,0,0,0,0,0,0,0,0,0,0,0,0,0,0,0,0,0,0,0,0,0,0,0,0,0,0,0,0,0,0,,,37.867638,139.094009
1566,白柏眼科医院,950-0076,新潟市　中央区,沼垂西1丁目6番17号,025-241-1800,昭和63年12月5日,白柏　麻子,白柏　麻子,0,0,0,0,0,0,0,0,0,0,0,0,0,0,0,0,0,0,0,0,0,0,0,0,0,0,0,1,0,0,0,0,0,0,0,0,0,0,0,0,0,0,,,37.920769,139.066147
1567,発達クリニック　ぱすてる,950-0134,新潟市　江南区,曙町3丁目4-9,025-288-7200,平成28年4月15日,医療法人社団　こども輝き,東條　恵,0,0,0,0,0,0,0,0,0,0,0,0,1,1,0,0,0,0,0,0,0,0,0,0,0,0,0,0,0,0,0,0,0,1,0,0,0,0,0,0,0,0,神経科,,37.874226,138.971970
1568,皮膚科　鈴木医院,951-8126,新潟市　中央区,学校町通2番町595番地18,025-222-1211,平成1年8月1日,医療法人社団鈴木医院,鈴木　信也,0,0,0,0,0,0,0,0,1,0,0,0,0,0,0,0,0,0,0,0,0,0,0,0,0,0,0,0,0,0,0,0,0,0,0,0,0,0,0,0,0,0,,,37.874226,138.971970
1569,皮膚科まるやまクリニック,950-2028,新潟市　西区,小新南2丁目5番20号,025-201-3838,平成18年5月1日,丸山　友裕,丸山　友裕,0,0,0,0,0,0,0,0,1,0,0,0,0,0,0,0,0,0,0,0,0,0,0,0,0,0,0,0,0,0,0,0,0,0,0,1,0,0,0,0,0,0,,,37.885746,139.048141
1570,樋口内科・消化器科医院,950-2102,新潟市　西区,五十嵐2の町8218番地23,025-262-0200,平成7年8月25日,樋口　庄市,樋口　庄市,1,0,0,1,0,0,0,0,0,0,0,0,0,0,0,0,0,0,0,0,0,0,0,0,0,0,0,0,0,0,0,0,0,0,0,0,0,0,0,0,0,0,消化器科,,37.913540,139.221603
1571,品川スキンクリニック新潟院,950-0901,新潟市　中央区,弁天1丁目1番22号東信新潟ﾋﾞﾙ2階,025-240-1677,平成22年6月1日,医療法人社団翔友会,城石　充,0,0,0,0,0,0,0,0,1,0,0,0,0,0,0,0,0,0,0,0,0,0,0,0,0,0,1,0,0,0,0,0,0,0,0,0,0,0,0,0,0,0,美容皮膚科,,37.912910,139.059708
1572,武田整形外科,950-3128,新潟市　北区,松浜東町1丁目3番5号,025-259-5001,平成7年4月20日,武田　和夫,武田　和夫,0,0,0,0,0,0,0,0,0,0,0,0,0,0,0,0,0,0,0,0,0,0,0,0,1,0,0,0,0,0,0,0,0,1,0,0,0,0,0,0,0,0,,,37.954754,139.119003
1573,舞平クリニック,950-0953,新潟市　中央区,大島195番地,025-282-7222,平成30年10月1日,医療法人悠生会,近藤　大介,1,0,0,0,1,0,0,0,0,0,1,0,0,0,0,0,0,0,0,0,0,0,0,1,0,0,0,0,0,0,0,0,0,0,0,0,0,0,0,0,0,0,人工透析内科,,37.879547,139.023148
1574,風の笛クリニック,950-0885,新潟市　東区,下木戸2丁目28番16号,025-271-7755,平成26年9月16日,社会福祉法人亀田郷芦沼会,穂苅　環,1,0,0,0,0,1,0,0,0,0,0,0,0,0,0,0,0,0,0,0,0,0,0,0,0,0,0,0,0,0,0,0,0,0,0,1,0,0,0,0,0,0,,,37.928894,139.095001
1575,耳鼻咽喉科　福田医院,950-0076,新潟市　中央区,沼垂西2丁目5番15号,025-244-6367,令和6年4月1日,福田　泰,福田　泰,0,0,0,0,0,0,0,0,0,1,0,0,0,0,0,0,0,0,0,0,0,0,0,0,0,0,0,0,1,0,0,0,0,0,0,0,0,0,0,0,0,0,,,37.913540,139.221603
1576,北越コーポレーション株式会社新潟工場医務室,950-0881,新潟市　東区,榎町57番地,025-273-1141,昭和21年6月22日,北越コーポレーション株式会社,永井　明日香,1,0,0,0,0,0,0,0,0,0,0,0,0,0,0,1,0,0,0,0,0,0,0,0,0,0,0,0,0,0,0,0,0,0,0,0,0,0,0,0,0,0,,,37.765800,139.019165
1577,北区豊栄健康センター診療所,950-3323,新潟市　北区,東栄町1丁目1番35号,025-387-2778,平成25年4月8日,新潟市,山崎　哲,1,0,0,0,0,0,0,0,0,0,0,0,1,1,0,0,0,0,0,0,0,0,0,0,0,0,0,0,0,0,1,0,0,0,0,0,0,0,0,0,0,0,,○,37.876057,139.108215
1578,北條医院,950-1217,新潟市　南区,白根3066番地,025-372-2240,平成1年4月1日,医療法人社団北條医院,北條　和博,0,0,0,0,0,0,0,0,0,0,0,0,0,0,0,0,0,0,0,0,0,0,0,0,0,0,0,0,1,0,0,0,0,0,0,0,0,0,0,0,0,0,,,37.918903,139.217194
1579,堀クリニック,950-0153,新潟市　江南区,船戸山4丁目9番20号,025-382-3031,平成1年8月1日,医療法人社団堀クリニック,堀　亜洲,1,0,0,1,0,0,0,0,0,0,0,0,1,0,0,0,0,0,0,0,0,0,0,0,0,0,0,0,0,0,0,0,1,0,0,0,0,0,0,0,0,0,消化器科,,37.941025,139.059143
1580,堀医院,950-3325,新潟市　北区,白新町4丁目6番19号,025-387-5780,平成25年11月1日,医療法人社団新生会,堀　知行,1,0,1,0,0,0,0,0,0,0,0,0,0,0,0,0,0,0,0,0,0,0,0,0,0,0,0,0,0,0,0,0,0,0,0,0,0,0,0,0,0,0,循環器科,,37.936180,139.107559
1581,堀川内科・神経内科医院,951-8151,新潟市　中央区,浜浦町1丁目181番地3,025-266-3770,平成9年12月20日,医療法人社団朋有会,今野　卓哉,1,0,1,0,0,1,0,0,0,0,0,0,0,0,0,0,0,0,0,0,0,0,0,0,0,0,0,0,0,0,0,0,0,0,1,0,0,0,0,0,0,0,,,37.910660,139.012344
1582,本多レディースクリニック,950-0841,新潟市　東区,中野山891番地1,025-256-5561,平成18年4月1日,医療法人社団京愛会,本多　晃,0,0,0,0,0,0,0,0,0,0,0,0,0,0,0,0,0,0,0,0,0,0,0,0,0,0,0,0,0,0,0,1,1,0,0,0,0,0,0,14,0,14,,,37.925709,139.041519
1583,本町いとう内科クリニック,951-8067,新潟市　中央区,本町通6番町1108番地1ぷらっと本町ﾋﾞﾙ3F,025-222-4181,平成22年7月1日,伊藤　実,伊藤　実,1,1,0,0,0,0,0,0,0,1,0,0,0,0,0,0,0,0,0,0,0,0,0,0,0,0,0,0,0,0,0,0,0,0,0,0,0,0,0,0,0,0,,,37.920357,139.046280
1584,本町ふるまち耳鼻科,951-8068,新潟市　中央区,上大川前通6番町1212番地1,025-210-8520,平成20年11月1日,佐藤　斎,佐藤　斎,0,0,0,0,0,0,0,0,0,0,0,0,0,0,0,0,0,0,0,0,0,0,0,0,0,0,0,0,1,0,0,0,0,0,0,0,0,0,0,0,0,0,,,37.920113,139.047989
1585,本町眼科,951-8067,新潟市　中央区,本町通6番町1103番地,025-226-6000,平成28年9月15日,医療法人　AI　MEDICAL,井海　雄介,0,0,0,0,0,0,0,0,0,0,0,0,0,0,0,0,0,0,0,0,0,0,0,0,0,0,0,1,0,0,0,0,0,0,0,0,0,0,0,0,0,0,,,37.921032,139.046478
1586,本町皮膚科,951-8067,新潟市　中央区,本町通6番町1108番地1ぷらっと本町ﾋﾞﾙ2F,025-222-0515,平成24年5月1日,医療法人穰全會,渡邊　力夫,0,0,0,0,0,0,0,0,1,1,0,0,0,0,0,0,0,0,0,0,0,0,0,0,0,0,0,0,0,0,0,0,0,0,0,0,0,0,0,0,0,0,,,37.920357,139.046280
1587,本田内科医院,950-0905,新潟市　中央区,天神尾1丁目5番7号,025-241-1330,平成1年12月1日,医療法人社団本田内科医院,本田　正樹,1,0,1,0,0,0,0,0,0,0,0,0,0,0,0,0,0,0,0,0,0,0,0,0,0,0,0,0,0,0,0,0,0,0,0,0,0,0,0,0,0,0,循環器科,,37.908962,139.056366
1588,万代メディカルクリニック,950-0088,新潟市　中央区,万代1丁目3番30号 万代ｼﾃｨﾎﾃﾙﾋﾞﾙ 2F,025-241-5005,令和4年3月17日,茂木　崇治,茂木崇治,1,1,0,0,0,0,0,0,0,0,0,0,0,1,1,0,0,0,0,0,0,0,0,0,0,0,0,0,0,0,0,0,0,0,0,0,0,0,0,0,0,0,脳神経内科,,37.916470,139.056458
1589,万代レディースクリニック,950-0088,新潟市　中央区,万代1丁目2番3号ｺｰﾌﾟ野村万代2F,025-245-1735,平成7年7月7日,大野　雅弘,大野　雅弘,1,0,0,0,0,0,0,0,0,0,0,0,0,0,0,0,0,0,0,0,0,0,0,0,0,0,0,0,0,0,0,0,1,0,0,0,0,0,0,0,0,0,性病科,,37.915684,139.057495
1590,万代眼科クリニック,950-0088,新潟市　中央区,万代1丁目3番7号NDK万代ﾋﾞﾙ1F,025-243-1225,平成4年11月2日,金（本田）　徳弼,金（本田）　徳弼,0,0,0,0,0,0,0,0,0,0,0,0,0,0,0,0,0,0,0,0,0,0,0,0,0,0,0,1,0,0,0,0,0,0,0,0,0,0,0,0,0,0,,,37.874226,138.971970
1591,万代内科クリニック,950-0088,新潟市　中央区,万代4丁目1番1号,025-244-0600,平成22年9月1日,医療法人社団万代内科クリニック,宗田　聡,1,0,0,0,0,0,1,0,0,0,0,0,0,0,0,0,0,0,0,0,0,0,0,0,0,0,0,0,0,0,0,0,0,0,0,0,0,0,0,0,0,0,代謝内科,,37.917221,139.058319
1592,名古屋小児科医院,950-2022,新潟市　西区,小針7丁目10番13号,025-231-1007,平成8年4月1日,医療法人社団なごや医院,名古屋　聡,0,0,0,0,0,0,0,0,0,1,0,0,1,0,0,0,0,0,0,0,0,0,0,0,0,0,0,0,0,0,0,0,0,0,0,0,0,0,0,0,0,0,,,37.942551,139.089264
1593,明元堂眼科医院,951-8068,新潟市　中央区,上大川前通9番町1279番地,025-222-5222,平成24年1月1日,広田　美恵,広田　美恵,0,0,0,0,0,0,0,0,0,0,0,0,0,0,0,0,0,0,0,0,0,0,0,0,0,0,0,1,0,0,0,0,0,0,0,0,0,0,0,0,0,0,,,37.934677,139.085449
1594,明生堂アイクリニック,950-0005,新潟市　東区,太平3丁目2083番地29,025-270-3007,平成5年9月1日,医療法人社団明生堂アイ・クリニック,松田　隆作,0,0,0,0,0,0,0,0,0,0,0,0,0,0,0,0,0,0,0,0,0,0,0,0,0,0,0,1,0,0,0,0,0,0,0,0,0,0,0,6,0,6,,,37.874226,138.971970
1595,木戸眼科クリニック,950-0886,新潟市　東区,中木戸285番地8,025-271-6005,平成23年4月1日,白柏　基宏,白柏　基宏,0,0,0,0,0,0,0,0,0,0,0,0,0,0,0,0,0,0,0,0,0,0,0,0,0,0,0,1,0,0,0,0,0,0,0,0,0,0,0,0,0,0,,,37.925709,139.041519
1596,木村整形外科医院,950-1101,新潟市　西区,山田503番地1,025-379-1154,平成7年10月1日,木村　好行,木村　好行,0,0,0,0,0,0,0,0,0,0,0,0,0,0,0,0,0,0,0,0,0,0,0,0,1,0,0,0,0,0,0,0,0,1,0,0,0,0,0,0,0,0,,,37.939110,139.057404
1597,野本真由美スキンケアクリニック,950-0088,新潟市　中央区,万代1丁目3番7号NDK万代ﾋﾞﾙ2階,025-247-8800,平成19年6月1日,医療法人社団素馨会,清水　純子,0,0,0,0,0,0,0,0,1,1,0,0,0,0,0,0,0,0,0,0,0,0,0,0,0,0,0,0,0,0,0,0,0,0,0,0,0,0,0,0,0,0,美容皮膚科、漢方皮膚科,,37.924778,139.092606
1598,有明台整形外科,951-8154,新潟市　中央区,堀割町2番6号,025-234-0510,平成29年6月1日,小林　辰次,小林　辰次,0,0,0,0,0,0,0,0,0,0,0,0,0,0,0,0,0,0,0,0,0,0,0,0,1,0,0,0,0,0,0,0,0,1,0,0,0,0,0,0,0,0,,,37.867638,139.094009
1599,養護老人ホーム松鶴荘医務室,950-0067,新潟市　東区,大山2丁目13番34号,025-271-4088,令和6年5月1日,社会福祉法人愛宕福祉会,鈴木　東,1,0,0,0,0,0,0,0,0,0,0,0,0,0,0,0,0,0,0,0,0,0,0,0,0,0,0,0,0,0,0,0,0,0,0,0,0,0,0,0,0,0,,,37.879547,139.023148
1600,林皮フ科,950-0151,新潟市　江南区,亀田四ﾂ興野1丁目571番5,025-381-3111,昭和60年5月10日,林　良一,林　良一,0,0,0,0,0,0,0,0,1,0,0,0,0,0,0,0,0,0,0,0,0,0,0,0,0,0,0,0,0,0,0,0,0,0,0,0,0,0,0,0,0,0,,,37.788528,139.114609
1601,鈴木耳鼻咽喉科医院,950-0941,新潟市　中央区,女池6丁目5番37号,025-281-1187,平成19年4月2日,医療法人社団鈴木耳鼻咽喉科医院,鈴木　正治,0,0,0,0,0,0,0,0,0,1,0,0,0,0,0,0,0,0,0,0,0,0,0,0,0,0,0,0,1,0,0,0,0,0,0,0,0,0,0,0,0,0,,,37.892647,139.041931
1602,鈴木内科医院,956-0101,新潟市　秋葉区,小須戸401番地2,0250-61-1155,平成19年4月1日,医療法人社団　薫桜会,丸山　正則,1,0,0,1,0,0,0,0,0,0,0,0,1,0,0,0,0,0,0,0,0,0,0,0,0,0,0,0,0,0,0,0,0,0,0,0,0,0,0,0,0,0,消化器科,,37.704735,138.970139
1603,鈴木内科小児科医院,951-8162,新潟市　中央区,関屋本村町1丁目147番地,025-266-1917,平成21年4月1日,医療法人社団　関鈴会,鈴木　紀夫,1,0,0,0,0,0,0,0,0,0,0,0,1,0,0,0,0,0,0,0,0,0,0,0,0,0,0,0,0,0,0,0,0,0,0,0,0,0,0,0,0,0,,,37.912403,139.019760
1604,和田内科医院,959-0422,新潟市　西蒲区,曽根12番地,0256-88-2134,平成13年5月1日,医療法人社団健和会,和田　研,1,0,0,0,0,0,0,0,0,0,0,0,0,0,0,0,0,0,0,0,0,0,0,0,0,0,0,0,0,0,0,0,0,0,0,0,0,0,0,0,0,0,,,37.788528,139.114609
1605,昴診療所,950-0922,新潟市　中央区,山二ﾂ531-1,025-287-2450,平成23年4月1日,社会福祉法人豊潤舎,江川　貴子,1,0,0,0,0,0,0,0,0,0,0,0,0,0,0,0,0,0,0,0,0,0,0,0,0,0,0,0,0,0,0,0,0,0,0,0,0,0,0,0,0,0,,,37.890408,139.094635
1606,櫻クリニック,956-0864,新潟市　秋葉区,新津本町3丁目8番5号,0250-23-0225,平成13年9月1日,鈴木　康弘,鈴木　康弘,1,1,1,0,0,0,0,0,0,1,0,0,1,0,0,0,0,0,0,0,0,0,0,0,0,0,0,0,0,0,0,0,0,0,0,0,0,0,0,0,0,0,"呼吸器科,循環器科",,37.901592,139.020996
1607,尾崎クリニック,950-0904,新潟市　中央区,水島町3番19号,025-243-1101,平成13年4月1日,医療法人社団尾崎クリニック,神田　美穂,1,0,0,1,0,0,0,0,0,0,0,0,1,0,0,0,0,0,0,0,0,0,0,0,0,0,0,0,0,0,0,0,0,0,0,0,0,0,0,0,0,0,胃腸内科,,37.874226,138.971970
1608,白山クリニック,951-8124,新潟市　中央区,医学町通2番町11番地 SHINANOﾋﾞﾙ2階,025-227-1308,令和6年4月1日,小林　真理,小林　真理,0,0,0,0,0,0,0,0,0,0,0,0,0,1,1,0,0,0,0,0,0,0,0,0,0,0,0,0,0,0,0,0,0,0,0,0,0,0,0,0,0,0,,,37.874226,138.971970
1609,木村内科医院,950-2042,新潟市　西区,坂井865番地2 ,025-260-7770,令和6年4月1日,木村　淳史,木村　淳史,1,0,0,1,0,0,0,0,0,0,0,0,0,0,0,0,0,0,0,0,0,0,0,0,0,0,0,0,0,0,0,0,0,0,0,0,0,0,0,0,0,0,,,37.922520,139.043152
1610,特別養護老人ホーム坂井愛宕の園　医務室,950-2042,新潟市　西区,坂井1450番1,080-7575-0634,令和6年4月1日,社会福祉法人愛宕福祉会,米山　靖,1,0,0,0,0,0,0,0,0,0,0,0,0,0,0,0,0,0,0,0,0,0,0,0,0,0,0,0,0,0,0,0,0,0,0,0,0,0,0,0,0,0,,,37.865738,138.955566
1611,新潟駅前ストレスケアクリニック,950-0086,新潟市　中央区,花園1丁目2番1号 ﾌｫｰｻｲﾄ花園 6階,025-384-8832,令和6年4月10日,医療法人　敬愛会,鈴木　雄太郎,0,0,0,0,0,0,0,0,0,0,0,0,0,1,1,0,0,0,0,0,0,0,0,0,0,0,0,0,0,0,0,0,0,0,0,0,0,0,0,0,0,0,,,37.924778,139.092606
1612,にじいろこどもクリニック,950-2038,新潟市　西区,新通南3丁目2番8号,025-211-4802,令和6年4月11日,大橋　伯,大橋　伯,0,0,0,0,0,0,0,0,0,0,0,0,1,0,0,0,0,0,0,0,0,0,0,0,0,0,0,0,0,0,0,0,0,0,0,0,0,0,0,0,0,0,脳神経小児科,,37.901592,139.020996
1613,おがわ内科・消化器内科クリニック,950-0871,新潟市　東区,山木戸4丁目1番44号,025-282-5257,令和6年4月11日,小川　光平,小川　光平,1,0,0,1,0,0,0,0,0,0,0,0,0,0,0,0,0,0,0,0,0,0,0,0,0,0,0,0,0,0,0,0,0,0,0,0,0,0,0,0,0,0,,,37.889217,139.089478
1614,にいがた脳神経クリニック,950-0941,新潟市　中央区,女池6丁目4番64号,025-288-0555,令和6年6月1日,医療法人社団杏泉堂　,本間　順平,1,0,0,0,0,0,0,0,0,0,0,0,0,0,0,0,0,0,0,0,0,0,0,1,0,0,0,0,0,0,0,0,0,0,0,0,0,0,0,0,0,0,脳神経内科,,37.874226,138.971970
1615,東幸クリニック内科・外科,950-0906,新潟市　中央区,東幸町4番10号 ﾀﾞｲｱﾊﾟﾚｽﾛｲﾔﾙｼﾃｨ東幸町 東棟1F,025-250-8770,令和6年9月10日,森本　悠太,森本　悠太,1,0,0,1,0,0,0,0,0,0,0,0,0,0,0,1,0,0,0,0,1,0,1,0,0,0,0,0,0,0,0,0,0,0,0,0,0,0,0,0,0,0,,,37.827976,138.904510
1616,まさご内科クリニック,950-2074,新潟市　西区,真砂3丁目11番6号1 ,025-201-7213,令和6年9月12日,医療法人社団　芳仁会,高橋　祥史,1,0,1,1,0,0,0,0,0,0,0,0,0,0,0,0,0,0,0,0,0,0,0,0,0,0,0,0,0,0,0,0,0,0,0,0,0,0,0,0,0,0,,,37.892895,138.985260
1617,いしいこどもクリニック,950-2074,新潟市　西区,真砂3丁目11番6号2 ,025-374-6706,令和6年9月12日,石井　孝規,石井　孝規,0,0,0,0,0,0,0,0,0,1,0,0,1,0,0,0,0,0,0,0,0,0,0,0,0,0,0,0,0,0,0,0,0,0,0,0,0,0,0,0,0,0,,,37.922520,139.043152
1618,まさご皮ふ科クリニック,950-2074,新潟市　西区,真砂3丁目11番7号1 ,025-378-1907,令和6年9月13日,三井田　博,三井田　博,0,0,0,0,0,0,0,0,1,1,0,0,0,0,0,0,0,0,0,0,0,0,0,0,0,0,0,0,0,0,0,0,0,0,0,0,0,0,0,0,0,0,,,37.788528,139.114609
1619,できじまクリニック,950-0973,新潟市　中央区,上近江4丁目7番1号 ,025-282-7303,令和6年10月1日,田嶋　淳哉,田嶋　淳哉,1,1,1,1,0,0,0,0,0,0,0,0,0,0,0,0,0,0,0,0,0,0,0,0,0,0,0,0,0,0,0,0,0,0,0,0,0,0,1,0,0,0,,,37.896797,139.032059
1620,しんこどもクリニック,956-0017,新潟市　秋葉区,あおば通1丁目7番1号,0250-21-2515,令和6年11月1日,医療法人社団　しんこどもクリニック,申　将守,0,0,0,0,0,0,0,0,0,1,0,0,1,0,0,0,0,0,0,0,0,0,0,0,0,0,0,0,0,0,0,0,0,0,0,0,0,0,0,0,0,0,,,37.922520,139.043152
1621,西堀七番町クリニック,951-8061,新潟市　中央区,西堀通7番町1555番地 日生不動産西堀ﾋﾞﾙ2-A,025-250-7131,令和6年11月14日,小松　健,小松　健,1,0,0,0,0,0,0,0,1,0,0,0,1,0,0,0,0,0,0,0,0,0,0,0,0,0,0,0,0,0,0,0,0,0,0,0,0,0,0,0,0,0,,,37.924713,139.043518
1622,紫竹山アイクリニック,950-0914,新潟市　中央区,紫竹山1丁目3番14号 ,025-247-5853,令和6年12月1日,高橋　信,高橋　信,0,0,0,0,0,0,0,0,0,0,0,0,0,0,0,0,0,0,0,0,0,0,0,0,0,0,0,1,0,0,0,0,0,0,0,0,0,0,0,0,0,0,,,37.900852,139.066177
1623,萬代整形外科クリニック,950-0088,新潟市　中央区,万代1丁目1番32号 ﾌﾟﾘｵｰﾙ万代501号,025-243-8411,令和7年3月10日,谷澤　龍彦,谷澤　龍彦,0,0,0,0,0,0,0,0,0,0,1,0,0,0,0,0,0,0,0,0,0,0,0,0,1,0,0,0,0,0,0,0,0,0,0,0,0,0,0,0,0,0,,,37.874226,138.971970
1624,医療法人社団　惠洋会　ハートリー在宅クリニック新潟中央,950-0082,新潟市　中央区,東万代町9-38 ﾛｲﾔﾙﾊﾟｰｸｽER万代1階,025-278-7852,令和7年12月1日,医療法人社団　惠洋会,中村　制士,1,0,0,0,0,0,0,0,1,0,0,0,0,0,0,0,0,0,0,0,0,0,0,0,0,0,0,0,0,0,0,0,0,0,0,0,0,0,0,0,0,0,,,37.876057,139.108215
1625,青山みみ・はな・のどクリニック,950-2002,新潟市　西区,青山5丁目10番25号 ,025-267-8733,令和7年4月1日,鈴木　祐輔,鈴木　祐輔,0,0,0,0,0,0,0,0,0,1,0,0,0,0,0,0,0,0,0,0,0,0,0,0,0,0,0,0,0,0,0,0,0,0,0,0,0,0,0,0,0,0,,,37.924778,139.092606
1626,西内科医院,950-0208,新潟市　江南区,横越中央8丁目1番21号 ,025-385-4171,令和7年4月1日,西　正大,西　正大,1,0,0,0,0,0,0,0,0,0,0,0,0,0,0,0,0,0,0,0,0,0,0,0,0,0,0,0,0,0,0,0,0,0,0,0,0,0,0,0,0,0,,,37.924778,139.092606
1627,ささげ整形外科,950-0843,新潟市　東区,粟山3丁目1番7号,025-277-5959,平成5年9月1日,医療法人社団ささげ整形外科,捧　陽介,0,0,0,0,0,0,0,0,0,0,1,0,0,0,0,0,0,0,0,0,0,0,0,0,1,0,0,0,0,0,0,0,0,1,0,0,0,0,0,0,0,0,,,37.874226,138.971970
1628,みずさわ内科クリニック,950-0005,新潟市　東区,太平2丁目22番地1,025-270-7711,平成13年4月1日,医療法人社団　みずさわ内科クリニック,水澤　健,1,1,1,1,0,0,0,0,0,0,0,0,1,0,0,0,0,0,0,0,0,0,0,0,0,0,0,0,0,0,0,0,0,0,0,0,0,0,0,0,0,0,,,37.943226,139.114197
1629,みうらクリニック,950-2041,新潟市　西区,坂井東4丁目3番24号,025-378-8360,令和7年11月1日,医療法人社団　三浦クリニック,三浦　理,1,1,1,0,0,0,0,0,0,0,0,0,0,1,1,0,0,0,0,0,0,0,0,0,0,0,0,0,0,0,0,0,0,0,0,0,0,0,0,0,0,0,腫瘍内科,,37.788528,139.114609
1630,まる皮ふ科クリニック,950-0835,新潟市　東区,猿ｹ馬場1丁目1番20号,025-212-2123,令和7年10月9日,丸山　涼子,丸山　涼子,0,0,0,0,0,0,0,0,1,1,0,0,0,0,0,0,0,0,0,0,0,0,0,0,0,0,0,0,0,0,0,0,0,0,0,0,0,0,0,0,0,0,,,37.922520,139.043152
1631,あきは形成外科・美容クリニック,956-0023,新潟市　秋葉区,美幸町1丁目5番12号,0250-47-4851,令和7年10月6日,萩原　昴,萩原　昴,0,0,0,0,0,0,0,0,1,0,0,0,0,0,0,0,0,0,0,0,0,0,0,0,0,1,1,0,0,0,0,0,0,0,0,0,0,0,0,0,0,0,美容皮膚科,,37.867638,139.094009
1632,ＡＢＣクリニック美容外科　新潟院,950-0087,新潟市　中央区,東大通1丁目1-15東大通ﾋﾞﾙ5F,025-282-5425,令和7年10月3日,川口　高史,川口　高史,0,0,0,0,0,0,0,0,0,0,0,0,0,0,0,0,0,0,0,0,0,0,0,0,0,0,1,0,0,0,0,0,0,0,0,0,0,0,0,0,0,0,,,37.827976,138.904510
1633,吉田医院,950-0212,新潟市　江南区,茜ｹ丘2番1号,025-385-3731,令和7年10月1日,医療法人社団　眞結会,吉田　眞佐人,1,0,0,0,0,0,0,0,0,0,0,0,0,0,0,1,0,0,0,0,0,0,1,0,0,0,0,0,0,0,0,0,0,1,0,0,0,0,0,0,0,0,,,37.856335,139.142609
1634,青山お肌のクリニック,950-2003,新潟市　西区,東青山1丁目6番6,025-201-8545,令和7年9月8日,田中　真百合,田中　真百合,0,0,0,0,0,0,0,0,1,0,0,0,0,0,0,0,0,0,0,0,0,0,0,0,0,0,0,0,0,0,0,0,0,0,0,0,0,0,0,0,0,0,美容皮膚科,,37.925179,139.051163
1635,栗田クリニック,950-0154,新潟市　江南区,荻曽根4丁目1番7号,025-385-6512,令和7年9月1日,医療法人社団　栗田クリニック,栗田　聡,1,0,0,1,0,0,0,0,0,0,0,0,0,0,0,0,0,0,0,0,0,0,0,0,0,0,0,0,0,0,0,0,0,0,0,0,0,0,0,0,0,0,,,37.922520,139.043152
1636,オープンクリニック新潟院,950-0087,新潟市　中央区,東大通2丁目2-18ﾀﾁﾊﾞﾅﾋﾞﾙ3階,050-2030-6980,令和7年7月24日,一般社団法人オープンクリニック,小林　謙之,0,0,0,0,0,0,0,0,0,0,0,0,0,0,0,0,0,0,0,0,0,1,0,0,0,0,0,0,0,0,0,0,0,0,0,0,0,0,0,0,0,0,,,37.915821,139.059280
1637,リベルテクリニック,950-0086,新潟市　中央区,花園1丁目2-2ｺｰﾌﾟｼﾃｨ花園ｶﾞﾚｯｿ205号室,070-3222-2833,令和7年7月14日,野村　裕,野村　裕,0,0,0,0,0,0,0,0,0,0,0,0,0,0,0,0,0,0,0,0,0,0,0,0,0,0,1,0,0,0,0,0,0,0,0,0,0,0,0,0,0,0,美容皮膚科,,37.913258,139.061905
1638,あおばクリニック新潟院,950-0087,新潟市　中央区,東大通1丁目4番1号ﾏﾙﾀｹﾋﾞﾙ7階,025-242-0890,令和7年7月1日,医療法人社団あおばクリニック,久連山　英明,0,0,0,0,0,0,0,0,0,0,0,0,0,0,0,0,0,0,0,0,0,0,0,0,0,0,0,1,0,0,0,0,0,0,0,0,0,0,0,0,0,0,美容皮膚科,,37.827976,138.904510
1639,新潟ときめどホームクリニック,950-0914,新潟市　中央区,紫竹山1丁目2番5号TMﾋﾞﾙ3階A号,025-282-7101,令和7年7月1日,医療法人修志会,大山　俊之,1,0,0,0,0,0,0,0,1,0,0,0,1,1,0,0,0,0,0,0,0,0,0,0,1,0,0,0,0,1,0,0,0,0,0,0,0,0,0,0,0,0,緩和ケア内科,,37.765800,139.019165
1640,医療法人社団　惠洋会　ハートリー在宅クリニック新潟西,950-2033,新潟市　西区,亀貝3371番KAMEGAIBASE,025-210-6272,令和8年2月1日,医療法人社団惠洋会,松木　淳,1,0,0,0,0,0,0,0,0,0,0,0,0,0,0,0,0,0,0,0,0,0,0,0,0,0,0,0,0,0,0,0,0,0,0,0,0,0,0,0,0,0,,,37.880913,139.080048
1641,太白会　田邉医院,950-1217,新潟市　南区,白根3020番地,025-372-2076,令和7年4月7日,医療法人社団　太白会,田邉　肇,1,1,1,1,0,0,0,0,0,0,0,0,1,0,0,0,0,0,0,0,0,0,0,0,0,0,0,0,0,0,0,0,0,0,0,0,0,0,0,0,0,0,,,37.936180,139.107559
1642,りゅうとこどもクリニック,950-0932,新潟市　中央区,長潟834番地4,025-250-6106,令和7年4月7日,川島　英志,川島　英志,0,0,0,0,0,0,0,0,0,0,0,0,1,0,0,0,0,0,0,0,0,0,0,0,0,0,0,0,0,0,0,0,0,0,0,0,0,0,0,0,0,0,,,37.788528,139.114609
1643,家庭医療クリニック新潟,950-0872,新潟市東区,牡丹山2丁目5-18ｺｰﾎﾟ華月2階右号室,025-333-8677,令和8年4月1日,児玉　嵩志,児玉　嵩志,1,0,0,0,0,0,0,0,0,0,0,0,1,0,0,0,0,0,0,0,0,0,0,0,0,0,0,0,0,0,0,0,0,0,0,0,0,0,0,0,0,0,,,37.922520,139.043152
1644,新津こどもクリニック,956-0031,新潟市秋葉区,新津5149番24,0250-47-3936,令和8年4月1日,泉田　亮平,泉田　亮平,0,0,0,0,0,0,0,0,0,0,0,0,1,0,0,0,0,0,0,0,0,0,0,0,0,0,0,0,0,0,0,0,0,0,0,0,0,0,0,0,0,0,,,37.901592,139.020996
1645,ミアグレースクリニック新潟,950-0082,新潟市中央区,東万代町9-38ﾛｲﾔﾙﾊﾟｰｸｽER万代 1階,025-246-1122,令和3年10月19日,医療法人社団　恵和会,茅原　誠,0,0,0,0,0,0,0,0,0,0,0,0,0,0,0,0,0,0,0,0,0,0,0,0,0,0,0,0,0,0,1,0,1,0,0,0,0,0,0,0,0,0,,,37.917324,139.062622
1646,メンズライフクリニック新潟院,950-0088,新潟市中央区,万代1丁目1番32号ﾌﾟﾘｵｰﾙ万代3階301号室,025-250-1350,令和7年11月24日,医療法人社団西美会,吉田　規朗,0,0,0,0,0,0,0,0,0,0,0,0,0,0,0,0,0,0,0,0,0,1,0,0,0,1,0,0,0,0,0,0,0,0,0,0,0,0,0,0,0,0,,,37.917168,139.057861
1647,おやまつクリニック,951-8133,新潟市中央区,川岸町2丁目8番地2,025-374-0333,令和8年3月5日,親松　宏,親松　宏,0,0,0,0,0,0,0,0,1,0,0,0,0,0,0,0,0,0,0,0,0,0,0,0,0,1,1,0,0,0,0,0,0,0,0,0,0,0,0,0,0,0,美容皮膚科,,37.910164,139.031219
