area_id,prefecture_raw_id,municipality_raw_id,area_raw_id,area_name,latitude,longitude,reference_id,area_group
1,15,101,1001 ,朝日町一丁目,37.918613,139.22574,0,3
2,15,101,1002 ,朝日町二丁目,37.920692,139.226043,0,3
3,15,101,1003 ,朝日町三丁目,37.919731,139.227713,0,3
4,15,101,1004 ,朝日町四丁目,37.917624,139.226844,0,3
5,15,101,2001 ,彩野一丁目,37.920445,139.186332,0,3
6,15,101,2002 ,彩野二丁目,37.92013,139.188026,0,3
7,15,101,2003 ,彩野三丁目,37.919818,139.189602,0,3
8,15,101,2004 ,彩野四丁目,37.919464,139.191312,0,3
9,15,101,3001 ,石動一丁目,37.922152,139.214208,0,3
10,15,101,3002 ,石動二丁目,37.923154,139.21288,0,3
11,15,101,4000 ,内島見,37.941312,139.208552,0,1
12,15,101,5000 ,内沼,37.889561,139.231245,0,1
13,15,101,6000 ,浦木,37.895333,139.213482,0,1
14,15,101,7000 ,浦ノ入,37.953999,139.223546,0,1
15,15,101,8000 ,大久保,37.891472,139.177258,0,1
16,15,101,9000 ,大瀬柳,37.891482,139.188756,0,1
17,15,101,10000 ,太田,37.931828,139.235482,0,1
18,15,101,11000 ,大月,37.879667,139.230731,0,1
19,15,101,12000 ,大迎,37.879725,139.17018,0,1
20,15,101,13000 ,岡新田,37.869571,139.22055,0,1
21,15,101,14000 ,笠柳,37.941091,139.228702,0,1
22,15,101,15001 ,かぶとやま一丁目,37.927729,139.220899,0,3
23,15,101,15002 ,かぶとやま二丁目,37.930092,139.22002,0,3
24,15,101,16000 ,上大月,37.867683,139.226884,0,1
25,15,101,17000 ,上土地亀,37.905047,139.211434,0,1
26,15,101,18000 ,上堀田,37.871752,139.204642,0,1
27,15,101,19000 ,神谷内,37.953196,139.159488,0,1
28,15,101,20000 ,嘉山,37.90498,139.226798,0,1
29,15,101,21001 ,嘉山一丁目,37.91262,139.218199,0,3
30,15,101,21002 ,嘉山二丁目,37.911673,139.220501,0,3
31,15,101,21003 ,嘉山三丁目,37.909384,139.222591,0,3
32,15,101,21004 ,嘉山四丁目,37.906809,139.22237,0,3
33,15,101,21005 ,嘉山五丁目,37.907091,139.220343,0,3
34,15,101,21006 ,嘉山六丁目,37.910532,139.218682,0,3
35,15,101,22001 ,川西一丁目,37.910908,139.213299,0,3
36,15,101,22002 ,川西二丁目,37.910411,139.216216,0,3
37,15,101,22003 ,川西三丁目,37.908516,139.215888,0,3
38,15,101,22004 ,川西四丁目,37.909886,139.210413,0,3
39,15,101,23000 ,木崎,37.945847,139.20094,0,1
40,15,101,24000 ,葛塚,37.922471,139.206253,0,1
41,15,101,25000 ,小杉,37.867285,139.177703,0,1
42,15,101,26000 ,笹山,37.955174,139.206476,0,1
43,15,101,27000 ,笹山東,37.957509,139.214946,0,1
44,15,101,28000 ,里飯野,37.872281,139.215842,0,1
45,15,101,29000 ,三軒屋町,37.948961,139.147464,0,1
46,15,101,30000 ,島見町,37.96852,139.194893,0,1
47,15,101,31000 ,下大谷内,37.944865,139.179042,0,1
48,15,101,32000 ,下土地亀,37.911728,139.198588,0,1
49,15,101,33000 ,下早通,37.928869,139.181947,0,1
50,15,101,34000 ,十二,37.877988,139.196028,0,1
51,15,101,35000 ,十二前,37.867438,139.179622,0,1
52,15,101,36000 ,白勢町,37.958989,139.202177,0,1
53,15,101,37000 ,新富町,37.96448,139.184845,0,1
54,15,101,38000 ,新鼻,37.900603,139.246777,0,1
55,15,101,39000 ,新元島町,37.945075,139.144386,0,1
56,15,101,40000 ,須戸,37.918032,139.196507,0,1
57,15,101,41001 ,須戸一丁目,37.918902,139.183875,0,3
58,15,101,41002 ,須戸二丁目,37.918426,139.185637,0,3
59,15,101,41003 ,須戸三丁目,37.918277,139.187349,0,3
60,15,101,41004 ,須戸四丁目,37.917863,139.188984,0,3
61,15,101,41005 ,須戸五丁目,37.917394,139.190734,0,3
62,15,101,42001 ,すみれ野一丁目,37.920511,139.158829,0,3
63,15,101,42002 ,すみれ野二丁目,37.920715,139.161218,0,3
64,15,101,42003 ,すみれ野三丁目,37.917213,139.161392,0,3
65,15,101,42004 ,すみれ野四丁目,37.919681,139.162424,0,3
66,15,101,43000 ,太子堂,37.887677,139.164145,0,1
67,15,101,44000 ,高森,37.905501,139.154475,0,1
68,15,101,45000 ,高森新田,37.904872,139.182046,0,1
69,15,101,46000 ,太夫浜,37.959854,139.169578,0,1
70,15,101,47001 ,太夫浜新町一丁目,37.960085,139.156987,0,3
71,15,101,47002 ,太夫浜新町二丁目,37.962204,139.159361,0,3
72,15,101,48000 ,太郎代,37.980551,139.216246,0,1
73,15,101,49001 ,つくし野一丁目,37.927742,139.152942,0,3
74,15,101,49002 ,つくし野二丁目,37.928782,139.157453,0,3
75,15,101,50001 ,東栄町一丁目,37.913076,139.22262,0,3
76,15,101,50002 ,東栄町二丁目,37.914304,139.22484,0,3
77,15,101,50003 ,東栄町三丁目,37.91413,139.22737,0,3
78,15,101,51000 ,樋ノ入,37.93753,139.17361,0,1
79,15,101,52000 ,鳥屋,37.928699,139.203249,0,1
80,15,101,53000 ,長戸,37.899456,139.200396,0,1
81,15,101,54000 ,長戸呂,37.885732,139.185296,0,1
82,15,101,55000 ,長戸呂新田,37.902862,139.189856,0,1
83,15,101,56000 ,長場,37.882256,139.207376,0,1
84,15,101,57000 ,名目所,37.95085,139.158055,0,1
85,15,101,58001 ,名目所一丁目,37.942476,139.159436,0,3
86,15,101,58002 ,名目所二丁目,37.946884,139.159756,0,3
87,15,101,58003 ,名目所三丁目,37.948517,139.155349,0,3
88,15,101,59000 ,新井郷,37.912241,139.184558,0,1
89,15,101,60000 ,新崎,37.917977,139.153241,0,1
90,15,101,61001 ,新崎一丁目,37.922435,139.152211,0,3
91,15,101,61002 ,新崎二丁目,37.924988,139.150932,0,3
92,15,101,61003 ,新崎三丁目,37.925182,139.159914,0,3
93,15,101,62000 ,濁川,37.934827,139.149163,1,1
94,15,101,63001 ,濁川一丁目,37.929589,139.150095,0,3
95,15,101,64000 ,西名目所,37.942114,139.148858,0,1
96,15,101,65000 ,灰塚,37.872986,139.180674,0,1
97,15,101,66001 ,白新町一丁目,37.918905,139.217189,0,3
98,15,101,66002 ,白新町二丁目,37.917231,139.215795,0,3
99,15,101,66003 ,白新町三丁目,37.915497,139.214236,0,3
100,15,101,66004 ,白新町四丁目,37.914589,139.211676,0,3
101,15,101,67000 ,浜浦,37.961922,139.21142,0,1
102,15,101,68000 ,早通,37.926049,139.190854,0,1
103,15,101,69001 ,早通北一丁目,37.921822,139.179657,0,3
104,15,101,69002 ,早通北二丁目,37.923334,139.180536,0,3
105,15,101,69003 ,早通北三丁目,37.921006,139.183608,0,3
106,15,101,69004 ,早通北四丁目,37.922467,139.18408,0,3
107,15,101,69005 ,早通北五丁目,37.924163,139.184543,0,3
108,15,101,69006 ,早通北六丁目,37.923556,139.186733,0,3
109,15,101,70001 ,早通南一丁目,37.920472,139.179163,0,3
110,15,101,70002 ,早通南二丁目,37.91929,139.178873,0,3
111,15,101,70003 ,早通南三丁目,37.918289,139.178709,0,3
112,15,101,70004 ,早通南四丁目,37.917577,139.177869,0,3
113,15,101,70005 ,早通南五丁目,37.918589,139.181945,0,3
114,15,101,71000 ,東栄町,37.952531,139.183275,0,1
115,15,101,72000 ,平林,37.866693,139.195178,0,1
116,15,101,73000 ,仏伝,37.917649,139.174953,0,1
117,15,101,74001 ,北陽一丁目,37.941078,139.185937,0,3
118,15,101,74002 ,北陽二丁目,37.942597,139.185694,0,3
119,15,101,75000 ,細山,37.895059,139.158119,0,1
120,15,101,76000 ,前新田,37.91384,139.235095,0,1
121,15,101,77000 ,松潟,37.924312,139.171172,0,1
122,15,101,78000 ,松栄町,37.948087,139.175147,0,1
123,15,101,79001 ,松浜一丁目,37.952167,139.145654,0,3
124,15,101,79002 ,松浜二丁目,37.952352,139.142137,0,3
125,15,101,79003 ,松浜三丁目,37.953999,139.141311,0,3
126,15,101,79004 ,松浜四丁目,37.95503,139.145184,0,3
127,15,101,79005 ,松浜五丁目,37.957491,139.144528,0,3
128,15,101,79006 ,松浜六丁目,37.956994,139.140682,0,3
129,15,101,79007 ,松浜七丁目,37.955772,139.137736,0,3
130,15,101,79008 ,松浜八丁目,37.961886,139.143371,0,3
131,15,101,80000 ,松浜新町,37.949632,139.150978,0,1
132,15,101,81000 ,松浜町,37.959879,139.133107,0,1
133,15,101,82001 ,松浜東町一丁目,37.951897,139.150979,0,3
134,15,101,82002 ,松浜東町二丁目,37.953911,139.152424,0,3
135,15,101,83001 ,松浜本町一丁目,37.950407,139.147224,0,3
136,15,101,83002 ,松浜本町二丁目,37.948828,139.14341,0,3
137,15,101,83003 ,松浜本町三丁目,37.950413,139.143053,0,3
138,15,101,83004 ,松浜本町四丁目,37.950391,139.139332,0,3
139,15,101,84000 ,松浜みなと,37.960878,139.139484,0,1
140,15,101,85001 ,美里一丁目,37.906994,139.215938,0,3
141,15,101,85002 ,美里二丁目,37.906356,139.218947,0,3
142,15,101,86000 ,三ツ森川原,37.90671,139.157102,0,1
143,15,101,87000 ,三ツ屋,37.891048,139.162174,0,1
144,15,101,88000 ,村新田,37.937082,139.252158,0,1
145,15,101,89000 ,森下,37.908635,139.162009,0,1
146,15,101,90001 ,柳原一丁目,37.918818,139.212721,0,3
147,15,101,90002 ,柳原二丁目,37.91998,139.210472,0,3
148,15,101,90003 ,柳原三丁目,37.917042,139.210387,0,3
149,15,101,90004 ,柳原四丁目,37.918069,139.20812,0,3
150,15,101,90005 ,柳原五丁目,37.919034,139.20822,0,3
151,15,101,90006 ,柳原六丁目,37.917216,139.205319,0,3
152,15,101,90007 ,柳原七丁目,37.917835,139.204702,0,3
153,15,101,91000 ,山飯野,37.873315,139.194659,0,1
154,15,101,92000 ,横井,37.936424,139.221428,0,1
155,15,101,93000 ,横越,37.866384,139.185881,0,1
156,15,101,94000 ,横土居,37.964902,139.224256,0,1
157,15,102,1001 ,秋葉一丁目,37.939391,139.08109,0,3
158,15,102,2002 ,秋葉通二丁目,37.941856,139.081595,0,3
159,15,102,2003 ,秋葉通三丁目,37.944315,139.085082,0,3
160,15,102,3000 ,粟山,37.892637,139.105227,0,1
161,15,102,4001 ,粟山一丁目,37.898614,139.099088,0,3
162,15,102,4002 ,粟山二丁目,37.895836,139.099998,0,3
163,15,102,4003 ,粟山三丁目,37.896706,139.101392,0,3
164,15,102,4004 ,粟山四丁目,37.897623,139.103303,0,3
165,15,102,5000 ,石山,37.90218,139.090572,0,1
166,15,102,6001 ,石山一丁目,37.896562,139.090566,0,3
167,15,102,6002 ,石山二丁目,37.896446,139.0939,0,3
168,15,102,6003 ,石山三丁目,37.894085,139.095532,0,3
169,15,102,6004 ,石山四丁目,37.895031,139.098396,0,3
170,15,102,6005 ,石山五丁目,37.897364,139.095949,0,3
171,15,102,6006 ,石山六丁目,37.899871,139.09786,0,3
172,15,102,7000 ,石山団地,37.90486,139.10901,0,1
173,15,102,8000 ,石動,37.918996,139.128266,0,1
174,15,102,9000 ,江口,37.908315,139.127263,0,1
175,15,102,10000 ,榎,37.927658,139.085661,0,1
176,15,102,11000 ,榎町,37.925694,139.07844,0,1
177,15,102,12000 ,海老ケ瀬,37.929702,139.12735,0,1
178,15,102,13000 ,海老ケ瀬新町,37.928431,139.121751,0,1
179,15,102,14000 ,王瀬新町,37.931401,139.082086,0,1
180,15,102,15000 ,逢谷内,37.917171,139.117824,0,1
181,15,102,16001 ,逢谷内一丁目,37.918567,139.114847,0,3
182,15,102,16002 ,逢谷内二丁目,37.919159,139.116624,0,3
183,15,102,16003 ,逢谷内三丁目,37.919848,139.118724,0,3
184,15,102,16004 ,逢谷内四丁目,37.922392,139.116613,0,3
185,15,102,16005 ,逢谷内五丁目,37.921021,139.114556,0,3
186,15,102,16006 ,逢谷内六丁目,37.923008,139.114437,0,3
187,15,102,17000 ,大形本町,37.919215,139.124496,0,1
188,15,102,18001 ,大形本町一丁目,37.927235,139.118633,0,3
189,15,102,18002 ,大形本町二丁目,37.925141,139.119648,0,3
190,15,102,18003 ,大形本町三丁目,37.924418,139.116371,0,3
191,15,102,18004 ,大形本町四丁目,37.922629,139.119141,0,3
192,15,102,18005 ,大形本町五丁目,37.921764,139.12512,0,3
193,15,102,18006 ,大形本町六丁目,37.920024,139.121601,0,3
194,15,102,19001 ,大山一丁目,37.934156,139.079208,0,3
195,15,102,19002 ,大山二丁目,37.936332,139.078027,0,3
196,15,102,20000 ,岡山,37.913152,139.124475,0,1
197,15,102,21001 ,卸新町一丁目,37.908357,139.091254,0,3
198,15,102,21002 ,卸新町二丁目,37.906701,139.092249,0,3
199,15,102,21003 ,卸新町三丁目,37.905833,139.095163,0,3
200,15,102,22000 ,上王瀬町,37.934678,139.085443,0,1
201,15,102,23000 ,上木戸,37.911914,139.103488,0,1
202,15,102,24001 ,上木戸一丁目,37.923925,139.100372,0,3
203,15,102,24002 ,上木戸二丁目,37.9229,139.106019,0,3
204,15,102,24003 ,上木戸三丁目,37.922221,139.102641,0,3
205,15,102,24004 ,上木戸四丁目,37.91899,139.100754,0,3
206,15,102,24005 ,上木戸五丁目,37.91981,139.104231,0,3
207,15,102,25004 ,亀田中島四丁目,37.890806,139.099837,0,3
208,15,102,26000 ,鴎島町,37.930723,139.087416,0,1
209,15,102,27000 ,北葉町,37.938565,139.076367,0,1
210,15,102,28000 ,北山,37.891037,139.101334,0,1
211,15,102,29001 ,空港西一丁目,37.948083,139.094475,0,3
212,15,102,29002 ,空港西二丁目,37.948984,139.097414,0,3
213,15,102,30000 ,下場,37.907956,139.102431,0,1
214,15,102,31000 ,下場新町,37.905922,139.105438,0,1
215,15,102,32000 ,下場本町,37.904396,139.1059,0,1
216,15,102,33001 ,幸栄一丁目,37.943334,139.102509,0,3
217,15,102,33002 ,幸栄二丁目,37.945657,139.102683,0,3
218,15,102,33003 ,幸栄三丁目,37.944398,139.106026,0,3
219,15,102,34000 ,河渡,37.949872,139.104998,0,1
220,15,102,35001 ,河渡一丁目,37.935222,139.096961,0,3
221,15,102,35002 ,河渡二丁目,37.935742,139.099771,0,3
222,15,102,35003 ,河渡三丁目,37.937188,139.10301,0,3
223,15,102,36001 ,河渡新町一丁目,37.946909,139.105592,0,3
224,15,102,36002 ,河渡新町二丁目,37.947384,139.110069,0,3
225,15,102,37000 ,河渡本町,37.934332,139.104592,0,1
226,15,102,38001 ,江南一丁目,37.901336,139.078675,0,3
227,15,102,38002 ,江南二丁目,37.902173,139.080144,0,3
228,15,102,38003 ,江南三丁目,37.902651,139.081857,0,3
229,15,102,38004 ,江南四丁目,37.905099,139.082465,0,3
230,15,102,38005 ,江南五丁目,37.904141,139.083536,0,3
231,15,102,38006 ,江南六丁目,37.902922,139.084685,0,3
232,15,102,39001 ,向陽一丁目,37.941237,139.105711,0,3
233,15,102,39002 ,向陽二丁目,37.941008,139.11172,0,3
234,15,102,39003 ,向陽三丁目,37.940568,139.115581,0,3
235,15,102,40000 ,小金台,37.942551,139.089268,0,1
236,15,102,41001 ,小金町一丁目,37.936781,139.092166,0,3
237,15,102,41002 ,小金町二丁目,37.938288,139.097702,0,3
238,15,102,41003 ,小金町三丁目,37.938848,139.091477,0,3
239,15,102,42000 ,材木町,37.927915,139.106191,0,1
240,15,102,43000 ,猿ケ馬場,37.905977,139.12046,0,1
241,15,102,44001 ,猿ケ馬場一丁目,37.906259,139.113987,0,3
242,15,102,44002 ,猿ケ馬場二丁目,37.907886,139.116032,0,3
243,15,102,45001 ,下山一丁目,37.944238,139.120197,0,3
244,15,102,45002 ,下山二丁目,37.947648,139.127659,0,3
245,15,102,45003 ,下山三丁目,37.951565,139.126505,0,3
246,15,102,46000 ,紫竹,37.90482,139.085107,0,1
247,15,102,47002 ,紫竹二丁目,37.908257,139.076438,0,3
248,15,102,47003 ,紫竹三丁目,37.906386,139.07562,0,3
249,15,102,47004 ,紫竹四丁目,37.907316,139.080176,0,3
250,15,102,47005 ,紫竹五丁目,37.904361,139.077565,0,3
251,15,102,47006 ,紫竹六丁目,37.908874,139.082996,0,3
252,15,102,47007 ,紫竹七丁目,37.910221,139.086783,0,3
253,15,102,48000 ,紫竹卸新町,37.905833,139.08734,0,1
254,15,102,49003 ,紫竹山三丁目,37.903181,139.075155,0,3
255,15,102,50000 ,下木戸,37.93128,139.09685,0,1
256,15,102,51001 ,下木戸一丁目,37.925976,139.092247,0,3
257,15,102,51002 ,下木戸二丁目,37.926702,139.094857,0,3
258,15,102,51003 ,下木戸三丁目,37.930656,139.091027,0,3
259,15,102,52001 ,白銀一丁目,37.936179,139.10756,0,3
260,15,102,52002 ,白銀二丁目,37.936999,139.110388,0,3
261,15,102,53001 ,新石山一丁目,37.90327,139.099241,0,3
262,15,102,53002 ,新石山二丁目,37.902617,139.097644,0,3
263,15,102,53003 ,新石山三丁目,37.901946,139.096114,0,3
264,15,102,53004 ,新石山四丁目,37.901287,139.094504,0,3
265,15,102,53005 ,新石山五丁目,37.900189,139.093445,0,3
266,15,102,54002 ,新岡山二丁目,37.909236,139.122164,0,3
267,15,102,55000 ,新川町,37.941258,139.121332,0,1
268,15,102,56001 ,新松崎一丁目,37.930284,139.116054,0,3
269,15,102,56002 ,新松崎二丁目,37.931546,139.118098,0,3
270,15,102,56003 ,新松崎三丁目,37.930639,139.120138,0,3
271,15,102,57000 ,神明町,37.940502,139.068445,0,1
272,15,102,58000 ,末広町,37.934176,139.071039,0,1
273,15,102,59001 ,太平一丁目,37.945504,139.117983,0,3
274,15,102,59002 ,太平二丁目,37.944657,139.115316,0,3
275,15,102,59003 ,太平三丁目,37.944309,139.111288,0,3
276,15,102,59004 ,太平四丁目,37.942856,139.108832,0,3
277,15,102,60000 ,宝町,37.94083,139.085878,0,1
278,15,102,61000 ,竹尾,37.910515,139.098311,0,1
279,15,102,62001 ,竹尾一丁目,37.911274,139.093237,0,3
280,15,102,62002 ,竹尾二丁目,37.912849,139.090471,0,3
281,15,102,62003 ,竹尾三丁目,37.914507,139.094599,0,3
282,15,102,62004 ,竹尾四丁目,37.914797,139.098364,0,3
283,15,102,63000 ,竹尾卸新町,37.908262,139.095776,0,1
284,15,102,64000 ,児池,37.914205,139.119001,0,1
285,15,102,65000 ,長者町,37.935159,139.074574,0,1
286,15,102,66000 ,月見町,37.936903,139.08248,0,1
287,15,102,67001 ,津島屋一丁目,37.938049,139.136,0,3
288,15,102,67002 ,津島屋二丁目,37.939822,139.133238,0,3
289,15,102,67003 ,津島屋三丁目,37.942917,139.13217,0,3
290,15,102,67004 ,津島屋四丁目,37.945048,139.130982,0,3
291,15,102,67005 ,津島屋五丁目,37.946532,139.132321,0,3
292,15,102,67006 ,津島屋六丁目,37.941955,139.124475,0,3
293,15,102,67007 ,津島屋七丁目,37.93951,139.126168,0,3
294,15,102,67008 ,津島屋八丁目,37.933413,139.131771,0,3
295,15,102,68000 ,寺山,37.914098,139.111163,0,1
296,15,102,69001 ,寺山一丁目,37.918621,139.108549,0,3
297,15,102,69002 ,寺山二丁目,37.921905,139.109392,0,3
298,15,102,69003 ,寺山三丁目,37.920137,139.111737,0,3
299,15,102,70000 ,東新町,37.933325,139.075167,0,1
300,15,102,71001 ,東明一丁目,37.899488,139.081894,0,3
301,15,102,71002 ,東明二丁目,37.899978,139.084378,0,3
302,15,102,71003 ,東明三丁目,37.900866,139.085976,0,3
303,15,102,71004 ,東明四丁目,37.901673,139.087524,0,3
304,15,102,71005 ,東明五丁目,37.899809,139.088278,0,3
305,15,102,71006 ,東明六丁目,37.898614,139.090158,0,3
306,15,102,71007 ,東明七丁目,37.897728,139.087203,0,3
307,15,102,71008 ,東明八丁目,37.898256,139.084339,0,3
308,15,102,72000 ,中木戸,37.928284,139.099612,0,1
309,15,102,73000 ,中興野,37.921001,139.140708,0,1
310,15,102,74000 ,中島,37.911001,139.11214,0,1
311,15,102,75001 ,中島一丁目,37.90708,139.105387,0,3
312,15,102,75002 ,中島二丁目,37.910404,139.113706,0,3
313,15,102,76000 ,中野山,37.895996,139.108431,0,1
314,15,102,77001 ,中野山一丁目,37.903574,139.101353,0,3
315,15,102,77002 ,中野山二丁目,37.905089,139.101235,0,3
316,15,102,77003 ,中野山三丁目,37.905194,139.103456,0,3
317,15,102,77004 ,中野山四丁目,37.902426,139.102804,0,3
318,15,102,77005 ,中野山五丁目,37.901376,139.104441,0,3
319,15,102,77006 ,中野山六丁目,37.898628,139.105723,0,3
320,15,102,77007 ,中野山七丁目,37.899699,139.107508,0,3
321,15,102,77008 ,中野山八丁目,37.904137,139.110209,0,3
322,15,102,78001 ,中山一丁目,37.917245,139.081418,0,3
323,15,102,78002 ,中山二丁目,37.916194,139.081431,0,3
324,15,102,78003 ,中山三丁目,37.91802,139.086925,0,3
325,15,102,78004 ,中山四丁目,37.91617,139.087819,0,3
326,15,102,78005 ,中山五丁目,37.915227,139.082122,0,3
327,15,102,78006 ,中山六丁目,37.913895,139.082714,0,3
328,15,102,78007 ,中山七丁目,37.912409,139.08394,0,3
329,15,102,78008 ,中山八丁目,37.915264,139.090914,0,3
330,15,102,79000 ,錦町,37.937511,139.086815,0,1
331,15,102,80000 ,西野,37.902358,139.118717,0,1
332,15,102,81000 ,根室新町,37.948543,139.118693,0,1
333,15,102,82001 ,はなみずき一丁目,37.915895,139.101119,0,3
334,15,102,82002 ,はなみずき二丁目,37.916867,139.103495,0,3
335,15,102,82003 ,はなみずき三丁目,37.914681,139.10415,0,3
336,15,102,83000 ,浜町,37.941847,139.068057,0,1
337,15,102,84001 ,浜谷町一丁目,37.948059,139.09157,0,3
338,15,102,84002 ,浜谷町二丁目,37.946156,139.095041,0,3
339,15,102,85001 ,東中島一丁目,37.906642,139.111403,0,3
340,15,102,85002 ,東中島二丁目,37.907969,139.110775,0,3
341,15,102,85003 ,東中島三丁目,37.911133,139.117099,0,3
342,15,102,85004 ,東中島四丁目,37.90981,139.118511,0,3
343,15,102,86001 ,東中野山一丁目,37.900478,139.108989,0,3
344,15,102,86002 ,東中野山二丁目,37.901336,139.110431,0,3
345,15,102,86003 ,東中野山三丁目,37.902077,139.111968,0,3
346,15,102,86004 ,東中野山四丁目,37.902958,139.113309,0,3
347,15,102,86005 ,東中野山五丁目,37.903828,139.114808,0,3
348,15,102,86006 ,東中野山六丁目,37.905068,139.11649,0,3
349,15,102,86007 ,東中野山七丁目,37.906752,139.118819,0,3
350,15,102,87000 ,東臨港町,37.947995,139.083116,0,1
351,15,102,88000 ,一日市,37.929313,139.138902,0,1
352,15,102,89001 ,藤見町一丁目,37.93463,139.092077,0,3
353,15,102,89002 ,藤見町二丁目,37.933062,139.096848,0,3
354,15,102,90001 ,船江町一丁目,37.954361,139.094767,0,3
355,15,102,90002 ,船江町二丁目,37.954766,139.101505,0,3
356,15,102,90003 ,船江町三丁目,37.955661,139.106455,0,3
357,15,102,91000 ,古川町,37.937596,139.073551,0,1
358,15,102,92000 ,古湊町,37.937467,139.069513,0,1
359,15,102,93000 ,平和町,37.948701,139.08675,0,1
360,15,102,94001 ,牡丹山一丁目,37.917666,139.091665,0,3
361,15,102,94002 ,牡丹山二丁目,37.920962,139.091456,0,3
362,15,102,94003 ,牡丹山三丁目,37.923291,139.09535,0,3
363,15,102,94004 ,牡丹山四丁目,37.921145,139.095519,0,3
364,15,102,94005 ,牡丹山五丁目,37.919708,139.096656,0,3
365,15,102,94006 ,牡丹山六丁目,37.917618,139.096827,0,3
366,15,102,95000 ,本所,37.91508,139.141635,0,1
367,15,102,96001 ,本所一丁目,37.918372,139.136344,0,3
368,15,102,96002 ,本所二丁目,37.915059,139.139246,0,3
369,15,102,96003 ,本所三丁目,37.914746,139.136594,0,3
370,15,102,97000 ,松崎,37.930695,139.111817,0,1
371,15,102,98001 ,松崎一丁目,37.935606,139.113966,0,3
372,15,102,98002 ,松崎二丁目,37.936322,139.118427,0,3
373,15,102,99001 ,松島一丁目,37.932017,139.072063,0,3
374,15,102,99002 ,松島二丁目,37.931794,139.075567,0,3
375,15,102,99003 ,松島三丁目,37.932558,139.080145,0,3
376,15,102,100001 ,松園一丁目,37.938658,139.10154,0,3
377,15,102,100002 ,松園二丁目,37.941232,139.101329,0,3
378,15,102,101000 ,松浜町,37.954752,139.118999,0,1
379,15,102,102000 ,松和町,37.94019,139.096003,0,1
380,15,102,103001 ,南紫竹一丁目,37.900535,139.076626,0,3
381,15,102,103002 ,南紫竹二丁目,37.898383,139.080067,0,3
382,15,102,104001 ,もえぎ野一丁目,37.892634,139.098981,0,3
383,15,102,104002 ,もえぎ野二丁目,37.893646,139.101892,0,3
384,15,102,104003 ,もえぎ野三丁目,37.894428,139.104861,0,3
385,15,102,105000 ,木工新町,37.936272,139.123156,0,1
386,15,102,106001 ,物見山一丁目,37.942103,139.094433,0,3
387,15,102,106002 ,物見山二丁目,37.94407,139.093915,0,3
388,15,102,106003 ,物見山三丁目,37.945357,139.098367,0,3
389,15,102,106004 ,物見山四丁目,37.942661,139.0988,0,3
390,15,102,107001 ,桃山町一丁目,37.943397,139.076651,0,3
391,15,102,107002 ,桃山町二丁目,37.944295,139.080643,0,3
392,15,102,108000 ,柳ヶ丘,37.920531,139.133225,0,1
393,15,102,109000 ,山木戸,37.925998,139.086109,0,1
394,15,102,110001 ,山木戸一丁目,37.918191,139.077851,0,3
395,15,102,110002 ,山木戸二丁目,37.918038,139.081261,0,3
396,15,102,110003 ,山木戸三丁目,37.919797,139.081454,0,3
397,15,102,110004 ,山木戸四丁目,37.921015,139.085739,0,3
398,15,102,110005 ,山木戸五丁目,37.91974,139.087915,0,3
399,15,102,110006 ,山木戸六丁目,37.922479,139.089827,0,3
400,15,102,110007 ,山木戸七丁目,37.924072,139.087559,0,3
401,15,102,110008 ,山木戸八丁目,37.923592,139.083224,0,3
402,15,102,111000 ,山の下町,37.940008,139.074398,0,1
403,15,102,112001 ,有楽一丁目,37.937838,139.1061,0,3
404,15,102,112002 ,有楽二丁目,37.938892,139.109072,0,3
405,15,102,112003 ,有楽三丁目,37.939402,139.1127,0,3
406,15,102,113001 ,豊一丁目,37.925951,139.105325,0,3
407,15,102,113002 ,豊二丁目,37.925687,139.111355,0,3
408,15,102,113003 ,豊三丁目,37.926903,139.112277,0,3
409,15,102,114000 ,臨海町,37.945253,139.070466,0,1
410,15,102,115001 ,臨港一丁目,37.943,139.0732,0,3
411,15,102,116002 ,臨港町二丁目,37.947409,139.074431,0,3
412,15,102,116003 ,臨港町三丁目,37.949917,139.080133,0,3
413,15,102,117001 ,若葉町一丁目,37.898056,139.112106,0,3
414,15,102,117002 ,若葉町二丁目,37.899963,139.115182,0,3
415,15,103,1000 ,相生町,37.925918,139.052581,0,1
416,15,103,2001 ,赤坂町一丁目,37.930098,139.051274,0,3
417,15,103,2002 ,赤坂町二丁目,37.930388,139.052714,0,3
418,15,103,2003 ,赤坂町三丁目,37.931033,139.054196,0,3
419,15,103,3001 ,明石一丁目,37.916011,139.065508,0,3
420,15,103,3002 ,明石二丁目,37.917127,139.068623,0,3
421,15,103,4000 ,曙町,37.930714,139.049376,0,1
422,15,103,5000 ,旭町通一番町,37.919669,139.034929,0,1
423,15,103,6000 ,旭町通二番町,37.922068,139.034938,0,1
424,15,103,7001 ,愛宕一丁目,37.887269,139.028122,0,3
425,15,103,7002 ,愛宕二丁目,37.887434,139.025776,0,3
426,15,103,7003 ,愛宕三丁目,37.889189,139.02729,0,3
427,15,103,8001 ,鐙一丁目,37.905201,139.067183,0,3
428,15,103,8002 ,鐙二丁目,37.903842,139.068433,0,3
429,15,103,8003 ,鐙三丁目,37.905766,139.071963,0,3
430,15,103,9001 ,鐙西一丁目,37.903308,139.063497,0,3
431,15,103,9002 ,鐙西二丁目,37.901743,139.060818,0,3
432,15,103,10000 ,網川原,37.897332,139.020421,0,1
433,15,103,11001 ,網川原一丁目,37.895852,139.021655,0,3
434,15,103,11002 ,網川原二丁目,37.892522,139.021697,0,3
435,15,103,12000 ,有明大橋町,37.903361,139.010435,0,1
436,15,103,13000 ,有明台,37.901194,139.010381,0,1
437,15,103,14000 ,医学町通一番町,37.917415,139.038444,0,1
438,15,103,15000 ,医学町通二番町,37.917349,139.037024,0,1
439,15,103,16000 ,礎町通一ノ町,37.920235,139.049572,0,1
440,15,103,17000 ,礎町通二ノ町,37.921263,139.050341,0,1
441,15,103,18000 ,礎町通三ノ町,37.922287,139.051181,0,1
442,15,103,19000 ,礎町通四ノ町,37.923338,139.052092,0,1
443,15,103,20000 ,礎町通五ノ町,37.924298,139.052851,0,1
444,15,103,21000 ,礎町通六ノ町,37.925075,139.053425,0,1
445,15,103,22000 ,礎町通上一ノ町,37.919276,139.049157,0,1
446,15,103,23000 ,一番堀通町,37.913048,139.038882,0,1
447,15,103,24000 ,稲荷町,37.932681,139.055067,0,1
448,15,103,25001 ,入船町一丁目,37.932383,139.057046,0,3
449,15,103,25002 ,入船町二丁目,37.933285,139.056972,0,3
450,15,103,25003 ,入船町三丁目,37.934412,139.056796,0,3
451,15,103,25004 ,入船町四丁目,37.940148,139.060974,0,3
452,15,103,25005 ,入船町五丁目,37.93667,139.056848,0,3
453,15,103,25006 ,入船町六丁目,37.937753,139.056984,0,3
454,15,103,26000 ,祝町,37.933686,139.051688,0,1
455,15,103,27000 ,浮洲町,37.934727,139.052442,0,1
456,15,103,28000 ,鵜ノ子,37.883158,139.083029,0,1
457,15,103,29000 ,姥ケ山,37.886313,139.08378,0,1
458,15,103,30001 ,姥ケ山一丁目,37.88798,139.07464,0,3
459,15,103,30002 ,姥ケ山二丁目,37.885684,139.076398,0,3
460,15,103,30003 ,姥ケ山三丁目,37.886558,139.07926,0,3
461,15,103,30004 ,姥ケ山四丁目,37.889502,139.079583,0,3
462,15,103,30005 ,姥ケ山五丁目,37.891,139.077407,0,3
463,15,103,30006 ,姥ケ山六丁目,37.892456,139.080693,0,3
464,15,103,31000 ,海辺町一番町,37.94312,139.060616,0,1
465,15,103,32000 ,海辺町二番町,37.943051,139.058928,0,1
466,15,103,33000 ,上沼,37.881916,139.037858,0,1
467,15,103,34000 ,営所通一番町,37.921085,139.040442,0,1
468,15,103,35000 ,営所通二番町,37.922834,139.038105,0,1
469,15,103,36000 ,烏帽子町,37.933161,139.047297,0,1
470,15,103,37001 ,近江一丁目,37.903903,139.043969,0,3
471,15,103,37002 ,近江二丁目,37.901784,139.047492,0,3
472,15,103,37003 ,近江三丁目,37.901244,139.044752,0,3
473,15,103,38001 ,翁町一丁目,37.933559,139.047782,0,3
474,15,103,38002 ,翁町二丁目,37.934125,139.048498,0,3
475,15,103,39000 ,親松,37.878637,139.027981,0,1
476,15,103,40000 ,鏡が岡,37.91599,139.073402,0,1
477,15,103,41000 ,春日町,37.912643,139.054474,0,1
478,15,103,42000 ,学校裏町,37.916926,139.037978,0,1
479,15,103,43000 ,学校町通一番町,37.916493,139.037728,0,1
480,15,103,44000 ,学校町通二番町,37.917815,139.033825,0,1
481,15,103,45000 ,学校町通三番町,37.917759,139.028206,0,1
482,15,103,46001 ,上近江一丁目,37.900858,139.033168,0,3
483,15,103,46002 ,上近江二丁目,37.899112,139.037247,0,3
484,15,103,46003 ,上近江三丁目,37.898251,139.034216,0,3
485,15,103,46004 ,上近江四丁目,37.897771,139.030309,0,3
486,15,103,47000 ,上大川前通十番町,37.926489,139.049137,0,1
487,15,103,48000 ,上大川前通十一番町,37.927874,139.049152,0,1
488,15,103,49000 ,上大川前通十二番町,37.929364,139.049268,0,1
489,15,103,50000 ,上大川前通一番町,37.914832,139.042725,0,1
490,15,103,51000 ,上大川前通二番町,37.91543,139.043822,0,1
491,15,103,52000 ,上大川前通三番町,37.916169,139.044958,0,1
492,15,103,53000 ,上大川前通四番町,37.91703,139.046171,0,1
493,15,103,54000 ,上大川前通五番町,37.918329,139.047619,0,1
494,15,103,55000 ,上大川前通六番町,37.92035,139.04778,0,1
495,15,103,56000 ,上大川前通七番町,37.922191,139.04839,0,1
496,15,103,57000 ,上大川前通八番町,37.923693,139.048606,0,1
497,15,103,58000 ,上大川前通九番町,37.925085,139.048951,0,1
498,15,103,59001 ,上所一丁目,37.909486,139.041234,0,3
499,15,103,59002 ,上所二丁目,37.907117,139.034488,0,3
500,15,103,59003 ,上所三丁目,37.90549,139.041661,0,3
501,15,103,60001 ,上所上一丁目,37.904637,139.03181,0,3
502,15,103,60002 ,上所上二丁目,37.902903,139.033706,0,3
503,15,103,60003 ,上所上三丁目,37.901982,139.031417,0,3
504,15,103,61001 ,上所中一丁目,37.905585,139.036349,0,3
505,15,103,61002 ,上所中二丁目,37.90418,139.038449,0,3
506,15,103,61003 ,上所中三丁目,37.903208,139.036238,0,3
507,15,103,62000 ,亀田早通,37.880911,139.080047,0,1
508,15,103,63001 ,川岸町一丁目,37.911807,139.035208,0,3
509,15,103,63002 ,川岸町二丁目,37.909917,139.032623,0,3
510,15,103,63003 ,川岸町三丁目,37.908599,139.026074,0,3
511,15,103,64001 ,川端町一丁目,37.913599,139.043827,0,3
512,15,103,64002 ,川端町二丁目,37.91451,139.045603,0,3
513,15,103,64003 ,川端町三丁目,37.915217,139.046935,0,3
514,15,103,64004 ,川端町四丁目,37.916019,139.048118,0,3
515,15,103,64005 ,川端町五丁目,37.916994,139.049428,0,3
516,15,103,64006 ,川端町六丁目,37.919319,139.050927,0,3
517,15,103,65001 ,神道寺一丁目,37.899909,139.056391,0,3
518,15,103,65002 ,神道寺二丁目,37.897108,139.055833,0,3
519,15,103,65003 ,神道寺三丁目,37.899147,139.053837,0,3
520,15,103,66001 ,神道寺南一丁目,37.896382,139.057943,0,3
521,15,103,66002 ,神道寺南二丁目,37.89465,139.059083,0,3
522,15,103,67000 ,蒲原町,37.918837,139.067435,0,1
523,15,103,68000 ,北大畑町,37.925937,139.04139,0,1
524,15,103,69000 ,北多門町,37.924886,139.049708,0,1
525,15,103,70000 ,北浜通一番町,37.925757,139.042923,0,1
526,15,103,71000 ,北浜通二番町,37.926394,139.042567,0,1
527,15,103,72000 ,北毘沙門町,37.926417,139.0515,0,1
528,15,103,73000 ,寄附町,37.932864,139.048869,0,1
529,15,103,74000 ,久蔵興野,37.876576,139.040541,0,1
530,15,103,75000 ,窪田町,37.923451,139.026494,0,1
531,15,103,76001 ,窪田町一丁目,37.937214,139.052364,0,3
532,15,103,76002 ,窪田町二丁目,37.939253,139.054467,0,3
533,15,103,76003 ,窪田町三丁目,37.936715,139.052863,0,3
534,15,103,76004 ,窪田町四丁目,37.938448,139.054544,0,3
535,15,103,76005 ,窪田町五丁目,37.937143,139.054143,0,3
536,15,103,76006 ,窪田町六丁目,37.938765,139.05569,0,3
537,15,103,76007 ,窪田町七丁目,37.937578,139.055192,0,3
538,15,103,77001 ,京王一丁目,37.893239,139.075812,0,3
539,15,103,77002 ,京王二丁目,37.894188,139.079046,0,3
540,15,103,77003 ,京王三丁目,37.895447,139.080292,0,3
541,15,103,78001 ,高志一丁目,37.896425,139.074144,0,3
542,15,103,78002 ,高志二丁目,37.897619,139.077043,0,3
543,15,103,79001 ,寿町一丁目,37.93424,139.051391,0,3
544,15,103,79002 ,寿町二丁目,37.934944,139.050983,0,3
545,15,103,80000 ,湖南,37.87645,139.039176,0,1
546,15,103,81001 ,小張木一丁目,37.885747,139.048148,0,3
547,15,103,81002 ,小張木二丁目,37.886794,139.041529,0,3
548,15,103,81003 ,小張木三丁目,37.884386,139.04216,0,3
549,15,103,82000 ,幸町,37.909133,139.049509,0,1
550,15,103,83001 ,幸西一丁目,37.911771,139.050531,0,3
551,15,103,83002 ,幸西二丁目,37.909887,139.04714,0,3
552,15,103,83003 ,幸西三丁目,37.911642,139.045931,0,3
553,15,103,83004 ,幸西四丁目,37.913401,139.049106,0,3
554,15,103,84001 ,栄町一丁目,37.933826,139.049945,0,3
555,15,103,84002 ,栄町二丁目,37.934622,139.050022,0,3
556,15,103,84003 ,栄町三丁目,37.935551,139.049851,0,3
557,15,103,85000 ,魁町,37.929222,139.056342,0,1
558,15,103,86000 ,桜木町,37.894044,139.053251,0,1
559,15,103,87000 ,笹口,37.912409,139.071438,0,1
560,15,103,88001 ,笹口一丁目,37.911749,139.06576,0,3
561,15,103,88002 ,笹口二丁目,37.91023,139.065225,0,3
562,15,103,88003 ,笹口三丁目,37.91232,139.070034,0,3
563,15,103,89000 ,三和町,37.922438,139.062152,0,1
564,15,103,90000 ,汐見台,37.913226,139.010636,0,1
565,15,103,91001 ,紫竹一丁目,37.909774,139.076587,0,3
566,15,103,92001 ,紫竹山一丁目,37.899759,139.06391,0,3
567,15,103,92002 ,紫竹山二丁目,37.901371,139.068043,0,3
568,15,103,92003 ,紫竹山三丁目,37.902942,139.072172,0,3
569,15,103,92004 ,紫竹山四丁目,37.899307,139.072848,0,3
570,15,103,92005 ,紫竹山五丁目,37.898379,139.068946,0,3
571,15,103,92006 ,紫竹山六丁目,37.89722,139.065941,0,3
572,15,103,92007 ,紫竹山七丁目,37.896102,139.063124,0,3
573,15,103,93000 ,信濃町,37.908044,139.01216,0,1
574,15,103,94000 ,下旭町,37.920703,139.037913,0,1
575,15,103,95000 ,下大川前通一ノ町,37.919906,139.050238,0,1
576,15,103,96000 ,下大川前通二ノ町,37.920947,139.051817,0,1
577,15,103,97000 ,下大川前通三ノ町,37.921625,139.052892,0,1
578,15,103,98000 ,下大川前通四ノ町,37.922417,139.053678,0,1
579,15,103,99000 ,下大川前通五ノ町,37.923502,139.054351,0,1
580,15,103,100000 ,下大川前通六ノ町,37.924468,139.055337,0,1
581,15,103,101000 ,下大川前通七ノ町,37.925439,139.056032,0,1
582,15,103,102001 ,下所島一丁目,37.907347,139.044803,0,3
583,15,103,102002 ,下所島二丁目,37.905905,139.045772,0,3
584,15,103,103000 ,鐘木,37.878728,139.044122,0,1
585,15,103,104000 ,新光町,37.901591,139.020995,0,1
586,15,103,105000 ,新島町通一ノ町,37.920611,139.048861,0,1
587,15,103,106000 ,新島町通二ノ町,37.923471,139.0501,0,1
588,15,103,107000 ,新島町通三ノ町,37.924479,139.051838,0,1
589,15,103,108000 ,新島町通四ノ町,37.925498,139.053976,0,1
590,15,103,109000 ,新島町通五ノ町,37.925773,139.054767,0,1
591,15,103,110001 ,新和一丁目,37.90203,139.03925,0,3
592,15,103,110002 ,新和二丁目,37.900333,139.0428,0,3
593,15,103,110003 ,新和三丁目,37.899879,139.041133,0,3
594,15,103,110004 ,新和四丁目,37.899342,139.039491,0,3
595,15,103,111001 ,水道町一丁目,37.920872,139.026992,0,3
596,15,103,111002 ,水道町二丁目,37.922766,139.031469,0,3
597,15,103,112000 ,菅根町,37.93164,139.051789,0,1
598,15,103,113000 ,住吉町,37.92572,139.050238,0,1
599,15,103,114000 ,清五郎,37.881832,139.053083,0,1
600,15,103,115001 ,関新一丁目,37.90886,139.021631,0,3
601,15,103,115002 ,関新二丁目,37.905963,139.021371,0,3
602,15,103,115003 ,関新三丁目,37.906647,139.01826,0,3
603,15,103,116000 ,関南町,37.897436,139.012028,0,1
604,15,103,117000 ,関屋,37.915905,139.01465,0,1
605,15,103,118001 ,関屋大川前一丁目,37.902904,139.016812,0,3
606,15,103,118002 ,関屋大川前二丁目,37.905307,139.015028,0,3
607,15,103,119000 ,関屋御船蔵町,37.909908,139.020287,0,1
608,15,103,120000 ,関屋金鉢山町,37.909191,139.016923,0,1
609,15,103,121001 ,関屋金衛町一丁目,37.914124,139.016644,0,3
610,15,103,121002 ,関屋金衛町二丁目,37.9131,139.01468,0,3
611,15,103,122001 ,関屋下川原町一丁目,37.916789,139.025508,0,3
612,15,103,122002 ,関屋下川原町二丁目,37.91522,139.023714,0,3
613,15,103,123001 ,関屋昭和町一丁目,37.912237,139.016198,0,3
614,15,103,123002 ,関屋昭和町二丁目,37.910757,139.016953,0,3
615,15,103,123003 ,関屋昭和町三丁目,37.909358,139.018684,0,3
616,15,103,124001 ,関屋新町通一丁目,37.911049,139.024655,0,3
617,15,103,124002 ,関屋新町通二丁目,37.90994,139.022499,0,3
618,15,103,125001 ,関屋田町一丁目,37.91398,139.025163,0,3
619,15,103,125002 ,関屋田町二丁目,37.912968,139.024192,0,3
620,15,103,125003 ,関屋田町三丁目,37.912075,139.022699,0,3
621,15,103,125004 ,関屋田町四丁目,37.910633,139.021799,0,3
622,15,103,126000 ,関屋浜松町,37.908002,139.015437,0,1
623,15,103,127001 ,関屋本村町一丁目,37.913137,139.020396,0,3
624,15,103,127002 ,関屋本村町二丁目,37.910999,139.019321,0,3
625,15,103,128001 ,関屋松波町一丁目,37.918255,139.02467,0,3
626,15,103,128002 ,関屋松波町二丁目,37.917041,139.022152,0,3
627,15,103,128003 ,関屋松波町三丁目,37.915415,139.019387,0,3
628,15,103,129000 ,関屋恵町,37.902942,139.012706,0,1
629,15,103,130000 ,太右エ門新田,37.880298,139.034376,0,1
630,15,103,131000 ,高美町,37.880809,139.03686,0,1
631,15,103,132000 ,田中町,37.929237,139.042166,0,1
632,15,103,133001 ,田町一丁目,37.931693,139.052675,0,3
633,15,103,133002 ,田町二丁目,37.931851,139.053534,0,3
634,15,103,133003 ,田町三丁目,37.931482,139.054371,0,3
635,15,103,134000 ,俵柳,37.87495,139.041253,0,1
636,15,103,135000 ,忠蔵町,37.936248,139.053332,0,1
637,15,103,136000 ,月町,37.922673,139.050141,0,1
638,15,103,137001 ,附船町一丁目,37.935064,139.05479,0,3
639,15,103,137002 ,附船町二丁目,37.936697,139.056077,0,3
640,15,103,137003 ,附船町三丁目,37.937913,139.056226,0,3
641,15,103,138001 ,出来島一丁目,37.900332,139.024014,0,3
642,15,103,138002 ,出来島二丁目,37.899992,139.026363,0,3
643,15,103,139000 ,寺裏通一番町,37.918711,139.039234,0,1
644,15,103,140000 ,寺裏通二番町,37.920291,139.04036,0,1
645,15,103,141000 ,寺山町,37.932407,139.051703,0,1
646,15,103,142001 ,天神一丁目,37.910004,139.060593,0,3
647,15,103,142002 ,天神二丁目,37.909445,139.057778,0,3
648,15,103,143001 ,天神尾一丁目,37.908787,139.054648,0,3
649,15,103,143002 ,天神尾二丁目,37.907676,139.052217,0,3
650,15,103,144000 ,天明町,37.920465,139.063135,0,1
651,15,103,145001 ,鳥屋野一丁目,37.889229,139.022899,0,3
652,15,103,145002 ,鳥屋野二丁目,37.888516,139.019707,0,3
653,15,103,145003 ,鳥屋野三丁目,37.884324,139.020828,0,3
654,15,103,145004 ,鳥屋野四丁目,37.885575,139.024047,0,3
655,15,103,146000 ,豊照町,37.926989,139.054129,0,1
656,15,103,147000 ,中大畑町,37.925707,139.041519,0,1
657,15,103,148000 ,長潟,37.884427,139.064863,0,1
658,15,103,149001 ,長潟一丁目,37.893078,139.065008,0,3
659,15,103,149002 ,長潟二丁目,37.890126,139.067077,0,3
660,15,103,149003 ,長潟三丁目,37.887795,139.069154,0,3
661,15,103,150000 ,長嶺町,37.915022,139.069404,0,1
662,15,103,151000 ,鍋潟新田,37.876396,139.057043,0,1
663,15,103,152000 ,並木町,37.925515,139.052234,0,1
664,15,103,153000 ,西受地町,37.933251,139.049783,0,1
665,15,103,154000 ,西馬越,37.913633,139.072774,0,1
666,15,103,155000 ,西厩島町,37.92488,139.050307,0,1
667,15,103,156000 ,西大畑町,37.925927,139.038533,0,1
668,15,103,157000 ,西中町,37.920903,139.038751,0,1
669,15,103,158000 ,西船見町,37.931018,139.039451,0,1
670,15,103,159000 ,西堀通十番町,37.928564,139.04455,0,1
671,15,103,160000 ,西堀通十一番町,37.929482,139.045009,0,1
672,15,103,161000 ,西堀通一番町,37.917452,139.039676,0,1
673,15,103,162000 ,西堀通二番町,37.918255,139.040196,0,1
674,15,103,163000 ,西堀通三番町,37.919173,139.04112,0,1
675,15,103,164000 ,西堀通四番町,37.920248,139.041853,0,1
676,15,103,165000 ,西堀通五番町,37.921613,139.042753,0,1
677,15,103,166000 ,西堀通六番町,37.923107,139.042976,0,1
678,15,103,167000 ,西堀通七番町,37.924712,139.043512,0,1
679,15,103,168000 ,西堀通八番町,37.926232,139.043982,0,1
680,15,103,169000 ,西堀通九番町,37.927515,139.044269,0,1
681,15,103,170000 ,西堀前通十番町,37.927145,139.045319,0,1
682,15,103,171000 ,西堀前通十一番町,37.928338,139.045583,0,1
683,15,103,172000 ,西堀前通一番町,37.916381,139.039609,0,1
684,15,103,173000 ,西堀前通二番町,37.917122,139.040501,0,1
685,15,103,174000 ,西堀前通三番町,37.91796,139.04153,0,1
686,15,103,175000 ,西堀前通四番町,37.918679,139.042221,0,1
687,15,103,176000 ,西堀前通五番町,37.919801,139.043208,0,1
688,15,103,177000 ,西堀前通六番町,37.921279,139.043836,0,1
689,15,103,178000 ,西堀前通七番町,37.922842,139.044252,0,1
690,15,103,179000 ,西堀前通八番町,37.924415,139.044651,0,1
691,15,103,180000 ,西堀前通九番町,37.925852,139.045015,0,1
692,15,103,181000 ,西湊町通一ノ町,37.929079,139.051355,0,1
693,15,103,182000 ,西湊町通二ノ町,37.929564,139.052868,0,1
694,15,103,183000 ,西湊町通三ノ町,37.930067,139.054255,0,1
695,15,103,184000 ,西湊町通四ノ町,37.930556,139.055644,0,1
696,15,103,185001 ,沼垂西一丁目,37.920636,139.065951,0,3
697,15,103,185002 ,沼垂西二丁目,37.922327,139.065157,0,3
698,15,103,185003 ,沼垂西三丁目,37.924331,139.064418,0,3
699,15,103,186001 ,沼垂東一丁目,37.917745,139.071182,0,3
700,15,103,186002 ,沼垂東二丁目,37.919937,139.07121,0,3
701,15,103,186003 ,沼垂東三丁目,37.92108,139.070547,0,3
702,15,103,186004 ,沼垂東四丁目,37.92218,139.068399,0,3
703,15,103,186005 ,沼垂東五丁目,37.925024,139.066983,0,3
704,15,103,186006 ,沼垂東六丁目,37.925845,139.069288,0,3
705,15,103,187001 ,白山浦一丁目,37.915071,139.03308,0,3
706,15,103,187002 ,白山浦二丁目,37.913312,139.028888,0,3
707,15,103,188000 ,白山浦新町通,37.912547,139.026365,0,1
708,15,103,189000 ,艀川岸町,37.932937,139.05364,0,1
709,15,103,190001 ,花園一丁目,37.91247,139.062191,0,3
710,15,103,190002 ,花園二丁目,37.914478,139.066004,0,3
711,15,103,191000 ,花町,37.921719,139.049586,0,1
712,15,103,192001 ,浜浦町一丁目,37.911536,139.012634,0,3
713,15,103,192002 ,浜浦町二丁目,37.909643,139.006864,0,3
714,15,103,193001 ,早川町一丁目,37.929494,139.050147,0,3
715,15,103,193002 ,早川町二丁目,37.930373,139.050649,0,3
716,15,103,193003 ,早川町三丁目,37.931192,139.052535,0,3
717,15,103,194001 ,万代一丁目,37.916506,139.056743,0,3
718,15,103,194002 ,万代二丁目,37.917857,139.053903,0,3
719,15,103,194003 ,万代三丁目,37.921153,139.056908,0,3
720,15,103,194004 ,万代四丁目,37.919071,139.057848,0,3
721,15,103,194005 ,万代五丁目,37.918867,139.059895,0,3
722,15,103,194006 ,万代六丁目,37.918903,139.061848,0,3
723,15,103,195000 ,万代島,37.928232,139.061913,0,1
724,15,103,196000 ,東入船町,37.933279,139.057943,0,1
725,15,103,197000 ,東受地町,37.931852,139.050761,0,1
726,15,103,198000 ,東厩島町,37.925177,139.051169,0,1
727,15,103,199001 ,東大通一丁目,37.914694,139.062022,0,3
728,15,103,199002 ,東大通二丁目,37.916041,139.060306,0,3
729,15,103,200000 ,東大畑通一番町,37.924476,139.039722,0,1
730,15,103,201000 ,東大畑通二番町,37.925897,139.0426,0,1
731,15,103,202000 ,東幸町,37.907078,139.049142,0,1
732,15,103,203000 ,東出来島,37.901936,139.028593,0,1
733,15,103,204000 ,東中通一番町,37.918735,139.038547,0,1
734,15,103,205000 ,東中通二番町,37.920495,139.039756,0,1
735,15,103,206000 ,東万代町,37.917506,139.063793,0,1
736,15,103,207000 ,東堀通十番町,37.926837,139.046748,0,1
737,15,103,208000 ,東堀通十一番町,37.928117,139.046832,0,1
738,15,103,209000 ,東堀通十二番町,37.929391,139.047068,0,1
739,15,103,210000 ,東堀通十三番町,37.931184,139.046975,0,1
740,15,103,211000 ,東堀通一番町,37.915977,139.041261,0,1
741,15,103,212000 ,東堀通二番町,37.916697,139.04211,0,1
742,15,103,213000 ,東堀通三番町,37.917453,139.043037,0,1
743,15,103,214000 ,東堀通四番町,37.918188,139.0439,0,1
744,15,103,215000 ,東堀通五番町,37.919314,139.044668,0,1
745,15,103,216000 ,東堀通六番町,37.920921,139.045328,0,1
746,15,103,217000 ,東堀通七番町,37.922633,139.045738,0,1
747,15,103,218000 ,東堀通八番町,37.924116,139.046233,0,1
748,15,103,219000 ,東堀通九番町,37.925653,139.046741,0,1
749,15,103,220000 ,東堀前通十番町,37.926624,139.047219,0,1
750,15,103,221000 ,東堀前通十一番町,37.927939,139.047296,0,1
751,15,103,222000 ,東堀前通一番町,37.915557,139.041501,0,1
752,15,103,223000 ,東堀前通二番町,37.916301,139.042414,0,1
753,15,103,224000 ,東堀前通三番町,37.917195,139.043514,0,1
754,15,103,225000 ,東堀前通四番町,37.91795,139.044436,0,1
755,15,103,226000 ,東堀前通五番町,37.919184,139.045239,0,1
756,15,103,227000 ,東堀前通六番町,37.920875,139.045921,0,1
757,15,103,228000 ,東堀前通七番町,37.92247,139.04637,0,1
758,15,103,229000 ,東堀前通八番町,37.924015,139.046806,0,1
759,15,103,230000 ,東堀前通九番町,37.925381,139.047163,0,1
760,15,103,231000 ,東湊町通一ノ町,37.926737,139.051046,0,1
761,15,103,232000 ,東湊町通二ノ町,37.927382,139.052043,0,1
762,15,103,233000 ,東湊町通三ノ町,37.927887,139.053834,0,1
763,15,103,234000 ,東湊町通四ノ町,37.928191,139.054909,0,1
764,15,103,235001 ,日の出一丁目,37.918348,139.073259,0,3
765,15,103,235002 ,日の出二丁目,37.918351,139.075553,0,3
766,15,103,235003 ,日の出三丁目,37.920818,139.074613,0,3
767,15,103,236000 ,雲雀町,37.940923,139.055986,0,1
768,15,103,237001 ,二葉町一丁目,37.927288,139.036696,0,3
769,15,103,237002 ,二葉町二丁目,37.929606,139.038316,0,3
770,15,103,237003 ,二葉町三丁目,37.93198,139.042639,0,3
771,15,103,238001 ,船場町一丁目,37.926498,139.055042,0,3
772,15,103,238002 ,船場町二丁目,37.927708,139.055936,0,3
773,15,103,239001 ,船見町一丁目,37.941023,139.059136,0,3
774,15,103,239002 ,船見町二丁目,37.94173,139.057939,0,3
775,15,103,240000 ,古町通十番町,37.927002,139.04603,0,1
776,15,103,241000 ,古町通十一番町,37.928251,139.04618,0,1
777,15,103,242000 ,古町通十二番町,37.929618,139.046033,0,1
778,15,103,243000 ,古町通十三番町,37.931121,139.044534,0,1
779,15,103,244000 ,古町通一番町,37.916109,139.0401,0,1
780,15,103,245000 ,古町通二番町,37.916722,139.041022,0,1
781,15,103,246000 ,古町通三番町,37.917596,139.04211,0,1
782,15,103,247000 ,古町通四番町,37.918292,139.042901,0,1
783,15,103,248000 ,古町通五番町,37.919557,139.043892,0,1
784,15,103,249000 ,古町通六番町,37.921126,139.044556,0,1
785,15,103,250000 ,古町通七番町,37.922687,139.044966,0,1
786,15,103,251000 ,古町通八番町,37.924218,139.045399,0,1
787,15,103,252000 ,古町通九番町,37.925698,139.045806,0,1
788,15,103,253000 ,文京町,37.906983,139.007972,0,1
789,15,103,254001 ,弁天一丁目,37.913417,139.059282,0,3
790,15,103,254002 ,弁天二丁目,37.915481,139.057949,0,3
791,15,103,254003 ,弁天三丁目,37.912705,139.058105,0,3
792,15,103,255001 ,弁天橋通一丁目,37.894565,139.070152,0,3
793,15,103,255002 ,弁天橋通二丁目,37.891591,139.072367,0,3
794,15,103,255003 ,弁天橋通三丁目,37.889479,139.073528,0,3
795,15,103,256000 ,堀之内,37.905272,139.048689,0,1
796,15,103,257001 ,堀之内南一丁目,37.903954,139.051865,0,3
797,15,103,257002 ,堀之内南二丁目,37.901651,139.052819,0,3
798,15,103,257003 ,堀之内南三丁目,37.902361,139.04924,0,3
799,15,103,258000 ,堀割町,37.903868,139.008401,0,1
800,15,103,259000 ,本町通十番町,37.926558,139.048036,0,1
801,15,103,260000 ,本町通十一番町,37.927909,139.048075,0,1
802,15,103,261000 ,本町通十二番町,37.929364,139.048132,0,1
803,15,103,262000 ,本町通十三番町,37.930979,139.048354,0,1
804,15,103,263000 ,本町通十四番町,37.932204,139.04738,0,1
805,15,103,264000 ,本町通一番町,37.915151,139.041927,0,1
806,15,103,265000 ,本町通二番町,37.915919,139.043041,0,1
807,15,103,266000 ,本町通三番町,37.916762,139.044017,0,1
808,15,103,267000 ,本町通四番町,37.9176,139.045022,0,1
809,15,103,268000 ,本町通五番町,37.918943,139.04592,0,1
810,15,103,269000 ,本町通六番町,37.920665,139.046622,0,1
811,15,103,270000 ,本町通七番町,37.922373,139.047107,0,1
812,15,103,271000 ,本町通八番町,37.923893,139.04751,0,1
813,15,103,272000 ,本町通九番町,37.92524,139.047842,0,1
814,15,103,273001 ,本間町一丁目,37.926532,139.049866,0,3
815,15,103,273002 ,本間町二丁目,37.927735,139.049899,0,3
816,15,103,273003 ,本間町三丁目,37.928851,139.049979,0,3
817,15,103,274001 ,秣川岸通一丁目,37.923589,139.049569,0,3
818,15,103,274002 ,秣川岸通二丁目,37.924754,139.051341,0,3
819,15,103,275000 ,松岡町,37.930147,139.056097,0,1
820,15,103,276000 ,見方町,37.92685,139.052989,0,1
821,15,103,277001 ,美咲町一丁目,37.89255,139.015654,0,3
822,15,103,277002 ,美咲町二丁目,37.884903,139.016817,0,3
823,15,103,278000 ,水島町,37.911004,139.053125,0,1
824,15,103,279000 ,緑町,37.929936,139.056796,0,1
825,15,103,280000 ,湊町通一ノ町,37.927747,139.050791,0,1
826,15,103,281000 ,湊町通二ノ町,37.928232,139.052017,0,1
827,15,103,282000 ,湊町通三ノ町,37.928731,139.05334,0,1
828,15,103,283000 ,湊町通四ノ町,37.929343,139.054936,0,1
829,15,103,284000 ,南大畑町,37.925032,139.039633,0,1
830,15,103,285001 ,南笹口一丁目,37.907964,139.066329,0,3
831,15,103,285002 ,南笹口二丁目,37.909167,139.070614,0,3
832,15,103,286000 ,南多門町,37.924099,139.04954,0,1
833,15,103,287001 ,南出来島一丁目,37.897058,139.027282,0,3
834,15,103,287002 ,南出来島二丁目,37.896477,139.024258,0,3
835,15,103,288000 ,南長潟,37.884361,139.072995,0,1
836,15,103,289000 ,南浜通一番町,37.924228,139.041857,0,1
837,15,103,290000 ,南浜通二番町,37.925348,139.040137,0,1
838,15,103,291000 ,南万代町,37.913227,139.056417,0,1
839,15,103,292000 ,南毘沙門町,37.925974,139.051489,0,1
840,15,103,293000 ,南横堀町,37.920688,139.03909,0,1
841,15,103,294000 ,美の里,37.883404,139.078729,0,1
842,15,103,295001 ,室町一丁目,37.939201,139.056843,0,3
843,15,103,295002 ,室町二丁目,37.940679,139.057609,0,3
844,15,103,296000 ,女池,37.887257,139.032005,0,1
845,15,103,297001 ,女池一丁目,37.897072,139.05039,0,3
846,15,103,297002 ,女池二丁目,37.894939,139.046022,0,3
847,15,103,297003 ,女池三丁目,37.896772,139.045206,0,3
848,15,103,297004 ,女池四丁目,37.895746,139.039576,0,3
849,15,103,297005 ,女池五丁目,37.893265,139.041165,0,3
850,15,103,297006 ,女池六丁目,37.891838,139.042091,0,3
851,15,103,297007 ,女池七丁目,37.890039,139.042782,0,3
852,15,103,297008 ,女池八丁目,37.88831,139.037089,0,3
853,15,103,298001 ,女池上山一丁目,37.892911,139.031839,0,3
854,15,103,298002 ,女池上山二丁目,37.891119,139.029754,0,3
855,15,103,298003 ,女池上山三丁目,37.890524,139.026258,0,3
856,15,103,298004 ,女池上山四丁目,37.893363,139.025548,0,3
857,15,103,298005 ,女池上山五丁目,37.894163,139.028481,0,3
858,15,103,299001 ,女池北一丁目,37.895271,139.034631,0,3
859,15,103,300001 ,女池神明一丁目,37.89034,139.03761,0,3
860,15,103,300002 ,女池神明二丁目,37.889461,139.034227,0,3
861,15,103,300003 ,女池神明三丁目,37.88837,139.030907,0,3
862,15,103,301001 ,女池西一丁目,37.893494,139.035361,0,3
863,15,103,301002 ,女池西二丁目,37.891613,139.03588,0,3
864,15,103,302001 ,女池東一丁目,37.897823,139.052351,0,3
865,15,103,303001 ,女池南一丁目,37.894316,139.04857,0,3
866,15,103,303002 ,女池南二丁目,37.892531,139.048663,0,3
867,15,103,303003 ,女池南三丁目,37.889203,139.049569,0,3
868,15,103,304000 ,元祝町,37.933495,139.05078,0,1
869,15,103,305001 ,本馬越一丁目,37.914426,139.076467,0,3
870,15,103,305002 ,本馬越二丁目,37.911438,139.075369,0,3
871,15,103,306000 ,元下島町,37.932812,139.052899,0,1
872,15,103,307001 ,八千代一丁目,37.914213,139.054214,0,3
873,15,103,307002 ,八千代二丁目,37.915634,139.051969,0,3
874,15,103,308001 ,柳島町一丁目,37.927435,139.057067,0,3
875,15,103,308002 ,柳島町二丁目,37.930309,139.058069,0,3
876,15,103,308003 ,柳島町三丁目,37.93205,139.058632,0,3
877,15,103,308004 ,柳島町四丁目,37.934268,139.05926,0,3
878,15,103,309001 ,山田町一丁目,37.93911,139.057411,0,3
879,15,103,309002 ,山田町二丁目,37.940545,139.058081,0,3
880,15,103,310000 ,山二ツ,37.889217,139.089485,0,1
881,15,103,311001 ,山二ツ一丁目,37.894097,139.083142,0,3
882,15,103,311002 ,山二ツ二丁目,37.896197,139.085292,0,3
883,15,103,311003 ,山二ツ三丁目,37.894233,139.086813,0,3
884,15,103,311004 ,山二ツ四丁目,37.891643,139.086289,0,3
885,15,103,311005 ,山二ツ五丁目,37.893575,139.091854,0,3
886,15,103,312000 ,弥生町,37.90573,139.013611,0,1
887,15,103,313000 ,夕栄町,37.930924,139.050293,0,1
888,15,103,314000 ,雪町,37.9237,139.051153,0,1
889,15,103,315000 ,横一番町,37.917197,139.042224,0,1
890,15,103,316001 ,横七番町通一丁目,37.931677,139.049716,0,3
891,15,103,316002 ,横七番町通二丁目,37.932425,139.050628,0,3
892,15,103,316003 ,横七番町通三丁目,37.93315,139.052043,0,3
893,15,103,316004 ,横七番町通四丁目,37.933565,139.052937,0,3
894,15,103,316005 ,横七番町通五丁目,37.933946,139.053672,0,3
895,15,103,317000 ,横六番町,37.930298,139.049474,0,1
896,15,103,318000 ,芳町,37.92618,139.053431,0,1
897,15,103,319001 ,四ッ屋町一丁目,37.932819,139.045251,0,3
898,15,103,319002 ,四ッ屋町二丁目,37.93394,139.046046,0,3
899,15,103,319003 ,四ッ屋町三丁目,37.934451,139.04757,0,3
900,15,103,320000 ,米山,37.90729,139.056015,0,1
901,15,103,321001 ,米山一丁目,37.909077,139.061178,0,3
902,15,103,321002 ,米山二丁目,37.908314,139.058239,0,3
903,15,103,321003 ,米山三丁目,37.906768,139.062107,0,3
904,15,103,321004 ,米山四丁目,37.905966,139.059165,0,3
905,15,103,321005 ,米山五丁目,37.90513,139.056142,0,3
906,15,103,321006 ,米山六丁目,37.902711,139.057135,0,3
907,15,103,322000 ,寄合町,37.932021,139.051261,0,1
908,15,103,323000 ,寄居町,37.922895,139.040555,0,1
909,15,103,324001 ,竜が島一丁目,37.934171,139.067312,0,3
910,15,103,324002 ,竜が島二丁目,37.926121,139.072454,0,3
911,15,103,325001 ,和合町一丁目,37.89983,139.052156,0,3
912,15,103,325002 ,和合町二丁目,37.899156,139.049516,0,3
913,15,103,325003 ,和合町三丁目,37.898545,139.04731,0,3
914,15,103,326000 ,鳥屋野,37.884466,139.031999,0,1
915,15,103,327001 ,鳥屋野南一丁目,37.882451,139.022378,0,3
916,15,103,327002 ,鳥屋野南二丁目,37.883385,139.025187,0,3
917,15,103,327003 ,鳥屋野南三丁目,37.884583,139.028564,0,3
918,15,103,328000 ,大島,37.879548,139.023144,0,1
919,15,104,1000 ,茜ケ丘,37.857526,139.139964,0,1
920,15,104,2001 ,阿賀野一丁目,37.831463,139.167735,0,3
921,15,104,2002 ,阿賀野二丁目,37.827275,139.166847,0,3
922,15,104,3001 ,曙町一丁目,37.861324,139.122152,0,3
923,15,104,3002 ,曙町二丁目,37.859572,139.119565,0,3
924,15,104,3003 ,曙町三丁目,37.858987,139.124156,0,3
925,15,104,3004 ,曙町四丁目,37.858557,139.128201,0,3
926,15,104,3005 ,曙町五丁目,37.858872,139.130853,0,3
927,15,104,4001 ,旭一丁目,37.877843,139.10468,0,3
928,15,104,4002 ,旭二丁目,37.876325,139.104401,0,3
929,15,104,4003 ,旭三丁目,37.87523,139.101744,0,3
930,15,104,4004 ,旭四丁目,37.877135,139.10273,0,3
931,15,104,5000 ,天野,37.84708,139.030048,0,1
932,15,104,6001 ,天野一丁目,37.855461,139.028155,0,3
933,15,104,6002 ,天野二丁目,37.856292,139.032417,0,3
934,15,104,6003 ,天野三丁目,37.855672,139.036246,0,3
935,15,104,7000 ,粟山,37.89191,139.105314,0,1
936,15,104,8001 ,泉町一丁目,37.866781,139.095821,0,3
937,15,104,8002 ,泉町二丁目,37.863792,139.096265,0,3
938,15,104,8003 ,泉町三丁目,37.867583,139.093045,0,3
939,15,104,8004 ,泉町四丁目,37.866405,139.093774,0,3
940,15,104,8005 ,泉町五丁目,37.864661,139.094646,0,3
941,15,104,9001 ,稲葉一丁目,37.875003,139.11412,0,3
942,15,104,9002 ,稲葉二丁目,37.87308,139.115019,0,3
943,15,104,9003 ,稲葉三丁目,37.872255,139.116142,0,3
944,15,104,10001 ,いぶき野一丁目,37.857583,139.143824,0,3
945,15,104,10002 ,いぶき野二丁目,37.859392,139.142805,0,3
946,15,104,11001 ,うぐいす一丁目,37.8755,139.133613,0,3
947,15,104,11002 ,うぐいす二丁目,37.876608,139.135559,0,3
948,15,104,12000 ,鵜ノ子,37.878117,139.086827,0,1
949,15,104,13001 ,鵜ノ子一丁目,37.872976,139.093992,0,3
950,15,104,13002 ,鵜ノ子二丁目,37.872461,139.092038,0,3
951,15,104,13003 ,鵜ノ子三丁目,37.875497,139.090885,0,3
952,15,104,13004 ,鵜ノ子四丁目,37.871839,139.089903,0,3
953,15,104,13005 ,鵜ノ子五丁目,37.871073,139.087896,0,3
954,15,104,14000 ,姥ケ山,37.879279,139.075794,0,1
955,15,104,15001 ,梅見台一丁目,37.864174,139.101869,0,3
956,15,104,15002 ,梅見台二丁目,37.862693,139.103015,0,3
957,15,104,15003 ,梅見台三丁目,37.86023,139.106412,0,3
958,15,104,16000 ,江口,37.905484,139.139783,0,1
959,15,104,17000 ,大渕,37.896939,139.135219,0,1
960,15,104,18000 ,荻曽根,37.878564,139.093666,0,1
961,15,104,19001 ,荻曽根一丁目,37.867435,139.100155,0,3
962,15,104,19002 ,荻曽根二丁目,37.866266,139.100886,0,3
963,15,104,19003 ,荻曽根三丁目,37.867566,139.097226,0,3
964,15,104,19004 ,荻曽根四丁目,37.866476,139.09816,0,3
965,15,104,19005 ,荻曽根五丁目,37.864775,139.09906,0,3
966,15,104,20000 ,祖父興野,37.867713,139.028909,0,1
967,15,104,21000 ,嘉木,37.852256,139.050243,0,1
968,15,104,22000 ,嘉瀬,37.846824,139.074977,0,1
969,15,104,23000 ,上和田,37.843505,139.059192,0,1
970,15,104,24000 ,亀田,37.883335,139.097825,0,1
971,15,104,25001 ,亀田東町一丁目,37.869671,139.11382,0,3
972,15,104,25002 ,亀田東町二丁目,37.867295,139.113623,0,3
973,15,104,25003 ,亀田東町三丁目,37.868173,139.114629,0,3
974,15,104,25004 ,亀田東町四丁目,37.868227,139.115954,0,3
975,15,104,26001 ,亀田大月一丁目,37.87947,139.102904,0,3
976,15,104,26002 ,亀田大月二丁目,37.8819,139.101649,0,3
977,15,104,26003 ,亀田大月三丁目,37.885407,139.099503,0,3
978,15,104,27001 ,亀田工業団地一丁目,37.871258,139.083949,0,3
979,15,104,27002 ,亀田工業団地二丁目,37.871374,139.080168,0,3
980,15,104,27003 ,亀田工業団地三丁目,37.873783,139.082511,0,3
981,15,104,28001 ,亀田向陽一丁目,37.876815,139.110644,0,3
982,15,104,28002 ,亀田向陽二丁目,37.877993,139.113115,0,3
983,15,104,28003 ,亀田向陽三丁目,37.879541,139.108269,0,3
984,15,104,28004 ,亀田向陽四丁目,37.880549,139.110307,0,3
985,15,104,29001 ,亀田新明町一丁目,37.868482,139.111583,0,3
986,15,104,29002 ,亀田新明町二丁目,37.867767,139.109919,0,3
987,15,104,29003 ,亀田新明町三丁目,37.866819,139.111668,0,3
988,15,104,29004 ,亀田新明町四丁目,37.865594,139.11174,0,3
989,15,104,29005 ,亀田新明町五丁目,37.865255,139.110707,0,3
990,15,104,30001 ,亀田水道町一丁目,37.870682,139.116374,0,3
991,15,104,30002 ,亀田水道町二丁目,37.869927,139.117861,0,3
992,15,104,30003 ,亀田水道町三丁目,37.868583,139.118281,0,3
993,15,104,30004 ,亀田水道町四丁目,37.869333,139.120468,0,3
994,15,104,30005 ,亀田水道町五丁目,37.867089,139.119131,0,3
995,15,104,31001 ,亀田中島一丁目,37.880888,139.104856,0,3
996,15,104,31002 ,亀田中島二丁目,37.8837,139.103144,0,3
997,15,104,31003 ,亀田中島三丁目,37.886271,139.101572,0,3
998,15,104,31004 ,亀田中島四丁目,37.888781,139.100446,0,3
999,15,104,32000 ,亀田長潟,37.872814,139.066571,0,1
1000,15,104,33000 ,亀田ノ内高山,37.879682,139.100705,0,1
1001,15,104,34000 ,亀田早通,37.862191,139.079666,0,1
1002,15,104,35001 ,亀田本町一丁目,37.872851,139.107424,0,3
1003,15,104,35002 ,亀田本町二丁目,37.870745,139.108376,0,3
1004,15,104,35003 ,亀田本町三丁目,37.868442,139.107523,0,3
1005,15,104,35004 ,亀田本町四丁目,37.867407,139.108509,0,3
1006,15,104,36001 ,亀田緑町一丁目,37.87264,139.10134,0,3
1007,15,104,36002 ,亀田緑町二丁目,37.870982,139.102672,0,3
1008,15,104,36003 ,亀田緑町三丁目,37.872401,139.100003,0,3
1009,15,104,36004 ,亀田緑町四丁目,37.869949,139.101383,0,3
1010,15,104,37001 ,亀田四ツ興野一丁目,37.87246,139.09769,0,3
1011,15,104,37002 ,亀田四ツ興野二丁目,37.870836,139.096064,0,3
1012,15,104,37003 ,亀田四ツ興野三丁目,37.870998,139.098453,0,3
1013,15,104,37004 ,亀田四ツ興野四丁目,37.869559,139.099286,0,3
1014,15,104,37005 ,亀田四ツ興野五丁目,37.868718,139.096784,0,3
1015,15,104,38000 ,北山,37.880715,139.114306,0,1
1016,15,104,39000 ,木津,37.840163,139.144519,0,1
1017,15,104,40001 ,木津一丁目,37.835427,139.13714,0,3
1018,15,104,40002 ,木津二丁目,37.836589,139.133096,0,3
1019,15,104,40003 ,木津三丁目,37.838078,139.13061,0,3
1020,15,104,40004 ,木津四丁目,37.837876,139.125822,0,3
1021,15,104,40005 ,木津五丁目,37.837026,139.122078,0,3
1022,15,104,41000 ,木津工業団地,37.840303,139.130754,0,1
1023,15,104,42000 ,久蔵興野,37.872491,139.031251,0,1
1024,15,104,43000 ,蔵岡,37.884944,139.155249,0,1
1025,15,104,44000 ,小杉,37.873032,139.150953,0,1
1026,15,104,45001 ,小杉一丁目,37.868411,139.161256,0,3
1027,15,104,45002 ,小杉二丁目,37.870618,139.161592,0,3
1028,15,104,45003 ,小杉三丁目,37.873956,139.161015,0,3
1029,15,104,45004 ,小杉四丁目,37.877058,139.158342,0,3
1030,15,104,45005 ,小杉五丁目,37.880905,139.156717,0,3
1031,15,104,46000 ,駒込,37.869472,139.135882,0,1
1032,15,104,47001 ,駒込一丁目,37.873211,139.132652,0,3
1033,15,104,47002 ,駒込二丁目,37.873615,139.13514,0,3
1034,15,104,48000 ,酒屋町,37.842239,139.065753,0,1
1035,15,104,49000 ,笹山,37.880578,139.150841,0,1
1036,15,104,50001 ,五月町一丁目,37.875381,139.099422,0,3
1037,15,104,50002 ,五月町二丁目,37.87423,139.097072,0,3
1038,15,104,50003 ,五月町三丁目,37.873474,139.095036,0,3
1039,15,104,51001 ,早苗一丁目,37.870465,139.094743,0,3
1040,15,104,51002 ,早苗二丁目,37.870404,139.092051,0,3
1041,15,104,51003 ,早苗三丁目,37.868953,139.09267,0,3
1042,15,104,51004 ,早苗四丁目,37.868591,139.08966,0,3
1043,15,104,52001 ,三條岡一丁目,37.8704,139.123093,0,3
1044,15,104,52002 ,三條岡二丁目,37.869132,139.123696,0,3
1045,15,104,53000 ,三百地,37.898872,139.145117,0,1
1046,15,104,54001 ,下早通一丁目,37.868082,139.077471,0,3
1047,15,104,54002 ,下早通二丁目,37.871634,139.074445,0,3
1048,15,104,55001 ,下早通柳田一丁目,37.876559,139.080957,0,3
1049,15,104,55002 ,下早通柳田二丁目,37.875539,139.077832,0,3
1050,15,104,56000 ,鐘木,37.871464,139.048146,0,1
1051,15,104,57000 ,城所,37.855143,139.117513,0,1
1052,15,104,58001 ,城所一丁目,37.860057,139.108509,0,3
1053,15,104,58002 ,城所二丁目,37.862252,139.105674,0,3
1054,15,104,59001 ,城山一丁目,37.863435,139.111055,0,3
1055,15,104,59002 ,城山二丁目,37.860891,139.110633,0,3
1056,15,104,59003 ,城山三丁目,37.85923,139.11093,0,3
1057,15,104,59004 ,城山四丁目,37.859911,139.114497,0,3
1058,15,104,60001 ,砂岡一丁目,37.866763,139.121297,0,3
1059,15,104,60002 ,砂岡二丁目,37.865815,139.122855,0,3
1060,15,104,60003 ,砂岡三丁目,37.863158,139.122602,0,3
1061,15,104,60004 ,砂岡四丁目,37.864601,139.124301,0,3
1062,15,104,60005 ,砂岡五丁目,37.862249,139.12596,0,3
1063,15,104,61000 ,砂崩,37.867232,139.131224,0,1
1064,15,104,62001 ,砂山一丁目,37.868716,139.126647,0,3
1065,15,104,62002 ,砂山二丁目,37.870505,139.129599,0,3
1066,15,104,63001 ,諏訪一丁目,37.874186,139.111623,0,3
1067,15,104,63002 ,諏訪二丁目,37.872598,139.112239,0,3
1068,15,104,63003 ,諏訪三丁目,37.870795,139.113308,0,3
1069,15,104,64000 ,清五郎,37.875247,139.062192,0,1
1070,15,104,65000 ,沢海,37.829696,139.160906,0,1
1071,15,104,66001 ,沢海一丁目,37.835552,139.149382,0,3
1072,15,104,66002 ,沢海二丁目,37.831215,139.152866,0,3
1073,15,104,66003 ,沢海三丁目,37.826434,139.153348,0,3
1074,15,104,67000 ,楚川,37.860938,139.03321,0,1
1075,15,104,68000 ,曽川,37.862404,139.048348,0,1
1076,15,104,69001 ,曽野木一丁目,37.86567,139.040962,0,3
1077,15,104,69002 ,曽野木二丁目,37.862159,139.038834,0,3
1078,15,104,70000 ,太右エ門新田,37.875507,139.030437,0,1
1079,15,104,71000 ,俵柳,37.862056,139.026933,0,1
1080,15,104,72000 ,茅野山,37.854878,139.106066,0,1
1081,15,104,73001 ,茅野山一丁目,37.854932,139.101037,0,3
1082,15,104,73002 ,茅野山二丁目,37.85364,139.097207,0,3
1083,15,104,73003 ,茅野山三丁目,37.856553,139.098805,0,3
1084,15,104,74001 ,手代山一丁目,37.861942,139.101762,0,3
1085,15,104,74002 ,手代山二丁目,37.862097,139.10035,0,3
1086,15,104,75001 ,所島一丁目,37.862117,139.113959,0,3
1087,15,104,75002 ,所島二丁目,37.861429,139.117379,0,3
1088,15,104,76000 ,泥潟,37.863932,139.091932,0,1
1089,15,104,77000 ,直り山,37.889593,139.138227,0,1
1090,15,104,78000 ,長潟,37.876881,139.068328,0,1
1091,15,104,79001 ,長潟一丁目,37.870534,139.068795,0,3
1092,15,104,80000 ,中野山,37.894065,139.109288,0,1
1093,15,104,81000 ,鍋潟新田,37.869935,139.060228,0,1
1094,15,104,82000 ,西野,37.898053,139.121441,0,1
1095,15,104,83001 ,西町一丁目,37.874998,139.106672,0,3
1096,15,104,83002 ,西町二丁目,37.874972,139.105115,0,3
1097,15,104,83003 ,西町三丁目,37.873871,139.101743,0,3
1098,15,104,83004 ,西町四丁目,37.873748,139.105494,0,3
1099,15,104,83005 ,西町五丁目,37.872993,139.103298,0,3
1100,15,104,83006 ,西町六丁目,37.872174,139.104982,0,3
1101,15,104,84000 ,西山,37.885462,139.13532,0,1
1102,15,104,85000 ,二本木,37.846102,139.119838,0,1
1103,15,104,86001 ,二本木一丁目,37.840426,139.121284,0,3
1104,15,104,86002 ,二本木二丁目,37.843392,139.11315,0,3
1105,15,104,86003 ,二本木三丁目,37.84557,139.114856,0,3
1106,15,104,86004 ,二本木四丁目,37.848243,139.112615,0,3
1107,15,104,86005 ,二本木五丁目,37.844591,139.108649,0,3
1108,15,104,87000 ,花ノ牧,37.839239,139.062083,0,1
1109,15,104,88001 ,早通一丁目,37.862565,139.089179,0,3
1110,15,104,88002 ,早通二丁目,37.86423,139.08797,0,3
1111,15,104,88003 ,早通三丁目,37.853192,139.086935,0,3
1112,15,104,88004 ,早通四丁目,37.858617,139.086709,0,3
1113,15,104,88005 ,早通五丁目,37.861919,139.08541,0,3
1114,15,104,88006 ,早通六丁目,37.864481,139.080414,0,3
1115,15,104,89001 ,東早通一丁目,37.868023,139.085829,0,3
1116,15,104,89002 ,東早通二丁目,37.869327,139.085167,0,3
1117,15,104,89003 ,東早通三丁目,37.866905,139.082711,0,3
1118,15,104,89004 ,東早通四丁目,37.868216,139.081969,0,3
1119,15,104,90001 ,東船場一丁目,37.876058,139.108216,0,3
1120,15,104,90002 ,東船場二丁目,37.87548,139.107309,0,3
1121,15,104,90003 ,東船場三丁目,37.877831,139.107105,0,3
1122,15,104,90004 ,東船場四丁目,37.877905,139.105579,0,3
1123,15,104,90005 ,東船場五丁目,37.879475,139.106024,0,3
1124,15,104,91001 ,東本町一丁目,37.873761,139.1097,0,3
1125,15,104,91002 ,東本町二丁目,37.87349,139.108773,0,3
1126,15,104,91003 ,東本町三丁目,37.871982,139.109713,0,3
1127,15,104,91004 ,東本町四丁目,37.871257,139.110421,0,3
1128,15,104,91005 ,東本町五丁目,37.869691,139.110721,0,3
1129,15,104,92001 ,日水一丁目,37.858533,139.10725,0,3
1130,15,104,92002 ,日水二丁目,37.857573,139.105178,0,3
1131,15,104,92003 ,日水三丁目,37.857044,139.108264,0,3
1132,15,104,93000 ,平賀,37.845478,139.042237,0,1
1133,15,104,94000 ,平山,37.880548,139.146148,0,1
1134,15,104,95000 ,袋津,37.863332,139.129762,0,1
1135,15,104,96001 ,袋津一丁目,37.865566,139.114077,0,3
1136,15,104,96002 ,袋津二丁目,37.866269,139.116437,0,3
1137,15,104,96003 ,袋津三丁目,37.865183,139.117317,0,3
1138,15,104,96004 ,袋津四丁目,37.864079,139.11429,0,3
1139,15,104,96005 ,袋津五丁目,37.86358,139.117611,0,3
1140,15,104,96006 ,袋津六丁目,37.863505,139.1203,0,3
1141,15,104,97000 ,藤山,37.871406,139.14065,0,1
1142,15,104,98001 ,藤山一丁目,37.876366,139.138836,0,3
1143,15,104,98002 ,藤山二丁目,37.876893,139.141005,0,3
1144,15,104,99000 ,船戸山,37.878581,139.098412,0,1
1145,15,104,100001 ,船戸山一丁目,37.870691,139.105909,0,3
1146,15,104,100002 ,船戸山二丁目,37.869727,139.106667,0,3
1147,15,104,100003 ,船戸山三丁目,37.86934,139.103482,0,3
1148,15,104,100004 ,船戸山四丁目,37.867556,139.105962,0,3
1149,15,104,100005 ,船戸山五丁目,37.867734,139.103194,0,3
1150,15,104,101000 ,細山,37.889515,139.151516,0,1
1151,15,104,102000 ,舞潟,37.839803,139.041623,0,1
1152,15,104,103000 ,松山,37.884469,139.14571,0,1
1153,15,104,104000 ,丸潟,37.860505,139.075071,0,1
1154,15,104,105001 ,丸潟一丁目,37.86123,139.07009,0,3
1155,15,104,106000 ,丸潟新田,37.859149,139.058087,0,1
1156,15,104,107000 ,丸山,37.882188,139.118102,0,1
1157,15,104,108000 ,丸山ノ内善之丞組,37.88125,139.125034,0,1
1158,15,104,109000 ,茗荷谷,37.880769,139.132838,0,1
1159,15,104,110001 ,元町一丁目,37.864471,139.109545,0,3
1160,15,104,110002 ,元町二丁目,37.864516,139.107774,0,3
1161,15,104,110003 ,元町三丁目,37.865566,139.105579,0,3
1162,15,104,110004 ,元町四丁目,37.866073,139.102907,0,3
1163,15,104,110005 ,元町五丁目,37.863504,139.104375,0,3
1164,15,104,111000 ,山二ツ,37.886514,139.094352,0,1
1165,15,104,112000 ,横越,37.86221,139.146517,0,1
1166,15,104,113001 ,横越上町一丁目,37.850951,139.146476,0,3
1167,15,104,113002 ,横越上町二丁目,37.848919,139.148604,0,3
1168,15,104,113003 ,横越上町三丁目,37.844672,139.14659,0,3
1169,15,104,113004 ,横越上町四丁目,37.845642,139.144625,0,3
1170,15,104,113005 ,横越上町五丁目,37.848597,139.144893,0,3
1171,15,104,114001 ,横越川根町一丁目,37.854537,139.142512,0,3
1172,15,104,114002 ,横越川根町二丁目,37.854068,139.13763,0,3
1173,15,104,114003 ,横越川根町三丁目,37.85711,139.137184,0,3
1174,15,104,114004 ,横越川根町四丁目,37.857359,139.134029,0,3
1175,15,104,114005 ,横越川根町五丁目,37.860216,139.134443,0,3
1176,15,104,115001 ,横越中央一丁目,37.855805,139.144064,0,3
1177,15,104,115002 ,横越中央二丁目,37.856081,139.147874,0,3
1178,15,104,115003 ,横越中央三丁目,37.85513,139.150892,0,3
1179,15,104,115004 ,横越中央四丁目,37.854353,139.152996,0,3
1180,15,104,115005 ,横越中央五丁目,37.851457,139.151188,0,3
1181,15,104,115006 ,横越中央六丁目,37.852795,139.148319,0,3
1182,15,104,115007 ,横越中央七丁目,37.853406,139.145139,0,3
1183,15,104,115008 ,横越中央八丁目,37.851292,139.142705,0,3
1184,15,104,116001 ,横越東町一丁目,37.855668,139.156217,0,3
1185,15,104,116002 ,横越東町二丁目,37.859707,139.158892,0,3
1186,15,104,117001 ,両川一丁目,37.845985,139.084154,0,3
1187,15,104,117002 ,両川二丁目,37.848473,139.083615,0,3
1188,15,104,118000 ,和田,37.845098,139.053559,0,1
1189,15,104,119000 ,割野,37.84774,139.094506,0,1
1190,15,105,1001 ,あおば通一丁目,37.833554,139.101512,0,3
1191,15,105,1002 ,あおば通二丁目,37.835374,139.102877,0,3
1192,15,105,2001 ,秋葉一丁目,37.789702,139.131342,0,3
1193,15,105,2002 ,秋葉二丁目,37.791721,139.135182,0,3
1194,15,105,2003 ,秋葉三丁目,37.786922,139.136913,0,3
1195,15,105,3000 ,朝日,37.763988,139.129638,0,1
1196,15,105,4000 ,天ヶ沢,37.738296,139.084539,0,1
1197,15,105,5000 ,市新,37.784347,139.168333,0,1
1198,15,105,6000 ,市之瀬,37.831993,139.081897,0,1
1199,15,105,7000 ,飯柳,37.787736,139.150245,0,1
1200,15,105,8000 ,梅ノ木,37.777651,139.092963,0,1
1201,15,105,9000 ,浦興野,37.786128,139.078321,0,1
1202,15,105,10000 ,大秋,37.800119,139.068669,0,1
1203,15,105,11000 ,大鹿,37.799044,139.100546,0,1
1204,15,105,12000 ,大関,37.777997,139.159834,0,1
1205,15,105,13000 ,岡田,37.775923,139.164394,0,1
1206,15,105,14000 ,荻島,37.827397,139.101141,0,1
1207,15,105,15001 ,荻島一丁目,37.832558,139.121281,0,3
1208,15,105,15002 ,荻島二丁目,37.831094,139.114915,0,3
1209,15,105,15003 ,荻島三丁目,37.833363,139.116059,0,3
1210,15,105,16000 ,荻野町,37.830478,139.107923,0,1
1211,15,105,17000 ,覚路津,37.819286,139.072033,0,1
1212,15,105,18001 ,金沢町一丁目,37.798948,139.133321,0,3
1213,15,105,18002 ,金沢町二丁目,37.798334,139.134904,0,3
1214,15,105,18003 ,金沢町三丁目,37.797226,139.136862,0,3
1215,15,105,18004 ,金沢町四丁目,37.796895,139.140612,0,3
1216,15,105,19000 ,金津,37.749825,139.130982,0,1
1217,15,105,20000 ,金屋,37.787375,139.163636,0,1
1218,15,105,21000 ,鎌倉,37.732456,139.078824,0,1
1219,15,105,22000 ,柄目木,37.793369,139.139643,0,1
1220,15,105,23000 ,蒲ヶ沢,37.763909,139.104021,0,1
1221,15,105,24000 ,川口,37.81801,139.108798,0,1
1222,15,105,25000 ,川根,37.7972,139.075046,0,1
1223,15,105,26000 ,北,37.792239,139.173277,0,1
1224,15,105,27000 ,北潟,37.816235,139.090543,0,1
1225,15,105,28000 ,北上,37.812336,139.104528,0,1
1226,15,105,29001 ,北上一丁目,37.811147,139.119447,0,3
1227,15,105,29002 ,北上二丁目,37.812471,139.121323,0,3
1228,15,105,29003 ,北上三丁目,37.812401,139.124013,0,3
1229,15,105,30000 ,北上新田,37.813632,139.114553,0,1
1230,15,105,31001 ,草水町一丁目,37.785156,139.143432,0,3
1231,15,105,31002 ,草水町二丁目,37.782364,139.146661,0,3
1232,15,105,31003 ,草水町三丁目,37.779451,139.152388,0,3
1233,15,105,32000 ,栗宮,37.804593,139.09036,0,1
1234,15,105,33000 ,車場,37.831571,139.095585,0,1
1235,15,105,34001 ,車場一丁目,37.838327,139.102382,0,3
1236,15,105,34002 ,車場二丁目,37.837795,139.110699,0,3
1237,15,105,34003 ,車場三丁目,37.837761,139.106582,0,3
1238,15,105,34004 ,車場四丁目,37.834588,139.107163,0,3
1239,15,105,34005 ,車場五丁目,37.833982,139.104635,0,3
1240,15,105,35000 ,こがね町,37.830659,139.11094,0,1
1241,15,105,36000 ,小口,37.769291,139.150114,0,1
1242,15,105,37000 ,小須戸,37.764104,139.073185,0,1
1243,15,105,38000 ,古田,37.805116,139.104259,0,1
1244,15,105,39001 ,古田一丁目,37.794699,139.110721,0,3
1245,15,105,39002 ,古田二丁目,37.793018,139.105801,0,3
1246,15,105,39003 ,古田三丁目,37.796699,139.106446,0,3
1247,15,105,39004 ,古田四丁目,37.797895,139.106733,0,3
1248,15,105,40000 ,小戸上組,37.796469,139.091998,0,1
1249,15,105,41000 ,小戸下組,37.800261,139.082236,0,1
1250,15,105,42000 ,子成場,37.783911,139.061524,0,1
1251,15,105,43000 ,小向,37.740328,139.069309,0,1
1252,15,105,44000 ,小屋場,37.783975,139.087728,0,1
1253,15,105,45001 ,さつき野一丁目,37.812693,139.115618,0,3
1254,15,105,45002 ,さつき野二丁目,37.810287,139.117237,0,3
1255,15,105,45003 ,さつき野三丁目,37.81078,139.11413,0,3
1256,15,105,45004 ,さつき野四丁目,37.807999,139.11759,0,3
1257,15,105,46000 ,塩谷,37.755335,139.123216,0,1
1258,15,105,47000 ,下興野,37.808075,139.113374,0,1
1259,15,105,48000 ,下興野町,37.807476,139.12354,0,1
1260,15,105,49000 ,下条,37.770155,139.169578,0,1
1261,15,105,50000 ,下新,37.778925,139.17707,0,1
1262,15,105,51000 ,新栄町,37.790829,139.1202,0,1
1263,15,105,52000 ,新金沢町,37.796975,139.14555,0,1
1264,15,105,53000 ,新郷屋,37.791337,139.16955,0,1
1265,15,105,54000 ,新保,37.758462,139.083748,0,1
1266,15,105,55001 ,新町一丁目,37.799349,139.128788,0,3
1267,15,105,55002 ,新町二丁目,37.799844,139.131707,0,3
1268,15,105,55003 ,新町三丁目,37.804795,139.129192,0,3
1269,15,105,56000 ,水田,37.729194,139.063999,0,1
1270,15,105,57000 ,善道,37.806295,139.113794,0,1
1271,15,105,58001 ,善道町一丁目,37.804558,139.121978,0,3
1272,15,105,58002 ,善道町二丁目,37.803119,139.125061,0,3
1273,15,105,59000 ,田家,37.777903,139.137509,0,1
1274,15,105,60001 ,田家一丁目,37.789001,139.125731,0,3
1275,15,105,60002 ,田家二丁目,37.78407,139.125461,0,3
1276,15,105,60003 ,田家三丁目,37.784679,139.131285,0,3
1277,15,105,61000 ,大安寺,37.799246,139.159715,0,1
1278,15,105,62000 ,滝谷町,37.789329,139.14069,0,1
1279,15,105,63000 ,滝谷本町,37.794138,139.134108,0,1
1280,15,105,64000 ,田島,37.828195,139.109456,0,1
1281,15,105,65000 ,次屋,37.771933,139.169554,0,1
1282,15,105,66000 ,出戸,37.784128,139.071631,0,1
1283,15,105,67000 ,中沢町,37.790659,139.126344,0,1
1284,15,105,68000 ,中新田,37.807979,139.149021,0,1
1285,15,105,69000 ,中野,37.828811,139.100857,0,1
1286,15,105,70001 ,中野一丁目,37.837344,139.116599,0,3
1287,15,105,70002 ,中野二丁目,37.838051,139.114333,0,3
1288,15,105,70003 ,中野三丁目,37.834243,139.112499,0,3
1289,15,105,70004 ,中野四丁目,37.833997,139.109974,0,3
1290,15,105,70005 ,中野五丁目,37.832545,139.107539,0,3
1291,15,105,71000 ,中村,37.781576,139.116565,0,1
1292,15,105,72000 ,新津,37.804792,139.110947,0,1
1293,15,105,73001 ,新津東町一丁目,37.803065,139.139335,0,3
1294,15,105,73002 ,新津東町二丁目,37.800692,139.14277,0,3
1295,15,105,73003 ,新津東町三丁目,37.805453,139.143142,0,3
1296,15,105,74001 ,新津本町一丁目,37.799041,139.121925,0,3
1297,15,105,74002 ,新津本町二丁目,37.799389,139.125504,0,3
1298,15,105,74003 ,新津本町三丁目,37.79537,139.123336,0,3
1299,15,105,74004 ,新津本町四丁目,37.794399,139.127825,0,3
1300,15,105,75000 ,新津緑町,37.786914,139.120459,0,1
1301,15,105,76000 ,新津四ツ興野,37.779955,139.077686,0,1
1302,15,105,77000 ,西金沢,37.803864,139.134309,0,1
1303,15,105,78000 ,西島,37.779363,139.107293,0,1
1304,15,105,79000 ,西古津,37.774128,139.113451,0,1
1305,15,105,80000 ,日宝町,37.797116,139.128126,0,1
1306,15,105,81000 ,羽下,37.774271,139.168619,0,1
1307,15,105,82000 ,東金沢,37.794984,139.154099,0,1
1308,15,105,83000 ,東島,37.771644,139.134321,0,1
1309,15,105,84000 ,福島,37.822659,139.098228,0,1
1310,15,105,85001 ,舟戸一丁目,37.749152,139.092287,0,3
1311,15,105,85002 ,舟戸二丁目,37.749731,139.093819,0,3
1312,15,105,86000 ,古津,37.769344,139.110329,0,1
1313,15,105,87000 ,程島,37.784269,139.10134,0,1
1314,15,105,88001 ,松ヶ丘一丁目,37.738015,139.098893,0,3
1315,15,105,89001 ,みそら野一丁目,37.826998,139.116019,0,3
1316,15,105,89002 ,みそら野二丁目,37.827086,139.113647,0,3
1317,15,105,89003 ,みそら野三丁目,37.823799,139.114514,0,3
1318,15,105,90000 ,南町,37.79208,139.116956,0,1
1319,15,105,91001 ,美幸町一丁目,37.801302,139.118097,0,3
1320,15,105,91002 ,美幸町二丁目,37.801706,139.116143,0,3
1321,15,105,91003 ,美幸町三丁目,37.80186,139.113974,0,3
1322,15,105,92001 ,美善一丁目,37.804029,139.117687,0,3
1323,15,105,92002 ,美善二丁目,37.805773,139.117481,0,3
1324,15,105,93000 ,結,37.824405,139.089035,0,1
1325,15,105,94000 ,矢代田,37.743787,139.101908,0,1
1326,15,105,95001 ,山谷町一丁目,37.797107,139.119319,0,3
1327,15,105,95002 ,山谷町二丁目,37.797015,139.116135,0,3
1328,15,105,95003 ,山谷町三丁目,37.798212,139.112072,0,3
1329,15,105,96000 ,横川浜,37.746428,139.074529,0,1
1330,15,105,97000 ,吉岡町,37.791548,139.122665,0,1
1331,15,105,98000 ,竜玄,37.765932,139.09125,0,1
1332,15,105,99000 ,六郷,37.80052,139.173346,0,1
1333,15,105,100000 ,蕨曽根,37.791291,139.067157,0,1
1334,15,105,101000 ,割町,37.763695,139.119339,0,1
1335,15,105,102000 ,大蔵,37.830951,139.128782,0,1
1336,15,105,103000 ,七日町,37.820885,139.136918,0,1
1337,15,105,104000 ,満願寺,37.811395,139.141211,0,1
1338,15,105,105000 ,古田ノ内大野開,37.812248,139.128114,0,1
1339,15,106,1000 ,赤渋,37.794141,139.055763,0,1
1340,15,106,2000 ,朝捲,37.785444,139.04374,0,1
1341,15,106,3000 ,味方,37.786665,138.998625,0,1
1342,15,106,4000 ,鯵潟,37.776582,139.02146,0,1
1343,15,106,5001 ,鯵潟一丁目,37.776821,139.013161,0,3
1344,15,106,6000 ,天野,37.839572,139.03197,0,1
1345,15,106,7000 ,飯島,37.72357,139.027769,0,1
1346,15,106,8000 ,居宿,37.812293,138.995842,0,1
1347,15,106,9000 ,和泉,37.760124,139.032868,0,1
1348,15,106,10000 ,犬帰新田,37.817238,139.057243,0,1
1349,15,106,11000 ,茨曽根,37.71667,139.00798,0,1
1350,15,106,12000 ,鋳物師興野,37.731035,139.056031,0,1
1351,15,106,13000 ,兎新田,37.697415,139.029288,0,1
1352,15,106,14000 ,牛崎,37.729147,139.039453,0,1
1353,15,106,15000 ,臼井,37.774121,139.055004,0,1
1354,15,106,16000 ,臼井ノ内小平次新田,37.773511,139.058873,0,1
1355,15,106,17000 ,獺ケ通,37.832998,139.05006,0,1
1356,15,106,18000 ,浦梨,37.753324,139.025486,0,1
1357,15,106,19000 ,大倉,37.806187,139.004044,0,1
1358,15,106,20000 ,大倉新田,37.806644,139.002207,0,1
1359,15,106,21001 ,大通一丁目,37.840356,139.019297,0,3
1360,15,106,21002 ,大通二丁目,37.839872,139.020973,0,3
1361,15,106,22001 ,大通黄金一丁目,37.826218,139.021101,0,3
1362,15,106,22002 ,大通黄金二丁目,37.824669,139.02273,0,3
1363,15,106,22003 ,大通黄金三丁目,37.825899,139.020404,0,3
1364,15,106,22004 ,大通黄金四丁目,37.824219,139.0207,0,3
1365,15,106,22005 ,大通黄金五丁目,37.822711,139.021196,0,3
1366,15,106,22006 ,大通黄金六丁目,37.821143,139.023244,0,3
1367,15,106,22007 ,大通黄金七丁目,37.820851,139.020766,0,3
1368,15,106,23001 ,大通南一丁目,37.828519,139.020507,0,3
1369,15,106,23002 ,大通南二丁目,37.82853,139.023285,0,3
1370,15,106,23003 ,大通南三丁目,37.831067,139.02078,0,3
1371,15,106,23004 ,大通南四丁目,37.83118,139.023137,0,3
1372,15,106,23005 ,大通南五丁目,37.831771,139.019296,0,3
1373,15,106,23006 ,大通南六丁目,37.834892,139.019748,0,3
1374,15,106,24000 ,大別當,37.717764,138.990537,0,1
1375,15,106,25000 ,沖新保,37.723975,139.019604,0,1
1376,15,106,26000 ,上浦,37.75831,139.059222,0,1
1377,15,106,27000 ,上木山,37.745531,139.030335,0,1
1378,15,106,28000 ,上塩俵,37.817405,139.017124,0,1
1379,15,106,29000 ,上新田,37.68157,138.988167,0,1
1380,15,106,30000 ,上道潟,37.729333,139.01819,0,1
1381,15,106,31000 ,上八枚,37.747475,139.061108,0,1
1382,15,106,32000 ,上曲通,37.744586,138.998513,0,1
1383,15,106,33000 ,神屋,37.784312,139.0239,0,1
1384,15,106,34000 ,北田中,37.815041,139.023657,0,1
1385,15,106,35000 ,木滑,37.748966,138.987642,0,1
1386,15,106,36000 ,櫛笥,37.742263,139.048835,0,1
1387,15,106,37000 ,蜘手興野,37.735876,139.051157,0,1
1388,15,106,38000 ,小坂,37.786045,139.02361,0,1
1389,15,106,39000 ,小蔵子,37.778035,139.044418,0,1
1390,15,106,40000 ,山王,37.801954,139.007374,0,1
1391,15,106,41000 ,山王新田,37.800737,139.007529,0,1
1392,15,106,42000 ,七軒,37.77184,139.022425,0,1
1393,15,106,43000 ,七軒町,37.771577,139.012618,0,1
1394,15,106,44000 ,清水,37.709215,138.995509,0,1
1395,15,106,45000 ,下木山,37.751536,139.032653,0,1
1396,15,106,46000 ,下道潟,37.733197,139.021782,0,1
1397,15,106,47000 ,下八枚,37.763103,139.059874,0,1
1398,15,106,48000 ,下八枚ノ内小見新田,37.773156,139.06176,0,1
1399,15,106,49000 ,下曲通,37.750298,139.002737,0,1
1400,15,106,50000 ,下山崎,37.808015,139.009941,0,1
1401,15,106,51000 ,十五間,37.780942,139.02427,0,1
1402,15,106,52000 ,十二道島,37.73895,139.055949,0,1
1403,15,106,53000 ,上下諏訪木,37.760805,139.022737,0,1
1404,15,106,54000 ,庄瀬,37.717723,139.033969,0,1
1405,15,106,55000 ,次郎右エ門興野,37.743235,139.059274,0,1
1406,15,106,56000 ,白根,37.765284,139.039993,0,1
1407,15,106,57001 ,白根東町一丁目,37.768867,139.023632,0,3
1408,15,106,58000 ,白根魚町,37.765626,139.014019,0,1
1409,15,106,59000 ,白根水道町,37.754343,139.011904,0,1
1410,15,106,60000 ,白根ノ内七軒,37.764259,139.023543,0,1
1411,15,106,61000 ,白根日の出町,37.755862,139.015199,0,1
1412,15,106,62000 ,白根古川,37.773996,139.034512,0,1
1413,15,106,63000 ,白根四ツ興野,37.773445,139.014425,0,1
1414,15,106,64001 ,新生町一丁目,37.750519,139.055929,0,3
1415,15,106,64002 ,新生町二丁目,37.750324,139.057277,0,3
1416,15,106,64003 ,新生町三丁目,37.75158,139.056567,0,3
1417,15,106,65001 ,新山崎町一丁目,37.808101,139.005992,0,3
1418,15,106,65002 ,新山崎町二丁目,37.808163,139.007436,0,3
1419,15,106,65003 ,新山崎町三丁目,37.809062,139.005794,0,3
1420,15,106,66000 ,親和町,37.766239,139.021101,0,1
1421,15,106,67000 ,杉菜,37.766139,139.022898,0,1
1422,15,106,68000 ,助次右エ門組,37.748478,139.02366,0,1
1423,15,106,69000 ,蔵主,37.741058,139.032215,0,1
1424,15,106,70000 ,大郷,37.805921,139.059321,0,1
1425,15,106,71000 ,田尾,37.746998,139.040769,0,1
1426,15,106,72000 ,高井興野,37.80007,139.021729,0,1
1427,15,106,73001 ,高井東一丁目,37.796484,139.016507,0,3
1428,15,106,73002 ,高井東二丁目,37.798517,139.017216,0,3
1429,15,106,73003 ,高井東三丁目,37.799286,139.01974,0,3
1430,15,106,74000 ,田中,37.75413,139.019448,0,1
1431,15,106,75000 ,月潟,37.728614,138.992812,0,1
1432,15,106,76000 ,釣寄,37.746004,138.975638,0,1
1433,15,106,77000 ,釣寄新,37.745512,138.980254,0,1
1434,15,106,78000 ,天王新田,37.741429,139.039147,0,1
1435,15,106,79000 ,戸石,37.752399,139.061396,0,1
1436,15,106,80000 ,戸頭,37.743213,139.014138,0,1
1437,15,106,81000 ,中小見,37.773602,139.06765,0,1
1438,15,106,82000 ,中塩俵,37.829458,139.011651,0,1
1439,15,106,83000 ,中山,37.775111,139.050874,0,1
1440,15,106,84000 ,七穂,37.800311,138.994658,0,1
1441,15,106,85000 ,鍋潟,37.758035,139.040837,0,1
1442,15,106,86000 ,新飯田,37.692959,138.984673,0,1
1443,15,106,87000 ,西笠巻,37.797832,139.044329,0,1
1444,15,106,88000 ,西笠巻新田,37.805595,139.044473,0,1
1445,15,106,89000 ,西萱場,37.735573,138.997709,0,1
1446,15,106,90000 ,西酒屋,37.828528,139.055015,0,1
1447,15,106,91000 ,西白根,37.763532,139.00265,0,1
1448,15,106,92000 ,根岸,37.795671,139.02518,0,1
1449,15,106,93000 ,能登,37.768113,139.029386,0,1
1450,15,106,94001 ,能登一丁目,37.768679,139.013224,0,3
1451,15,106,94002 ,能登二丁目,37.768605,139.016001,0,3
1452,15,106,95000 ,東笠巻,37.816702,139.051176,0,1
1453,15,106,96000 ,東笠巻新田,37.816302,139.041525,0,1
1454,15,106,97000 ,東萱場,37.733625,139.009078,0,1
1455,15,106,98000 ,東長嶋,37.735237,138.984596,0,1
1456,15,106,99000 ,菱潟,37.725442,139.052201,0,1
1457,15,106,100000 ,菱潟新田,37.726132,139.044189,0,1
1458,15,106,101000 ,引越,37.78896,139.0354,0,1
1459,15,106,102000 ,平潟,37.736699,139.034682,0,1
1460,15,106,103000 ,平潟新田,37.736527,139.024555,0,1
1461,15,106,104000 ,福島,37.74299,138.973884,0,1
1462,15,106,105000 ,古川新田,37.702902,139.029161,0,1
1463,15,106,106000 ,平成町,37.753061,139.014461,0,1
1464,15,106,107000 ,保坂,37.788739,139.023189,0,1
1465,15,106,108000 ,堀掛,37.779727,139.059725,0,1
1466,15,106,109000 ,真木,37.709022,139.024449,0,1
1467,15,106,110000 ,松橋,37.822871,139.006605,0,1
1468,15,106,111000 ,万年,37.736952,139.044618,0,1
1469,15,106,112000 ,山崎興野,37.809602,139.020672,0,1
1470,15,106,113000 ,吉江,37.794696,139.008814,0,1
1471,15,106,114000 ,吉田新田,37.798072,139.008273,0,1
1472,15,106,115000 ,大通西,37.835543,139.017606,0,1
1473,15,106,116000 ,鷲ノ木新田,37.834293,139.029255,0,1
1474,15,106,117000 ,下塩俵,37.834803,139.014643,0,1
1475,15,107,1000 ,青山,37.901984,138.992411,0,1
1476,15,107,2001 ,青山一丁目,37.894505,139.001105,0,3
1477,15,107,2002 ,青山二丁目,37.897927,139.007013,0,3
1478,15,107,2003 ,青山三丁目,37.899333,139.005411,0,3
1479,15,107,2004 ,青山四丁目,37.897357,138.997688,0,3
1480,15,107,2005 ,青山五丁目,37.899889,138.998497,0,3
1481,15,107,2006 ,青山六丁目,37.901418,138.997393,0,3
1482,15,107,2007 ,青山七丁目,37.899067,138.993579,0,3
1483,15,107,2008 ,青山八丁目,37.897731,138.995228,0,3
1484,15,107,3000 ,青山新町,37.8958,138.998603,0,1
1485,15,107,4000 ,青山水道,37.892335,138.996089,0,1
1486,15,107,5000 ,赤塚,37.818513,138.880132,0,1
1487,15,107,6000 ,有明町,37.894864,138.985286,0,1
1488,15,107,7000 ,五十嵐一の町,37.876671,138.949672,0,1
1489,15,107,8000 ,五十嵐二の町,37.869439,138.936116,0,1
1490,15,107,9000 ,五十嵐三の町,37.86051,138.915256,0,1
1491,15,107,10000 ,五十嵐三の町北,37.862519,138.92496,0,1
1492,15,107,11000 ,五十嵐三の町中,37.859566,138.924853,0,1
1493,15,107,12000 ,五十嵐三の町西,37.855961,138.92461,0,1
1494,15,107,13000 ,五十嵐三の町東,37.860584,138.929497,0,1
1495,15,107,14000 ,五十嵐三の町南,37.857892,138.930926,0,1
1496,15,107,15000 ,五十嵐上崎山,37.845061,138.921986,0,1
1497,15,107,17001 ,五十嵐中島一丁目,37.855373,138.927541,0,3
1498,15,107,17002 ,五十嵐中島二丁目,37.852772,138.92484,0,3
1499,15,107,17003 ,五十嵐中島三丁目,37.851237,138.922366,0,3
1500,15,107,17004 ,五十嵐中島四丁目,37.850065,138.919592,0,3
1501,15,107,17005 ,五十嵐中島五丁目,37.848746,138.916228,0,3
1502,15,107,18000 ,五十嵐西,37.852997,138.917808,0,1
1503,15,107,19001 ,五十嵐東一丁目,37.874556,138.958318,0,3
1504,15,107,19002 ,五十嵐東二丁目,37.878369,138.959053,0,3
1505,15,107,19003 ,五十嵐東三丁目,37.877821,138.956587,0,3
1506,15,107,20000 ,板井,37.816883,138.989456,0,1
1507,15,107,21000 ,内野潟端,37.84838,138.931966,0,1
1508,15,107,22000 ,内野潟向,37.839103,138.923277,0,1
1509,15,107,23000 ,内野上新町,37.851861,138.904392,0,1
1510,15,107,24000 ,内野崎山,37.8437,138.926121,0,1
1511,15,107,25000 ,内野関場,37.845271,138.9182,0,1
1512,15,107,26000 ,内野戸中才,37.850724,138.938568,0,1
1513,15,107,27001 ,内野西一丁目,37.854685,138.930697,0,3
1514,15,107,27002 ,内野西二丁目,37.852432,138.933669,0,3
1515,15,107,27003 ,内野西三丁目,37.851219,138.927573,0,3
1516,15,107,28000 ,内野早角,37.84759,138.941954,0,1
1517,15,107,29000 ,内野町,37.858873,138.940292,0,1
1518,15,107,30001 ,内野山手一丁目,37.861077,138.937985,0,3
1519,15,107,30002 ,内野山手二丁目,37.859135,138.935257,0,3
1520,15,107,31001 ,浦山一丁目,37.900292,139.00511,0,3
1521,15,107,31002 ,浦山二丁目,37.902236,139.004847,0,3
1522,15,107,31003 ,浦山三丁目,37.903668,139.001015,0,3
1523,15,107,31004 ,浦山四丁目,37.901305,139.001257,0,3
1524,15,107,32000 ,大潟,37.836651,138.960953,0,1
1525,15,107,33000 ,大友,37.826473,138.94301,0,1
1526,15,107,34000 ,大野,37.863964,138.952647,0,1
1527,15,107,35000 ,大野町,37.84809,139.016867,0,1
1528,15,107,36001 ,緒立流通一丁目,37.860131,138.988163,0,3
1529,15,107,36002 ,緒立流通二丁目,37.858311,138.986708,0,3
1530,15,107,37000 ,小見郷屋,37.81722,138.913411,0,1
1531,15,107,38000 ,笠木,37.838518,138.947715,0,1
1532,15,107,39000 ,金巻,37.840265,139.001106,0,1
1533,15,107,40000 ,金巻新田,37.832246,138.928091,0,1
1534,15,107,41000 ,上新栄町,37.890742,138.970762,0,1
1535,15,107,42001 ,上新栄町一丁目,37.888233,138.972035,0,3
1536,15,107,42002 ,上新栄町二丁目,37.887567,138.967682,0,3
1537,15,107,42003 ,上新栄町三丁目,37.886007,138.968562,0,3
1538,15,107,42004 ,上新栄町四丁目,37.882538,138.967723,0,3
1539,15,107,42005 ,上新栄町五丁目,37.884192,138.962735,0,3
1540,15,107,42006 ,上新栄町六丁目,37.88214,138.96008,0,3
1541,15,107,43000 ,神山,37.826428,138.883861,0,1
1542,15,107,44000 ,亀貝,37.870164,138.982672,0,1
1543,15,107,45000 ,勘助郷屋,37.807778,138.908778,0,1
1544,15,107,46000 ,北場,37.859479,138.991264,0,1
1545,15,107,47000 ,木場,37.827964,138.9801,0,1
1546,15,107,48000 ,木山,37.830232,138.891463,0,1
1547,15,107,49000 ,黒鳥,37.850527,138.980389,0,1
1548,15,107,50000 ,小新,37.873139,138.999183,0,1
1549,15,107,51001 ,小新一丁目,37.888943,139.009758,0,3
1550,15,107,51002 ,小新二丁目,37.886078,139.008545,0,3
1551,15,107,51003 ,小新三丁目,37.88368,139.006264,0,3
1552,15,107,51004 ,小新四丁目,37.882673,139.003859,0,3
1553,15,107,51005 ,小新五丁目,37.88016,139.002383,0,3
1554,15,107,52001 ,小新大通一丁目,37.869109,138.998738,0,3
1555,15,107,52002 ,小新大通二丁目,37.869452,138.996348,0,3
1556,15,107,53001 ,小新西一丁目,37.876576,138.99575,0,3
1557,15,107,53002 ,小新西二丁目,37.874691,138.994058,0,3
1558,15,107,53003 ,小新西三丁目,37.874388,138.991947,0,3
1559,15,107,54001 ,小新南一丁目,37.870618,138.992614,0,3
1560,15,107,54002 ,小新南二丁目,37.868015,138.992591,0,3
1561,15,107,55000 ,小瀬,37.824342,138.926857,0,1
1562,15,107,56001 ,小針一丁目,37.887721,139.004707,0,3
1563,15,107,56002 ,小針二丁目,37.889792,138.99848,0,3
1564,15,107,56003 ,小針三丁目,37.886814,138.999639,0,3
1565,15,107,56004 ,小針四丁目,37.884396,138.996333,0,3
1566,15,107,56005 ,小針五丁目,37.886874,138.993623,0,3
1567,15,107,56006 ,小針六丁目,37.882684,138.992045,0,3
1568,15,107,56007 ,小針七丁目,37.880455,138.990264,0,3
1569,15,107,56008 ,小針八丁目,37.88007,138.988351,0,3
1570,15,107,57000 ,小針が丘,37.889422,138.98976,0,1
1571,15,107,58000 ,小針上山,37.89321,138.993471,0,1
1572,15,107,59000 ,小針台,37.89206,138.988275,0,1
1573,15,107,60001 ,小針西一丁目,37.886782,138.98649,0,3
1574,15,107,60002 ,小針西二丁目,37.88763,138.984609,0,3
1575,15,107,61000 ,小針藤山,37.890453,138.994205,0,1
1576,15,107,62000 ,小針南,37.883562,138.987879,0,1
1577,15,107,63000 ,小針南台,37.888551,138.992219,0,1
1578,15,107,64000 ,小平方,37.845887,138.994577,0,1
1579,15,107,65000 ,坂井,37.865737,138.955564,0,1
1580,15,107,66001 ,坂井一丁目,37.873705,138.982195,0,3
1581,15,107,66002 ,坂井二丁目,37.86775,138.975336,0,3
1582,15,107,66003 ,坂井三丁目,37.867878,138.968269,0,3
1583,15,107,67001 ,坂井砂山一丁目,37.871187,138.960946,0,3
1584,15,107,67002 ,坂井砂山二丁目,37.873245,138.960303,0,3
1585,15,107,67003 ,坂井砂山三丁目,37.870537,138.955431,0,3
1586,15,107,67004 ,坂井砂山四丁目,37.869028,138.956467,0,3
1587,15,107,68001 ,坂井東一丁目,37.879591,138.985713,0,3
1588,15,107,68002 ,坂井東二丁目,37.875791,138.981108,0,3
1589,15,107,68003 ,坂井東三丁目,37.872637,138.977788,0,3
1590,15,107,68004 ,坂井東四丁目,37.869804,138.974776,0,3
1591,15,107,68005 ,坂井東五丁目,37.869185,138.971136,0,3
1592,15,107,68006 ,坂井東六丁目,37.870774,138.966294,0,3
1593,15,107,69000 ,坂田,37.80947,138.884437,0,1
1594,15,107,70000 ,新田,37.845031,138.960159,0,1
1595,15,107,71000 ,新通,37.856334,138.964217,0,1
1596,15,107,72001 ,新通西一丁目,37.863723,138.950381,0,3
1597,15,107,72002 ,新通西二丁目,37.86224,138.948305,0,3
1598,15,107,73001 ,新通南一丁目,37.862809,138.961631,0,3
1599,15,107,73002 ,新通南二丁目,37.860362,138.960238,0,3
1600,15,107,73003 ,新通南三丁目,37.858115,138.956313,0,3
1601,15,107,74001 ,新中浜一丁目,37.846749,138.913453,0,3
1602,15,107,74002 ,新中浜二丁目,37.847966,138.912518,0,3
1603,15,107,74003 ,新中浜三丁目,37.846632,138.90998,0,3
1604,15,107,74004 ,新中浜四丁目,37.845431,138.910752,0,3
1605,15,107,74005 ,新中浜五丁目,37.84435,138.908383,0,3
1606,15,107,74006 ,新中浜六丁目,37.845336,138.907592,0,3
1607,15,107,75000 ,須賀,37.865945,138.971763,0,1
1608,15,107,76000 ,関屋,37.908023,139.00133,0,1
1609,15,107,77000 ,関屋堀割町,37.905614,139.003959,0,1
1610,15,107,78000 ,善久,37.859623,139.017772,0,1
1611,15,107,79000 ,曽和,37.843509,138.937376,0,1
1612,15,107,80001 ,大学南一丁目,37.867659,138.94962,0,3
1613,15,107,80002 ,大学南二丁目,37.864057,138.942401,0,3
1614,15,107,81000 ,田潟,37.829003,138.955768,0,1
1615,15,107,82000 ,高山,37.849705,138.94551,0,1
1616,15,107,83000 ,田島,37.838691,138.930563,0,1
1617,15,107,84000 ,立仏,37.868226,139.007224,0,1
1618,15,107,85000 ,中権寺,37.84151,138.911301,0,1
1619,15,107,86000 ,寺尾,37.88044,138.978268,0,1
1620,15,107,87000 ,寺尾朝日通,37.884853,138.98646,0,1
1621,15,107,88001 ,寺尾上一丁目,37.879513,138.972699,0,3
1622,15,107,88002 ,寺尾上二丁目,37.877421,138.972679,0,3
1623,15,107,88003 ,寺尾上三丁目,37.875216,138.969931,0,3
1624,15,107,88004 ,寺尾上四丁目,37.876852,138.968385,0,3
1625,15,107,88005 ,寺尾上五丁目,37.874836,138.964634,0,3
1626,15,107,88006 ,寺尾上六丁目,37.873104,138.965545,0,3
1627,15,107,89001 ,寺尾北一丁目,37.884801,138.971234,0,3
1628,15,107,89002 ,寺尾北二丁目,37.883271,138.969756,0,3
1629,15,107,90001 ,寺尾台一丁目,37.882307,138.978077,0,3
1630,15,107,90002 ,寺尾台二丁目,37.883987,138.976828,0,3
1631,15,107,90003 ,寺尾台三丁目,37.881983,138.973927,0,3
1632,15,107,91000 ,寺尾中央公園,37.883212,138.971838,0,1
1633,15,107,92001 ,寺尾西一丁目,37.880327,138.969333,0,3
1634,15,107,92002 ,寺尾西二丁目,37.878779,138.967769,0,3
1635,15,107,92003 ,寺尾西三丁目,37.877329,138.964268,0,3
1636,15,107,92004 ,寺尾西四丁目,37.880031,138.964091,0,3
1637,15,107,92005 ,寺尾西五丁目,37.881514,138.963305,0,3
1638,15,107,93001 ,寺尾東一丁目,37.877533,138.978576,0,3
1639,15,107,93002 ,寺尾東二丁目,37.874808,138.975394,0,3
1640,15,107,93003 ,寺尾東三丁目,37.87308,138.971355,0,3
1641,15,107,94001 ,寺尾前通一丁目,37.881804,138.984984,0,3
1642,15,107,94002 ,寺尾前通二丁目,37.880421,138.982638,0,3
1643,15,107,94003 ,寺尾前通三丁目,37.879241,138.980515,0,3
1644,15,107,95000 ,寺地,37.879479,139.006317,0,1
1645,15,107,96000 ,道河原,37.829928,138.922643,0,1
1646,15,107,97000 ,藤蔵新田,37.810769,138.897919,0,1
1647,15,107,98001 ,ときめき西一丁目,37.87411,139.009047,0,3
1648,15,107,98002 ,ときめき西二丁目,37.877431,139.009745,0,3
1649,15,107,98003 ,ときめき西三丁目,37.879423,139.009783,0,3
1650,15,107,98004 ,ときめき西四丁目,37.882215,139.010645,0,3
1651,15,107,99001 ,ときめき東一丁目,37.877306,139.011555,0,3
1652,15,107,100000 ,鳥原,37.857026,139.007343,0,1
1653,15,107,101000 ,鳥原新田,37.845115,139.002017,0,1
1654,15,107,102000 ,中野小屋,37.820727,138.938248,0,1
1655,15,107,103000 ,西有明町,37.895825,138.988387,0,1
1656,15,107,104001 ,西小針台一丁目,37.884278,138.981763,0,3
1657,15,107,104002 ,西小針台二丁目,37.885512,138.979954,0,3
1658,15,107,104003 ,西小針台三丁目,37.88628,138.97753,0,3
1659,15,107,105000 ,早潟,37.828705,138.914442,0,1
1660,15,107,106001 ,東青山一丁目,37.892989,139.003285,0,3
1661,15,107,106002 ,東青山二丁目,37.895357,139.007397,0,3
1662,15,107,107000 ,東山,37.827978,138.904514,0,1
1663,15,107,108000 ,藤野木,37.822644,138.914031,0,1
1664,15,107,109000 ,平島,37.891603,139.009132,0,1
1665,15,107,110001 ,平島一丁目,37.891056,139.004551,0,3
1666,15,107,110002 ,平島二丁目,37.892566,139.006888,0,3
1667,15,107,110003 ,平島三丁目,37.894395,139.008863,0,3
1668,15,107,111000 ,保古野木,37.816828,138.924544,0,1
1669,15,107,112000 ,前野外新田,37.817437,138.929207,0,1
1670,15,107,113000 ,槇尾,37.856746,138.947233,0,1
1671,15,107,114001 ,真砂一丁目,37.890834,138.98523,0,3
1672,15,107,114002 ,真砂二丁目,37.888749,138.981258,0,3
1673,15,107,114003 ,真砂三丁目,37.893067,138.982456,0,3
1674,15,107,114004 ,真砂四丁目,37.891133,138.978867,0,3
1675,15,107,115001 ,松海が丘一丁目,37.887154,138.975847,0,3
1676,15,107,115002 ,松海が丘二丁目,37.888693,138.975863,0,3
1677,15,107,115003 ,松海が丘三丁目,37.890525,138.974794,0,3
1678,15,107,115004 ,松海が丘四丁目,37.892601,138.974866,0,3
1679,15,107,116000 ,松美台,37.894203,138.990477,0,1
1680,15,107,117001 ,的場流通一丁目,37.861077,138.995756,0,3
1681,15,107,117002 ,的場流通二丁目,37.86042,138.992923,0,3
1682,15,107,118001 ,みずき野一丁目,37.817647,138.906623,0,3
1683,15,107,118002 ,みずき野二丁目,37.815331,138.905282,0,3
1684,15,107,118003 ,みずき野三丁目,37.81686,138.901137,0,3
1685,15,107,118004 ,みずき野四丁目,37.819352,138.903022,0,3
1686,15,107,118005 ,みずき野五丁目,37.819435,138.899406,0,3
1687,15,107,118006 ,みずき野六丁目,37.817986,138.897469,0,3
1688,15,107,119000 ,明田,37.813872,138.917727,0,1
1689,15,107,120000 ,谷内,37.833267,138.899281,0,1
1690,15,107,121000 ,山崎,37.82309,138.883,0,1
1691,15,107,122000 ,山田,37.875508,139.018012,0,1
1692,15,107,123000 ,四ツ郷屋,37.841581,138.885695,0,1
1693,15,107,124000 ,與兵衛野新田,37.821818,138.946527,0,1
1694,15,107,125001 ,流通一丁目,37.863011,138.99638,0,3
1695,15,107,125002 ,流通二丁目,37.860955,138.990797,0,3
1696,15,107,125003 ,流通三丁目,37.861823,138.987978,0,3
1697,15,107,126001 ,流通センター一丁目,37.866158,138.998185,0,3
1698,15,107,126002 ,流通センター二丁目,37.865792,138.995619,0,3
1699,15,107,126003 ,流通センター三丁目,37.863933,138.99477,0,3
1700,15,107,126004 ,流通センター四丁目,37.864807,138.991297,0,3
1701,15,107,126005 ,流通センター五丁目,37.862085,138.990769,0,3
1702,15,107,126006 ,流通センター六丁目,37.863154,138.985701,0,3
1703,15,107,127001 ,内野西が丘一丁目,37.847378,138.928036,0,3
1704,15,107,127002 ,内野西が丘二丁目,37.847262,138.926285,0,3
1705,15,107,127003 ,内野西が丘三丁目,37.847345,138.922363,0,3
1706,15,107,128000 ,小新流通東,37.863739,138.999963,1,1
1707,15,108,1000 ,赤鏥,37.744164,138.884781,0,1
1708,15,108,2000 ,味方,37.789169,138.979074,0,1
1709,15,108,3000 ,安尻,37.741638,138.885445,0,1
1710,15,108,4000 ,油島,37.745786,138.860848,0,1
1711,15,108,5000 ,新谷,37.739966,138.857393,0,1
1712,15,108,6000 ,石瀬,37.723547,138.830594,0,1
1713,15,108,7000 ,井随,37.768535,138.984862,0,1
1714,15,108,8000 ,茨島,37.759236,138.95886,0,1
1715,15,108,9000 ,今井,37.759126,138.946828,0,1
1716,15,108,10000 ,岩室温泉,37.736553,138.833809,0,1
1717,15,108,11000 ,植野新田,37.747495,138.87484,0,1
1718,15,108,12000 ,打越,37.72781,138.951984,1,1
1719,15,108,13000 ,姥島,37.713309,138.951281,0,1
1720,15,108,14000 ,卯八郎受,37.791356,138.957573,0,1
1721,15,108,15000 ,浦村,37.80706,138.950147,0,1
1722,15,108,16000 ,漆山,37.750644,138.928952,0,1
1723,15,108,17000 ,越前浜,37.813261,138.850352,0,1
1724,15,108,18000 ,遠藤,37.776337,138.940695,0,1
1725,15,108,19000 ,大潟,37.814132,138.944699,0,1
1726,15,108,20000 ,大関,37.81238,138.950019,0,1
1727,15,108,21000 ,大曽根,37.745724,138.950727,0,1
1728,15,108,22000 ,大原,37.757727,138.979394,0,1
1729,15,108,23000 ,押付,37.782613,138.921753,0,1
1730,15,108,24000 ,貝柄,37.809585,138.971727,0,1
1731,15,108,25000 ,貝柄新田,37.81827,138.967573,0,1
1732,15,108,26000 ,柿島,37.753708,138.91581,0,1
1733,15,108,27000 ,角田浜,37.794284,138.825678,0,1
1734,15,108,28000 ,角海浜,37.755991,138.81082,0,1
1735,15,108,29000 ,潟浦新,37.689388,138.976861,0,1
1736,15,108,30000 ,潟頭,37.74214,138.89587,0,1
1737,15,108,31000 ,潟上,37.731684,138.863199,0,1
1738,15,108,32000 ,金池,37.717194,138.8357,0,1
1739,15,108,33000 ,上木島,37.754262,138.85396,0,1
1740,15,108,34000 ,上小吉,37.69231,138.970701,0,1
1741,15,108,35000 ,河井,37.75303,138.907971,0,1
1742,15,108,36000 ,川崎,37.795949,138.908408,0,1
1743,15,108,37000 ,北野,37.721996,138.855436,0,1
1744,15,108,38000 ,国見,37.747088,138.943229,0,1
1745,15,108,39000 ,久保田,37.722481,138.845583,0,1
1746,15,108,40000 ,熊谷,37.774017,138.974807,0,1
1747,15,108,41000 ,桑山,37.808207,138.912895,0,1
1748,15,108,42000 ,高野宮,37.705484,138.984326,0,1
1749,15,108,43000 ,河間,37.730864,138.965992,1,1
1750,15,108,44000 ,五ケ浜,37.778086,138.820955,0,1
1751,15,108,45000 ,五之上,37.793543,138.970938,0,1
1752,15,108,46000 ,小吉,37.704735,138.970132,0,1
1753,15,108,47000 ,栄,37.740101,138.849695,0,1
1754,15,108,48000 ,栄町,37.721321,138.907082,0,1
1755,15,108,49000 ,桜林,37.732583,138.899945,0,1
1756,15,108,50000 ,真田,37.777387,138.899111,0,1
1757,15,108,51000 ,猿ケ瀬,37.71712,138.843466,0,1
1758,15,108,52000 ,三角野新田,37.826884,138.963495,0,1
1759,15,108,53000 ,三方,37.777183,138.964422,0,1
1760,15,108,54000 ,下木島,37.758227,138.858062,0,1
1761,15,108,55000 ,下山,37.794606,138.897782,0,1
1762,15,108,56000 ,下和納,37.735684,138.888178,0,1
1763,15,108,57000 ,称名,37.753362,138.957264,0,1
1764,15,108,58000 ,白鳥,37.725702,138.852016,0,1
1765,15,108,59000 ,新保,37.801424,138.880421,0,1
1766,15,108,60000 ,鱸,37.796458,138.913446,0,1
1767,15,108,61000 ,善光寺,37.80265,138.919368,0,1
1768,15,108,62000 ,善光寺村受,37.797224,138.955644,0,1
1769,15,108,63000 ,曽根,37.796583,138.933308,0,1
1770,15,108,64000 ,高橋,37.730246,138.891321,0,1
1771,15,108,65000 ,高畑,37.746094,138.870085,0,1
1772,15,108,66000 ,竹野町,37.769,138.856406,0,1
1773,15,108,67000 ,津雲田,37.718383,138.892887,0,1
1774,15,108,68000 ,釣寄,37.742525,138.970086,0,1
1775,15,108,69000 ,釣寄新,37.750501,138.978528,0,1
1776,15,108,70000 ,天竺堂,37.779702,138.904406,0,1
1777,15,108,71000 ,稲島,37.786308,138.856754,0,1
1778,15,108,72000 ,道上,37.731248,138.954752,1,1
1779,15,108,73000 ,富岡,37.721661,138.899273,0,1
1780,15,108,74000 ,中郷屋,37.772811,138.898926,0,1
1781,15,108,75000 ,中島,37.796828,138.888197,0,1
1782,15,108,76000 ,中之口,37.717637,138.966014,1,1
1783,15,108,77000 ,長場,37.698257,138.982771,0,1
1784,15,108,78000 ,夏井,37.713693,138.861223,0,1
1785,15,108,79000 ,並岡,37.735852,138.925499,0,1
1786,15,108,80000 ,新飯田潟,37.766026,138.948451,0,1
1787,15,108,81000 ,仁箇,37.781287,138.872126,0,1
1788,15,108,82000 ,西中,37.72419,138.866483,0,1
1789,15,108,83000 ,西長島,37.729198,138.855883,0,1
1790,15,108,84000 ,西船越,37.736928,138.866672,0,1
1791,15,108,85000 ,西汰上,37.785422,138.885206,0,1
1792,15,108,86000 ,布目,37.788291,138.868448,0,1
1793,15,108,87000 ,葉萱場,37.767755,138.891721,0,1
1794,15,108,88000 ,羽黒,37.724617,138.951108,1,1
1795,15,108,89000 ,橋本,37.734937,138.842427,0,1
1796,15,108,90000 ,旗屋,37.788788,138.935172,0,1
1797,15,108,91000 ,旗屋村受,37.796884,138.952143,0,1
1798,15,108,92000 ,羽田,37.778345,138.883287,0,1
1799,15,108,93000 ,原,37.714007,138.876174,0,1
1800,15,108,94000 ,針ケ曽根,37.724456,138.981068,0,1
1801,15,108,95000 ,番屋,37.759915,138.966822,0,1
1802,15,108,96000 ,東小吉,37.713959,138.977017,0,1
1803,15,108,97000 ,東中,37.701964,138.972697,0,1
1804,15,108,98000 ,東船越,37.714312,138.971361,0,1
1805,15,108,99000 ,東汰上,37.781733,138.890826,0,1
1806,15,108,100000 ,樋曽,37.743779,138.829208,0,1
1807,15,108,101000 ,兵右衛門新田,37.80637,138.942085,0,1
1808,15,108,102000 ,平沢,37.765851,138.839939,0,1
1809,15,108,103000 ,平野,37.803214,138.903824,0,1
1810,15,108,104000 ,福井,37.760937,138.831578,0,1
1811,15,108,105000 ,福島,37.723498,138.956749,1,1
1812,15,108,106000 ,伏部,37.775278,138.850863,0,1
1813,15,108,107000 ,舟戸,37.753911,138.849959,0,1
1814,15,108,108000 ,堀上新田,37.816855,138.966443,0,1
1815,15,108,109000 ,堀山新田,37.754582,138.879467,0,1
1816,15,108,110000 ,前田,37.769698,138.875521,0,1
1817,15,108,111000 ,真木,37.707037,138.954464,0,1
1818,15,108,112000 ,巻,37.761337,138.896103,0,1
1819,15,108,113000 ,巻東町,37.757492,138.93924,0,1
1820,15,108,114000 ,巻大原,37.806504,138.882739,0,1
1821,15,108,115000 ,牧ケ島,37.72365,138.933082,0,1
1822,15,108,116000 ,槇島,37.787556,138.901836,0,1
1823,15,108,117000 ,升岡,37.815142,138.957759,0,1
1824,15,108,118000 ,升潟,37.808979,138.932814,0,1
1825,15,108,119000 ,間瀬,37.728237,138.805019,0,1
1826,15,108,120000 ,松郷屋,37.764037,138.850558,0,1
1827,15,108,121000 ,松崎,37.787004,138.945879,0,1
1828,15,108,122000 ,松野尾,37.79878,138.872067,0,1
1829,15,108,123000 ,松山,37.794816,138.862339,0,1
1830,15,108,124000 ,馬堀,37.736978,138.909446,0,1
1831,15,108,125000 ,美里,37.752659,138.952442,0,1
1832,15,108,126000 ,三ツ門,37.731509,138.977112,0,1
1833,15,108,127000 ,南,37.741426,138.942757,0,1
1834,15,108,128000 ,南谷内,37.715088,138.850649,0,1
1835,15,108,129000 ,峰岡,37.756092,138.846026,0,1
1836,15,108,130000 ,門田,37.713023,138.981854,3,1
1837,15,108,131000 ,矢島,37.777465,138.923224,0,1
1838,15,108,132000 ,山口新田,37.776937,138.970381,0,1
1839,15,108,133000 ,山島,37.758947,138.926072,0,1
1840,15,108,134000 ,横曽根,37.734179,138.858895,0,1
1841,15,108,135000 ,横戸,37.784541,138.960357,0,1
1842,15,108,136000 ,與兵衛野新田,37.817749,138.964791,0,1
1843,15,108,137000 ,鎧潟,37.771954,138.934704,0,1
1844,15,108,138000 ,六分,37.710944,138.984178,0,1
1845,15,108,139000 ,鷲ノ木,37.756,138.864756,0,1
1846,15,108,140000 ,和納,37.723251,138.88576,0,1
1847,15,108,141001 ,和納一丁目,37.721182,138.878028,0,3
1848,15,108,141002 ,和納二丁目,37.725679,138.877597,0,3
1849,15,108,141003 ,和納三丁目,37.730372,138.878767,0,3
1850,15,108,142000 ,割前,37.773844,138.887237,0,1
1851,15,202,1000 ,青木町,37.41199,138.855164,0,1
1852,15,202,2000 ,青島町,37.399861,138.816837,0,1
1853,15,202,3001 ,青葉台一丁目,37.446789,138.74945,0,3
1854,15,202,3002 ,青葉台二丁目,37.442125,138.749296,0,3
1855,15,202,3003 ,青葉台三丁目,37.442383,138.756122,0,3
1856,15,202,3004 ,青葉台四丁目,37.440279,138.75157,0,3
1857,15,202,3005 ,青葉台五丁目,37.437802,138.754005,0,3
1858,15,202,4000 ,青山新町,37.412048,138.829869,0,1
1859,15,202,5000 ,青山町,37.409156,138.82738,0,1
1860,15,202,6000 ,赤谷,37.43767,139.014303,0,1
1861,15,202,7000 ,赤沼,37.589857,138.868911,0,1
1862,15,202,8000 ,明戸,37.501788,139.003657,0,1
1863,15,202,9001 ,曙一丁目,37.425562,138.848994,0,3
1864,15,202,9002 ,曙二丁目,37.427583,138.85004,0,3
1865,15,202,9003 ,曙三丁目,37.430173,138.851351,0,3
1866,15,202,10000 ,朝日,37.394454,138.768927,0,1
1867,15,202,11001 ,旭町一丁目,37.442396,138.851341,0,3
1868,15,202,11002 ,旭町二丁目,37.443864,138.850745,0,3
1869,15,202,12000 ,東町,37.476425,138.996774,0,1
1870,15,202,13000 ,麻生田町,37.459478,138.909488,0,1
1871,15,202,14001 ,愛宕一丁目,37.456737,138.862312,0,3
1872,15,202,14002 ,愛宕二丁目,37.457351,138.86067,0,3
1873,15,202,14003 ,愛宕三丁目,37.458346,138.85947,0,3
1874,15,202,15000 ,雨池町,37.468559,138.815822,0,1
1875,15,202,16000 ,天下島,37.462711,138.999525,0,1
1876,15,202,17001 ,天下島一丁目,37.46983,139.001169,0,3
1877,15,202,17002 ,天下島二丁目,37.467784,139.002588,0,3
1878,15,202,18000 ,阿弥陀瀬,37.542906,138.782629,0,1
1879,15,202,19000 ,荒巻,37.567741,138.787255,0,1
1880,15,202,20001 ,新町一丁目,37.460575,138.855825,0,3
1881,15,202,20002 ,新町二丁目,37.463359,138.857195,0,3
1882,15,202,20003 ,新町三丁目,37.465592,138.858976,0,3
1883,15,202,21000 ,飯島,37.423557,138.809851,0,1
1884,15,202,22000 ,飯島善兵エ古新田,37.423395,138.81498,0,1
1885,15,202,23000 ,飯塚,37.385744,138.756996,0,1
1886,15,202,24000 ,池之島,37.508308,138.876268,0,1
1887,15,202,25001 ,石内一丁目,37.461604,138.85321,0,3
1888,15,202,25002 ,石内二丁目,37.461813,138.85127,0,3
1889,15,202,26001 ,泉一丁目,37.463856,138.853713,0,3
1890,15,202,26002 ,泉二丁目,37.463887,138.851977,0,3
1891,15,202,27000 ,石動町,37.448429,138.794417,0,1
1892,15,202,28000 ,石動南町,37.442959,138.790936,0,1
1893,15,202,29000 ,一之貝,37.436603,138.958291,0,1
1894,15,202,30000 ,一之渡戸,37.48846,138.987571,0,1
1895,15,202,31000 ,稲島,37.562303,138.859023,0,1
1896,15,202,32001 ,稲保一丁目,37.480531,138.875565,0,3
1897,15,202,32002 ,稲保二丁目,37.480582,138.872323,0,3
1898,15,202,32003 ,稲保三丁目,37.482655,138.87479,0,3
1899,15,202,32004 ,稲保四丁目,37.480896,138.869754,0,3
1900,15,202,33001 ,今井一丁目,37.424173,138.827302,0,3
1901,15,202,33002 ,今井二丁目,37.42483,138.830104,0,3
1902,15,202,33003 ,今井三丁目,37.426887,138.831459,0,3
1903,15,202,34000 ,今井町,37.428169,138.830618,0,1
1904,15,202,35000 ,入塩川,37.464237,139.046176,0,1
1905,15,202,36000 ,岩田,37.378165,138.733784,0,1
1906,15,202,37000 ,岩野,37.371124,138.810623,0,1
1907,15,202,38000 ,上田町,37.449696,138.844305,0,1
1908,15,202,39000 ,上の原町,37.468742,138.997046,0,1
1909,15,202,40000 ,梅野俣,37.512015,139.073312,0,1
1910,15,202,41000 ,浦,37.3924,138.802331,0,1
1911,15,202,42000 ,浦瀬町,37.468245,138.910385,0,1
1912,15,202,43000 ,瓜生,37.510789,138.803836,0,1
1913,15,202,44000 ,上沼新田,37.57632,138.850681,0,1
1914,15,202,46000 ,海老島勇次新田,37.553947,138.828949,0,1
1915,15,202,47000 ,王番田町,37.46554,138.789339,0,1
1916,15,202,48000 ,大字日越,37.43944,138.781346,0,1
1917,15,202,49000 ,大荒戸町,37.48168,138.801342,0,1
1918,15,202,50000 ,大川戸,37.453647,139.016813,0,1
1919,15,202,51000 ,大川原町,37.368733,138.82322,0,1
1920,15,202,52000 ,大口,37.520745,138.866958,0,1
1921,15,202,53001 ,大島新町一丁目,37.445141,138.827134,0,3
1922,15,202,53002 ,大島新町二丁目,37.445144,138.825244,0,3
1923,15,202,53003 ,大島新町三丁目,37.445437,138.823383,0,3
1924,15,202,53004 ,大島新町四丁目,37.446926,138.818792,0,3
1925,15,202,53005 ,大島新町五丁目,37.447604,138.820188,0,3
1926,15,202,54001 ,大島本町一丁目,37.442872,138.826495,0,3
1927,15,202,54002 ,大島本町二丁目,37.442095,138.824561,0,3
1928,15,202,54003 ,大島本町三丁目,37.442459,138.821493,0,3
1929,15,202,54004 ,大島本町四丁目,37.444087,138.820134,0,3
1930,15,202,54005 ,大島本町五丁目,37.445569,138.818548,0,3
1931,15,202,55000 ,大島町,37.441263,138.826812,0,1
1932,15,202,56000 ,大積折渡町,37.432037,138.703833,0,1
1933,15,202,57000 ,大積熊上町,37.426149,138.711315,0,1
1934,15,202,58000 ,大積千本町,37.408281,138.714582,0,1
1935,15,202,59000 ,大積善間町,37.442389,138.722886,0,1
1936,15,202,60000 ,大積高鳥町,37.395366,138.714857,0,1
1937,15,202,61000 ,大積田代町,37.410772,138.706835,0,1
1938,15,202,62000 ,大積灰下町,37.404173,138.724376,0,1
1939,15,202,63001 ,大積町一丁目,37.429921,138.732711,0,3
1940,15,202,63002 ,大積町二丁目,37.422375,138.734836,0,3
1941,15,202,63003 ,大積町三丁目,37.416513,138.726461,0,3
1942,15,202,64000 ,大積三島谷町,37.450869,138.707868,0,1
1943,15,202,65001 ,大手通一丁目,37.446869,138.852007,0,3
1944,15,202,65002 ,大手通二丁目,37.447927,138.849098,0,3
1945,15,202,66000 ,大沼新田,37.607211,138.876617,0,1
1946,15,202,67000 ,大野,37.499395,138.798487,0,1
1947,15,202,68000 ,大曲戸,37.513574,138.882869,0,1
1948,15,202,69000 ,大町,37.427978,138.857655,0,1
1949,15,202,70001 ,大町一丁目,37.428839,138.860641,0,3
1950,15,202,70002 ,大町二丁目,37.429472,138.859311,0,3
1951,15,202,70003 ,大町三丁目,37.431144,138.859857,0,3
1952,15,202,71000 ,大宮町,37.428231,138.827301,0,1
1953,15,202,72001 ,大山一丁目,37.440855,138.820512,0,3
1954,15,202,72002 ,大山二丁目,37.441733,138.816988,0,3
1955,15,202,72003 ,大山三丁目,37.443013,138.816754,0,3
1956,15,202,73000 ,岡村町,37.44896,138.831414,0,1
1957,15,202,74001 ,沖田一丁目,37.44428,138.865904,0,3
1958,15,202,74002 ,沖田二丁目,37.446456,138.865204,0,3
1959,15,202,74003 ,沖田三丁目,37.445619,138.868913,0,3
1960,15,202,75001 ,荻野一丁目,37.471957,138.835778,0,3
1961,15,202,75002 ,荻野二丁目,37.472576,138.838087,0,3
1962,15,202,76000 ,荻野町,37.468022,138.839942,0,1
1963,15,202,77000 ,小国町相野原,37.29084,138.683268,0,1
1964,15,202,78000 ,小国町新町,37.290514,138.712512,0,1
1965,15,202,79000 ,小国町大貝,37.236674,138.693104,0,1
1966,15,202,80000 ,小国町小国沢,37.276072,138.724749,0,1
1967,15,202,81000 ,小国町上岩田,37.283488,138.708124,0,1
1968,15,202,82000 ,小国町上新田,37.329208,138.716213,0,1
1969,15,202,83000 ,小国町上谷内新田,37.29506,138.710938,0,1
1970,15,202,84000 ,小国町桐沢,37.303345,138.734386,0,1
1971,15,202,85000 ,小国町小栗山,37.276236,138.683662,0,1
1972,15,202,86000 ,小国町苔野島,37.248938,138.701074,0,1
1973,15,202,87000 ,小国町下新田,37.332884,138.718759,0,1
1974,15,202,88000 ,小国町諏訪井,37.247507,138.723004,0,1
1975,15,202,89000 ,小国町武石,37.326774,138.689485,0,1
1976,15,202,90000 ,小国町太郎丸,37.270849,138.712482,0,1
1977,15,202,91000 ,小国町千谷沢,37.328445,138.73702,0,1
1978,15,202,92000 ,小国町七日町,37.317765,138.726245,0,1
1979,15,202,93000 ,小国町楢沢,37.284033,138.735594,0,1
1980,15,202,94000 ,小国町二本柳,37.299259,138.703294,0,1
1981,15,202,95000 ,小国町八王子,37.293556,138.658868,0,1
1982,15,202,96000 ,小国町原,37.258626,138.697637,0,1
1983,15,202,97000 ,小国町法坂,37.296833,138.72022,0,1
1984,15,202,98000 ,小国町法末,37.263987,138.737509,0,1
1985,15,202,99000 ,小国町三桶,37.243293,138.713661,0,1
1986,15,202,100000 ,小国町森光,37.265886,138.685841,0,1
1987,15,202,101000 ,小国町山野田,37.247841,138.679971,0,1
1988,15,202,102000 ,小国町横沢,37.309734,138.69271,0,1
1989,15,202,103000 ,押切川原町,37.506117,138.885174,0,1
1990,15,202,104000 ,押切新田,37.509035,138.883115,0,1
1991,15,202,105000 ,小島谷,37.560895,138.769128,0,1
1992,15,202,106000 ,乙吉町,37.445817,138.914474,0,1
1993,15,202,107000 ,思川新田,37.511583,138.890444,0,1
1994,15,202,108001 ,表町一丁目,37.446996,138.845677,0,3
1995,15,202,108002 ,表町二丁目,37.449207,138.84776,0,3
1996,15,202,108003 ,表町三丁目,37.450423,138.848431,0,3
1997,15,202,108004 ,表町四丁目,37.451966,138.849055,0,3
1998,15,202,109000 ,親沢町,37.40997,138.754178,0,1
1999,15,202,110000 ,御山町,37.427668,138.883212,0,1
2000,15,202,111000 ,柿町,37.404607,138.875167,0,1
2001,15,202,112000 ,籠田,37.570234,138.744484,0,1
2002,15,202,113001 ,柏町一丁目,37.442399,138.846551,0,3
2003,15,202,113002 ,柏町二丁目,37.444419,138.847216,0,3
2004,15,202,114001 ,春日一丁目,37.447442,138.842595,0,3
2005,15,202,114002 ,春日二丁目,37.448891,138.84247,0,3
2006,15,202,115000 ,片田町,37.393568,138.83935,0,1
2007,15,202,116001 ,学校町一丁目,37.43942,138.86169,0,3
2008,15,202,116002 ,学校町二丁目,37.441953,138.861176,0,3
2009,15,202,116003 ,学校町三丁目,37.444238,138.860429,0,3
2010,15,202,117000 ,加津保町,37.476609,138.923097,0,1
2011,15,202,118000 ,桂町,37.48311,138.91697,0,1
2012,15,202,119000 ,金沢,37.47707,139.014731,0,1
2013,15,202,120001 ,金沢一丁目,37.480265,138.996515,0,3
2014,15,202,120002 ,金沢二丁目,37.476984,138.998212,0,3
2015,15,202,120003 ,金沢三丁目,37.476458,139.000667,0,3
2016,15,202,120004 ,金沢四丁目,37.475513,139.004615,0,3
2017,15,202,120005 ,金沢五丁目,37.477496,139.004881,0,3
2018,15,202,120006 ,金沢六丁目,37.477235,139.008332,0,3
2019,15,202,121001 ,要町一丁目,37.423514,138.835931,0,3
2020,15,202,121002 ,要町二丁目,37.427539,138.839397,0,3
2021,15,202,121003 ,要町三丁目,37.42963,138.840508,0,3
2022,15,202,122001 ,金房一丁目,37.436777,138.851535,0,3
2023,15,202,122002 ,金房二丁目,37.438126,138.853115,0,3
2024,15,202,122003 ,金房三丁目,37.439667,138.853127,0,3
2025,15,202,123001 ,金町一丁目,37.479011,138.994697,0,3
2026,15,202,123002 ,金町二丁目,37.481974,138.994206,0,3
2027,15,202,124000 ,釜ケ島,37.38372,138.814711,0,1
2028,15,202,125000 ,釜沢町,37.396047,138.861026,0,1
2029,15,202,126000 ,上岩井,37.489058,138.775283,0,1
2030,15,202,127000 ,上樫出,37.486936,139.028136,0,1
2031,15,202,128000 ,上桐,37.590277,138.786586,0,1
2032,15,202,129000 ,上塩,37.510298,139.054628,0,1
2033,15,202,130000 ,上新田,37.330296,138.713623,0,1
2034,15,202,131001 ,上富岡一丁目,37.424443,138.786535,0,3
2035,15,202,131002 ,上富岡二丁目,37.42413,138.782643,0,3
2036,15,202,132000 ,上富岡町,37.424921,138.776317,0,1
2037,15,202,133000 ,上除町,37.450992,138.786272,0,1
2038,15,202,134001 ,上除町西一丁目,37.448032,138.778429,0,3
2039,15,202,134002 ,上除町西二丁目,37.451645,138.77921,0,3
2040,15,202,135000 ,上野町,37.487897,138.838489,0,1
2041,15,202,136000 ,上前島町,37.400561,138.824988,0,1
2042,15,202,137000 ,神谷,37.403318,138.79759,0,1
2043,15,202,138000 ,上柳町,37.497031,138.83672,0,1
2044,15,202,139000 ,亀貝町,37.473328,138.884935,0,1
2045,15,202,140000 ,亀ケ谷新田,37.548035,138.865433,3,1
2046,15,202,141000 ,亀崎町,37.483636,138.929987,0,1
2047,15,202,142000 ,鴉ケ島,37.513269,138.990261,0,1
2048,15,202,143000 ,軽井沢,37.43331,138.936388,0,1
2049,15,202,144000 ,川口相川,37.293894,138.851094,0,1
2050,15,202,145000 ,川口荒谷,37.304077,138.858948,0,1
2051,15,202,146000 ,川口牛ヶ島,37.280383,138.843919,0,1
2052,15,202,147000 ,川口木沢,37.290213,138.884994,0,1
2053,15,202,148000 ,川口田麦山,37.214006,138.855526,0,1
2054,15,202,149000 ,川口峠,37.297608,138.879713,0,1
2055,15,202,150000 ,川口中山,37.268263,138.873823,0,1
2056,15,202,151000 ,川口武道窪,37.289346,138.863124,0,1
2057,15,202,152000 ,川口和南津,37.255799,138.88375,0,1
2058,15,202,153001 ,川崎一丁目,37.44921,138.864818,0,3
2059,15,202,153002 ,川崎二丁目,37.450521,138.867768,0,3
2060,15,202,153003 ,川崎三丁目,37.452035,138.871168,0,3
2061,15,202,153004 ,川崎四丁目,37.452908,138.865118,0,3
2062,15,202,153005 ,川崎五丁目,37.454935,138.86779,0,3
2063,15,202,153006 ,川崎六丁目,37.454771,138.872674,0,3
2064,15,202,154000 ,河根川町,37.476586,138.794294,0,1
2065,15,202,155000 ,川袋町,37.515771,138.837357,0,1
2066,15,202,156000 ,川辺町,37.521584,138.857404,0,1
2067,15,202,157000 ,寒沢,37.412836,138.998405,0,1
2068,15,202,158000 ,雁島町,37.502223,138.824768,0,1
2069,15,202,159001 ,神田町一丁目,37.45437,138.852807,0,3
2070,15,202,159002 ,神田町二丁目,37.455999,138.853937,0,3
2071,15,202,159003 ,神田町三丁目,37.457974,138.854839,0,3
2072,15,202,160000 ,関東町,37.452318,138.852313,0,1
2073,15,202,161000 ,気比宮,37.506629,138.778045,0,1
2074,15,202,162000 ,北園町,37.477725,138.859006,0,1
2075,15,202,163000 ,北荷頃,37.452341,138.979673,0,1
2076,15,202,164001 ,北山一丁目,37.437963,138.817832,0,3
2077,15,202,164002 ,北山二丁目,37.43873,138.815039,0,3
2078,15,202,164003 ,北山三丁目,37.440395,138.816067,0,3
2079,15,202,164004 ,北山四丁目,37.439778,138.818889,0,3
2080,15,202,165000 ,北山町,37.438145,138.820094,0,1
2081,15,202,166000 ,狐興野,37.55633,138.837136,0,1
2082,15,202,167001 ,希望が丘一丁目,37.442778,138.812187,0,3
2083,15,202,167002 ,希望が丘二丁目,37.44434,138.812488,0,3
2084,15,202,167003 ,希望が丘三丁目,37.446226,138.812432,0,3
2085,15,202,167004 ,希望が丘四丁目,37.448334,138.812837,0,3
2086,15,202,168005 ,希望が丘南五丁目,37.439508,138.809762,0,3
2087,15,202,168006 ,希望が丘南六丁目,37.441781,138.810135,0,3
2088,15,202,169000 ,木山沢,37.416231,138.98343,0,1
2089,15,202,170000 ,九川,37.511938,139.095106,0,1
2090,15,202,171001 ,草生津一丁目,37.441178,138.838725,0,3
2091,15,202,171002 ,草生津二丁目,37.442752,138.838935,0,3
2092,15,202,171003 ,草生津三丁目,37.443921,138.839788,0,3
2093,15,202,172000 ,草生津町,37.452743,138.832868,0,1
2094,15,202,173000 ,熊袋,37.499574,139.037963,0,1
2095,15,202,174000 ,雲出町,37.463744,138.763555,0,1
2096,15,202,175000 ,栗山沢,37.396415,139.015324,0,1
2097,15,202,176000 ,黒坂,37.582939,138.794115,0,1
2098,15,202,177000 ,黒津町,37.507252,138.840736,0,1
2099,15,202,178000 ,稽古町,37.456241,138.856733,0,1
2100,15,202,179001 ,今朝白一丁目,37.446405,138.859479,0,3
2101,15,202,179002 ,今朝白二丁目,37.448845,138.860005,0,3
2102,15,202,179003 ,今朝白三丁目,37.4507,138.860426,0,3
2103,15,202,180000 ,下条町,37.404266,138.835631,0,1
2104,15,202,181001 ,江陽一丁目,37.475878,138.836822,0,3
2105,15,202,181002 ,江陽二丁目,37.478144,138.835999,0,3
2106,15,202,182000 ,越路中沢,37.415223,138.797128,0,1
2107,15,202,183000 ,越路中島,37.408809,138.811379,0,1
2108,15,202,184001 ,古正寺一丁目,37.454715,138.819592,0,3
2109,15,202,184002 ,古正寺二丁目,37.457237,138.820487,0,3
2110,15,202,184003 ,古正寺三丁目,37.458981,138.821071,0,3
2111,15,202,185000 ,古正寺町,37.455899,138.814531,0,1
2112,15,202,186000 ,小曽根町,37.462963,138.88247,0,1
2113,15,202,187000 ,五反田町,37.460022,138.773424,0,1
2114,15,202,188000 ,小貫,37.490042,138.970738,0,1
2115,15,202,189001 ,寿一丁目,37.47475,138.853399,0,3
2116,15,202,189002 ,寿二丁目,37.477173,138.853973,0,3
2117,15,202,189003 ,寿三丁目,37.483987,138.854786,0,3
2118,15,202,190001 ,呉服町一丁目,37.452573,138.850771,0,3
2119,15,202,190002 ,呉服町二丁目,37.454253,138.851466,0,3
2120,15,202,191000 ,小向,37.435431,139.027445,0,1
2121,15,202,192000 ,西所,37.5774,138.865796,0,1
2122,15,202,193000 ,才津西町,37.434234,138.797556,0,1
2123,15,202,194000 ,才津東町,37.437949,138.803734,0,1
2124,15,202,195000 ,才津南町,37.43044,138.792951,0,1
2125,15,202,196001 ,幸町一丁目,37.437672,138.841656,0,3
2126,15,202,196002 ,幸町二丁目,37.437272,138.839646,0,3
2127,15,202,196003 ,幸町三丁目,37.437358,138.838056,0,3
2128,15,202,197001 ,蔵王一丁目,37.465967,138.852845,0,3
2129,15,202,197002 ,蔵王二丁目,37.467933,138.853037,0,3
2130,15,202,197003 ,蔵王三丁目,37.47099,138.852537,0,3
2131,15,202,198000 ,蔵王町,37.470487,138.846573,0,1
2132,15,202,199000 ,堺東町,37.456934,138.812101,0,1
2133,15,202,200000 ,堺町,37.462012,138.810936,0,1
2134,15,202,201001 ,栄町一丁目,37.484335,138.990959,0,3
2135,15,202,201002 ,栄町二丁目,37.484332,138.992632,0,3
2136,15,202,201003 ,栄町三丁目,37.484546,138.995312,0,3
2137,15,202,202000 ,逆谷,37.526697,138.771354,0,1
2138,15,202,203001 ,坂之上町一丁目,37.446992,138.848461,0,3
2139,15,202,203002 ,坂之上町二丁目,37.449247,138.849653,0,3
2140,15,202,203003 ,坂之上町三丁目,37.4509,138.850086,0,3
2141,15,202,204000 ,鷺巣町,37.400323,138.855592,0,1
2142,15,202,205001 ,左近一丁目,37.428341,138.834828,0,3
2143,15,202,205002 ,左近二丁目,37.430526,138.8371,0,3
2144,15,202,205003 ,左近三丁目,37.4311,138.838535,0,3
2145,15,202,206000 ,左近町,37.436625,138.831063,0,1
2146,15,202,207001 ,笹崎一丁目,37.425981,138.847061,0,3
2147,15,202,207002 ,笹崎二丁目,37.428388,138.848512,0,3
2148,15,202,207003 ,笹崎三丁目,37.430677,138.850257,0,3
2149,15,202,208000 ,篠花,37.417157,138.815888,0,1
2150,15,202,209000 ,沢下条,37.402114,138.742379,0,1
2151,15,202,210001 ,沢田一丁目,37.425825,138.844434,0,3
2152,15,202,210002 ,沢田二丁目,37.428002,138.845928,0,3
2153,15,202,210003 ,沢田三丁目,37.431559,138.848205,0,3
2154,15,202,211000 ,三瀬ケ谷,37.577217,138.793525,0,1
2155,15,202,212000 ,三之宮町,37.491419,138.818747,0,1
2156,15,202,213000 ,三俵野町,37.357881,138.824479,0,1
2157,15,202,214001 ,三和一丁目,37.432023,138.841776,0,3
2158,15,202,214002 ,三和二丁目,37.434165,138.841466,0,3
2159,15,202,214003 ,三和三丁目,37.43385,138.838825,0,3
2160,15,202,215000 ,三和町,37.432552,138.839459,0,1
2161,15,202,216000 ,塩新町,37.505308,139.065909,0,1
2162,15,202,217000 ,塩中,37.512642,139.081294,0,1
2163,15,202,218001 ,地蔵一丁目,37.454636,138.863795,0,3
2164,15,202,218002 ,地蔵二丁目,37.456858,138.864709,0,3
2165,15,202,219000 ,七軒町,37.500976,138.881813,0,1
2166,15,202,220001 ,信濃一丁目,37.447627,138.838079,0,3
2167,15,202,220002 ,信濃二丁目,37.45024,138.837518,0,3
2168,15,202,221000 ,寺宝町,37.471917,138.798054,0,1
2169,15,202,222000 ,島崎,37.586129,138.765871,0,1
2170,15,202,223000 ,島田,37.540841,138.841312,0,1
2171,15,202,224000 ,下樫出,37.495379,139.023511,0,1
2172,15,202,225000 ,下河根川,37.500413,138.805338,0,1
2173,15,202,226001 ,下々条一丁目,37.480847,138.862567,0,3
2174,15,202,226002 ,下々条二丁目,37.484137,138.863061,0,3
2175,15,202,226003 ,下々条三丁目,37.487351,138.862724,0,3
2176,15,202,226004 ,下々条四丁目,37.490684,138.861702,0,3
2177,15,202,227000 ,下々条町,37.488343,138.86772,0,1
2178,15,202,228000 ,下塩,37.518651,139.029029,0,1
2179,15,202,229000 ,下新田,37.333073,138.715414,0,1
2180,15,202,230000 ,下富岡,37.563191,138.778464,0,1
2181,15,202,231001 ,下柳一丁目,37.470398,138.834815,0,3
2182,15,202,231002 ,下柳二丁目,37.473114,138.834166,0,3
2183,15,202,231003 ,下柳三丁目,37.475723,138.833185,0,3
2184,15,202,232001 ,下山一丁目,37.433032,138.812888,0,3
2185,15,202,232002 ,下山二丁目,37.434751,138.811694,0,3
2186,15,202,232003 ,下山三丁目,37.436906,138.812696,0,3
2187,15,202,232004 ,下山四丁目,37.436649,138.814496,0,3
2188,15,202,232005 ,下山五丁目,37.43631,138.816676,0,3
2189,15,202,232006 ,下山六丁目,37.434511,138.814973,0,3
2190,15,202,233000 ,下山町,37.433019,138.81819,0,1
2191,15,202,234000 ,十二潟町,37.51121,138.866062,0,1
2192,15,202,235001 ,城岡一丁目,37.467303,138.860084,0,3
2193,15,202,235002 ,城岡二丁目,37.47095,138.86165,0,3
2194,15,202,235003 ,城岡三丁目,37.475905,138.86335,0,3
2195,15,202,236000 ,成願寺町,37.429551,138.920254,0,1
2196,15,202,237000 ,上条町,37.425667,138.852495,0,1
2197,15,202,238001 ,城内町一丁目,37.445872,138.85174,0,3
2198,15,202,238002 ,城内町二丁目,37.447958,138.852949,0,3
2199,15,202,238003 ,城内町三丁目,37.450153,138.853697,0,3
2200,15,202,239000 ,定明町,37.41233,138.837539,0,1
2201,15,202,240001 ,昭和一丁目,37.457442,138.848335,0,3
2202,15,202,240002 ,昭和二丁目,37.459834,138.848526,0,3
2203,15,202,241001 ,四郎丸一丁目,37.439328,138.856896,0,3
2204,15,202,241002 ,四郎丸二丁目,37.441,138.855913,0,3
2205,15,202,241003 ,四郎丸三丁目,37.44182,138.856755,0,3
2206,15,202,241004 ,四郎丸四丁目,37.443681,138.856743,0,3
2207,15,202,242000 ,四郎丸町,37.445931,138.862864,0,1
2208,15,202,243000 ,白鳥町,37.452719,138.76393,0,1
2209,15,202,244000 ,新開町,37.49955,138.837916,0,1
2210,15,202,245000 ,新組町,37.499339,138.874063,0,1
2211,15,202,246000 ,新組南町,37.49357,138.879831,0,1
2212,15,202,247001 ,新栄町一丁目,37.48921,138.996092,0,3
2213,15,202,247002 ,新栄町二丁目,37.489094,138.997698,0,3
2214,15,202,247003 ,新栄町三丁目,37.487883,138.998668,0,3
2215,15,202,248001 ,新産一丁目,37.439633,138.796642,0,3
2216,15,202,248002 ,新産二丁目,37.43791,138.791732,0,3
2217,15,202,248003 ,新産三丁目,37.434443,138.791474,0,3
2218,15,202,248004 ,新産四丁目,37.435414,138.788021,0,3
2219,15,202,249000 ,新産東町,37.438868,138.800288,0,1
2220,15,202,250000 ,信条南,37.587209,138.849148,0,1
2221,15,202,251001 ,新陽一丁目,37.433578,138.75416,0,3
2222,15,202,251002 ,新陽二丁目,37.428761,138.755465,0,3
2223,15,202,252001 ,水道町一丁目,37.45564,138.841763,0,3
2224,15,202,252002 ,水道町二丁目,37.455565,138.843709,0,3
2225,15,202,252003 ,水道町三丁目,37.456637,138.845499,0,3
2226,15,202,252004 ,水道町四丁目,37.458176,138.845338,0,3
2227,15,202,252005 ,水道町五丁目,37.460387,138.846046,0,3
2228,15,202,253001 ,末広一丁目,37.431158,138.854524,0,3
2229,15,202,253002 ,末広二丁目,37.431852,138.855293,0,3
2230,15,202,253003 ,末広三丁目,37.433167,138.856442,0,3
2231,15,202,254000 ,菅畑,37.456123,139.026569,0,1
2232,15,202,255000 ,杉之森,37.542312,138.871241,3,1
2233,15,202,256001 ,住吉一丁目,37.433101,138.852009,0,3
2234,15,202,256002 ,住吉二丁目,37.434941,138.851572,0,3
2235,15,202,256003 ,住吉三丁目,37.436299,138.853534,0,3
2236,15,202,257000 ,李崎町,37.530997,138.83233,0,1
2237,15,202,258000 ,栖吉町,37.404815,138.913522,0,1
2238,15,202,259000 ,西陵町,37.465607,138.751889,0,1
2239,15,202,260000 ,関根,37.536855,138.848732,0,1
2240,15,202,261000 ,関原西町,37.458875,138.777135,0,1
2241,15,202,262000 ,関原東町,37.455928,138.780668,0,1
2242,15,202,263001 ,関原町一丁目,37.442743,138.768618,0,3
2243,15,202,263002 ,関原町二丁目,37.454236,138.77334,0,3
2244,15,202,263003 ,関原町三丁目,37.455819,138.768267,0,3
2245,15,202,263005 ,関原町五丁目,37.450617,138.7692,0,3
2246,15,202,264001 ,関原南一丁目,37.450042,138.775432,0,3
2247,15,202,264002 ,関原南二丁目,37.447908,138.774513,0,3
2248,15,202,264003 ,関原南三丁目,37.449646,138.7716,0,3
2249,15,202,264004 ,関原南四丁目,37.445789,138.774488,0,3
2250,15,202,264005 ,関原南五丁目,37.447542,138.771168,0,3
2251,15,202,265001 ,摂田屋一丁目,37.412385,138.84579,0,3
2252,15,202,265002 ,摂田屋二丁目,37.412688,138.843856,0,3
2253,15,202,265003 ,摂田屋三丁目,37.414945,138.842439,0,3
2254,15,202,265004 ,摂田屋四丁目,37.415285,138.840794,0,3
2255,15,202,265005 ,摂田屋五丁目,37.417011,138.837953,0,3
2256,15,202,266000 ,摂田屋町,37.41505,138.833047,0,1
2257,15,202,267000 ,芹川町,37.495352,138.823173,0,1
2258,15,202,268001 ,千歳一丁目,37.43752,138.84935,0,3
2259,15,202,268002 ,千歳二丁目,37.437194,138.846426,0,3
2260,15,202,268003 ,千歳三丁目,37.438802,138.847056,0,3
2261,15,202,269001 ,千手一丁目,37.439691,138.844327,0,3
2262,15,202,269002 ,千手二丁目,37.44181,138.844164,0,3
2263,15,202,269003 ,千手三丁目,37.444481,138.844316,0,3
2264,15,202,270001 ,千秋一丁目,37.45399,138.825613,0,3
2265,15,202,270002 ,千秋二丁目,37.459035,138.827639,0,3
2266,15,202,270003 ,千秋三丁目,37.463721,138.829697,0,3
2267,15,202,270004 ,千秋四丁目,37.466839,138.832637,0,3
2268,15,202,271000 ,大黒町,37.495965,138.886135,0,1
2269,15,202,272000 ,大保,37.530074,138.861154,3,1
2270,15,202,273001 ,台町一丁目,37.444855,138.854537,0,3
2271,15,202,273002 ,台町二丁目,37.446824,138.855321,0,3
2272,15,202,274000 ,平,37.46826,139.020781,0,1
2273,15,202,275001 ,平一丁目,37.472733,139.003775,0,3
2274,15,202,275002 ,平二丁目,37.470502,139.005884,0,3
2275,15,202,275003 ,平三丁目,37.466714,139.00564,0,3
2276,15,202,275004 ,平四丁目,37.468056,139.008876,0,3
2277,15,202,275005 ,平五丁目,37.464953,139.007797,0,3
2278,15,202,276000 ,高島町,37.384304,138.825867,0,1
2279,15,202,277000 ,高瀬町,37.462749,138.79985,0,1
2280,15,202,278000 ,高寺町,37.434616,138.772616,0,1
2281,15,202,279000 ,高頭町,37.432095,138.759899,0,1
2282,15,202,280000 ,高野町,37.491869,138.809417,0,1
2283,15,202,281000 ,高畑町,37.421973,138.86327,0,1
2284,15,202,282001 ,高町一丁目,37.420309,138.86683,0,3
2285,15,202,282002 ,高町二丁目,37.418124,138.865844,0,3
2286,15,202,282003 ,高町三丁目,37.415426,138.864096,0,3
2287,15,202,282004 ,高町四丁目,37.413145,138.864169,0,3
2288,15,202,283001 ,高見一丁目,37.498959,138.866204,0,3
2289,15,202,283002 ,高見二丁目,37.499243,138.863461,0,3
2290,15,202,284000 ,高見町,37.504342,138.861287,0,1
2291,15,202,285001 ,宝一丁目,37.480987,138.85699,0,3
2292,15,202,285002 ,宝二丁目,37.482675,138.857826,0,3
2293,15,202,285003 ,宝三丁目,37.484706,138.858307,0,3
2294,15,202,285004 ,宝四丁目,37.487406,138.859761,0,3
2295,15,202,285005 ,宝五丁目,37.489999,138.858672,0,3
2296,15,202,286000 ,滝之口,37.493824,139.052043,0,1
2297,15,202,287000 ,滝の下町,37.472504,138.997671,0,1
2298,15,202,288000 ,滝谷町,37.368487,138.835859,0,1
2299,15,202,289000 ,竹之高地町,37.379943,138.899632,0,1
2300,15,202,290000 ,竹町,37.398146,138.850247,0,1
2301,15,202,291000 ,田之口,37.435592,138.98003,0,1
2302,15,202,292000 ,千谷沢,37.340772,138.704262,0,1
2303,15,202,293000 ,中永,37.509617,138.751565,0,1
2304,15,202,294000 ,中央公園,37.47839,138.993327,0,1
2305,15,202,295000 ,中条北,37.581107,138.845389,0,1
2306,15,202,296000 ,千代栄町,37.443925,138.883115,0,1
2307,15,202,297000 ,塚野山,37.348948,138.726015,0,1
2308,15,202,298000 ,土ケ谷,37.469453,138.963048,0,1
2309,15,202,299000 ,堤町,37.478112,138.839013,0,1
2310,15,202,300000 ,坪根,37.50994,138.87111,0,1
2311,15,202,301000 ,鶴ケ曽根,37.550474,138.867371,3,1
2312,15,202,302001 ,鉄工町一丁目,37.470703,138.828488,0,3
2313,15,202,302002 ,鉄工町二丁目,37.472972,138.827553,0,3
2314,15,202,303000 ,寺島町,37.459534,138.837082,0,1
2315,15,202,304000 ,寺泊吉,37.63479,138.783973,0,1
2316,15,202,305000 ,寺泊赤坂,37.641608,138.776584,0,1
2317,15,202,306000 ,寺泊小豆曽根,37.626982,138.818696,0,1
2318,15,202,307000 ,寺泊雨池,37.655734,138.779273,0,1
2319,15,202,308000 ,寺泊荒町,37.64737,138.769984,0,1
2320,15,202,309000 ,寺泊有信,37.596629,138.796243,0,1
2321,15,202,310000 ,寺泊磯町,37.653391,138.773546,0,1
2322,15,202,311000 ,寺泊一枚田,37.650555,138.773998,0,1
2323,15,202,312000 ,寺泊一里塚,37.645385,138.773711,0,1
2324,15,202,313000 ,寺泊入軽井,37.595141,138.811236,0,1
2325,15,202,314000 ,寺泊岩方,37.582236,138.822917,0,1
2326,15,202,315000 ,寺泊上田町,37.647017,138.766566,0,1
2327,15,202,316000 ,寺泊烏帽子平,37.635479,138.774665,0,1
2328,15,202,317000 ,寺泊円上寺,37.64633,138.786745,0,1
2329,15,202,318000 ,寺泊円上寺山,37.641222,138.787992,0,1
2330,15,202,319000 ,寺泊大地,37.637857,138.789929,0,1
2331,15,202,320000 ,寺泊大町,37.644131,138.767467,0,1
2332,15,202,321000 ,寺泊大和田,37.619611,138.761342,0,1
2333,15,202,322000 ,寺泊小川町,37.637666,138.762788,0,1
2334,15,202,323000 ,寺泊片町,37.642184,138.765875,0,1
2335,15,202,324000 ,寺泊金山,37.627527,138.759794,0,1
2336,15,202,325000 ,寺泊蟹沢,37.650699,138.780485,0,1
2337,15,202,326000 ,寺泊上荒町,37.63905,138.763447,0,1
2338,15,202,327000 ,寺泊上片町,37.640763,138.765543,0,1
2339,15,202,328000 ,寺泊川崎,37.624641,138.804091,0,1
2340,15,202,329000 ,寺泊木島,37.60739,138.789928,0,1
2341,15,202,330000 ,寺泊北曽根,37.621858,138.823881,0,1
2342,15,202,331000 ,寺泊京ケ入,37.639438,138.797046,0,1
2343,15,202,332000 ,寺泊切替,37.652839,138.78712,0,1
2344,15,202,333000 ,寺泊蔵場町,37.64759,138.773562,0,1
2345,15,202,334000 ,寺泊香清水,37.637557,138.765765,0,1
2346,15,202,335000 ,寺泊庚塚,37.653556,138.777671,0,1
2347,15,202,336000 ,寺泊郷本,37.607502,138.751093,0,1
2348,15,202,337000 ,寺泊越ノ浦,37.651432,138.776333,0,1
2349,15,202,338000 ,寺泊五分一,37.60031,138.790472,0,1
2350,15,202,339000 ,寺泊小屋場,37.658794,138.781755,0,1
2351,15,202,340000 ,寺泊坂井町,37.649977,138.771442,0,1
2352,15,202,341000 ,寺泊敷ノ川,37.649607,138.77741,0,1
2353,15,202,342000 ,寺泊志戸橋,37.596623,138.747962,0,1
2354,15,202,343000 ,寺泊下荒町,37.64863,138.770494,0,1
2355,15,202,344000 ,寺泊下桐,37.609035,138.803886,0,1
2356,15,202,345000 ,寺泊下窪田,37.64342,138.7977,0,1
2357,15,202,346000 ,寺泊下曽根,37.626345,138.807385,0,1
2358,15,202,347000 ,寺泊下中条,37.619477,138.832494,0,1
2359,15,202,348000 ,寺泊白岩,37.657504,138.774935,0,1
2360,15,202,349000 ,寺泊新長,37.628158,138.825194,0,1
2361,15,202,350000 ,寺泊千駄越,37.653415,138.779232,0,1
2362,15,202,351000 ,寺泊高内,37.60182,138.823129,0,1
2363,15,202,352000 ,寺泊田頭,37.600709,138.767543,0,1
2364,15,202,353000 ,寺泊竹森,37.620825,138.815208,0,1
2365,15,202,354000 ,寺泊田尻,37.587958,138.818112,0,1
2366,15,202,355000 ,寺泊田ノ尻,37.629045,138.762291,0,1
2367,15,202,356000 ,寺泊敦ケ曽根,37.616144,138.82688,0,1
2368,15,202,357000 ,寺泊当新田,37.632256,138.807442,0,1
2369,15,202,358000 ,寺泊戸崎,37.624241,138.796117,0,1
2370,15,202,359000 ,寺泊年友,37.621417,138.775529,0,1
2371,15,202,360000 ,寺泊殿林,37.642817,138.79707,0,1
2372,15,202,361000 ,寺泊中曽根,37.6344,138.817581,0,1
2373,15,202,362000 ,寺泊長峯,37.624334,138.760541,0,1
2374,15,202,363000 ,寺泊名子山,37.639259,138.781071,0,1
2375,15,202,364000 ,寺泊夏戸,37.609989,138.776869,0,1
2376,15,202,365000 ,寺泊七曲,37.64465,138.780922,0,1
2377,15,202,366000 ,寺泊仁ケ村外新田,37.587249,138.826241,0,1
2378,15,202,367000 ,寺泊二ノ関,37.641121,138.769692,0,1
2379,15,202,368000 ,寺泊鼠山,37.646197,138.776157,0,1
2380,15,202,369000 ,寺泊野積,37.686231,138.79283,0,1
2381,15,202,370000 ,寺泊硲田,37.605295,138.796696,0,1
2382,15,202,371000 ,寺泊花立,37.632337,138.762756,0,1
2383,15,202,372000 ,寺泊万善寺,37.610147,138.821143,0,1
2384,15,202,373000 ,寺泊引岡,37.626215,138.78506,0,1
2385,15,202,374000 ,寺泊平野新村新田,37.59559,138.823009,0,1
2386,15,202,375000 ,寺泊蛇塚,37.639837,138.815444,0,1
2387,15,202,376000 ,寺泊弁才天,37.635778,138.798009,0,1
2388,15,202,377000 ,寺泊町軽井,37.598452,138.826882,0,1
2389,15,202,378000 ,寺泊松沢町,37.635843,138.762555,0,1
2390,15,202,379000 ,寺泊松田,37.594314,138.765022,0,1
2391,15,202,380000 ,寺泊湊町,37.662359,138.774213,0,1
2392,15,202,381000 ,寺泊箕輪,37.633986,138.792852,0,1
2393,15,202,382000 ,寺泊明ケ谷,37.592756,138.759898,0,1
2394,15,202,383000 ,寺泊本弁,37.630481,138.799701,0,1
2395,15,202,384000 ,寺泊求草,37.60823,138.812416,0,1
2396,15,202,385000 ,寺泊本山,37.633173,138.799593,0,1
2397,15,202,386000 ,寺泊矢田,37.579263,138.803099,0,1
2398,15,202,387000 ,寺泊藪田,37.658683,138.78595,0,1
2399,15,202,388000 ,寺泊山田,37.589254,138.740443,0,1
2400,15,202,389000 ,寺泊横掛,37.634158,138.767032,0,1
2401,15,202,390000 ,寺泊鰐口,37.618706,138.805709,0,1
2402,15,202,391000 ,天神町,37.509962,138.849846,0,1
2403,15,202,392001 ,土合一丁目,37.433166,138.854464,0,3
2404,15,202,392002 ,土合二丁目,37.43539,138.85573,0,3
2405,15,202,392003 ,土合三丁目,37.435459,138.85808,0,3
2406,15,202,392004 ,土合四丁目,37.436752,138.858408,0,3
2407,15,202,392005 ,土合五丁目,37.437757,138.857407,0,3
2408,15,202,393000 ,土合町,37.43167,138.867658,0,1
2409,15,202,394000 ,十日町,37.384646,138.838259,0,1
2410,15,202,395000 ,栃尾旭町,37.470911,139.002639,0,1
2411,15,202,396000 ,栃尾新町,37.47957,138.990766,0,1
2412,15,202,397000 ,栃尾泉,37.447274,139.002694,0,1
2413,15,202,398000 ,栃尾岩野外新田,37.504114,138.9934,0,1
2414,15,202,399000 ,栃尾大野,37.464504,138.986266,0,1
2415,15,202,400001 ,栃尾大野町一丁目,37.469441,138.990875,0,3
2416,15,202,400002 ,栃尾大野町二丁目,37.467292,138.987938,0,3
2417,15,202,400003 ,栃尾大野町三丁目,37.469833,138.993866,0,3
2418,15,202,400004 ,栃尾大野町四丁目,37.467227,138.993319,0,3
2419,15,202,401000 ,栃尾大町,37.476978,138.991361,0,1
2420,15,202,402000 ,栃尾表町,37.474181,138.99323,0,1
2421,15,202,403000 ,栃尾島田,37.485425,139.05689,0,1
2422,15,202,404000 ,栃尾原,37.482502,139.00743,0,1
2423,15,202,405001 ,栃尾原町一丁目,37.481591,139.000582,0,3
2424,15,202,405002 ,栃尾原町二丁目,37.480714,139.001477,0,3
2425,15,202,405003 ,栃尾原町三丁目,37.480623,139.004421,0,3
2426,15,202,405004 ,栃尾原町四丁目,37.483171,138.998792,0,3
2427,15,202,405005 ,栃尾原町五丁目,37.485759,139.000095,0,3
2428,15,202,406000 ,栃尾本町,37.476988,138.994166,0,1
2429,15,202,407000 ,栃尾町,37.475783,138.984248,0,1
2430,15,202,408000 ,栃尾宮沢,37.457209,139.00034,0,1
2431,15,202,409000 ,栃尾山田,37.480593,138.977902,0,1
2432,15,202,410000 ,栃尾山田町,37.482009,138.988979,0,1
2433,15,202,411000 ,栃堀,37.436758,139.07254,0,1
2434,15,202,412001 ,殿町一丁目,37.444639,138.851899,0,3
2435,15,202,412002 ,殿町二丁目,37.44526,138.84958,0,3
2436,15,202,412003 ,殿町三丁目,37.446051,138.848107,0,3
2437,15,202,413000 ,富島町,37.472245,138.889346,0,1
2438,15,202,414000 ,豊田町,37.429662,138.855492,0,1
2439,15,202,415000 ,豊詰町,37.40494,138.844662,0,1
2440,15,202,416000 ,鳥越,37.474974,138.74768,0,1
2441,15,202,417000 ,中,37.416101,138.96898,0,1
2442,15,202,418000 ,中潟町,37.352493,138.831096,0,1
2443,15,202,419001 ,長倉一丁目,37.435571,138.87343,0,3
2444,15,202,419002 ,長倉二丁目,37.434003,138.870504,0,3
2445,15,202,419003 ,長倉三丁目,37.435306,138.869871,0,3
2446,15,202,419004 ,長倉四丁目,37.437499,138.868618,0,3
2447,15,202,420000 ,長倉西町,37.434925,138.866418,0,1
2448,15,202,421000 ,長倉町,37.432077,138.874183,0,1
2449,15,202,422000 ,長倉南町,37.432851,138.868344,0,1
2450,15,202,423000 ,中興野,37.521576,138.879246,0,1
2451,15,202,424000 ,仲子町,37.474372,138.998837,0,1
2452,15,202,425000 ,中西,37.581121,138.872938,0,1
2453,15,202,426001 ,中沢一丁目,37.438535,138.878698,0,3
2454,15,202,426002 ,中沢二丁目,37.442018,138.877923,0,3
2455,15,202,426003 ,中沢三丁目,37.442324,138.874551,0,3
2456,15,202,426004 ,中沢四丁目,37.442051,138.871722,0,3
2457,15,202,427000 ,中沢町,37.446358,138.875964,0,1
2458,15,202,428001 ,中島一丁目,37.452872,138.838999,0,3
2459,15,202,428002 ,中島二丁目,37.452619,138.841174,0,3
2460,15,202,428003 ,中島三丁目,37.452669,138.843223,0,3
2461,15,202,428004 ,中島四丁目,37.453291,138.84596,0,3
2462,15,202,428005 ,中島五丁目,37.454396,138.848546,0,3
2463,15,202,428006 ,中島六丁目,37.455799,138.850022,0,3
2464,15,202,428007 ,中島七丁目,37.459031,138.850395,0,3
2465,15,202,429001 ,中瀬一丁目,37.487156,138.857169,0,3
2466,15,202,429002 ,中瀬二丁目,37.48894,138.856617,0,3
2467,15,202,430001 ,永田一丁目,37.462554,138.871243,0,3
2468,15,202,430002 ,永田二丁目,37.464849,138.871149,0,3
2469,15,202,430003 ,永田三丁目,37.466228,138.872206,0,3
2470,15,202,430004 ,永田四丁目,37.464696,138.874079,0,3
2471,15,202,431000 ,永田町,37.468535,138.875995,0,1
2472,15,202,432001 ,長町一丁目,37.453382,138.854159,0,3
2473,15,202,432002 ,長町二丁目,37.456979,138.855592,0,3
2474,15,202,433001 ,中貫町一丁目,37.436663,138.88426,0,3
2475,15,202,433002 ,中貫町二丁目,37.438074,138.882613,0,3
2476,15,202,433003 ,中貫町三丁目,37.439322,138.881301,0,3
2477,15,202,434000 ,中之島,37.537218,138.87451,0,1
2478,15,202,435000 ,中之島高畑,37.539091,138.862667,3,1
2479,15,202,436000 ,中之島中条,37.572444,138.839099,0,1
2480,15,202,437000 ,中之島宮内,37.549152,138.836905,0,1
2481,15,202,438000 ,中野中,37.556956,138.853398,0,1
2482,15,202,439000 ,中野西,37.556765,138.848131,0,1
2483,15,202,440000 ,中野東,37.552003,138.855872,3,1
2484,15,202,441000 ,長峰町,37.435652,138.783725,0,1
2485,15,202,442000 ,長呂,37.540613,138.837898,0,1
2486,15,202,443000 ,七日市,37.481595,138.778841,0,1
2487,15,202,444000 ,並木新田,37.548401,138.83096,0,1
2488,15,202,445000 ,成沢町,37.51726,138.822954,0,1
2489,15,202,446001 ,南陽一丁目,37.412938,138.825622,0,3
2490,15,202,446002 ,南陽二丁目,37.417896,138.82772,0,3
2491,15,202,447001 ,新保一丁目,37.463102,138.868058,0,3
2492,15,202,447002 ,新保二丁目,37.463447,138.864045,0,3
2493,15,202,447003 ,新保三丁目,37.466269,138.864485,0,3
2494,15,202,447004 ,新保四丁目,37.46572,138.868561,0,3
2495,15,202,447005 ,新保五丁目,37.467753,138.865418,0,3
2496,15,202,447006 ,新保六丁目,37.468151,138.868913,0,3
2497,15,202,448000 ,新保町,37.47271,138.868157,0,1
2498,15,202,449000 ,濁沢町,37.364216,138.875452,0,1
2499,15,202,450001 ,西新町一丁目,37.462099,138.855178,0,3
2500,15,202,450002 ,西新町二丁目,37.465155,138.856034,0,3
2501,15,202,451000 ,西片貝町,37.428347,138.905778,0,1
2502,15,202,452000 ,西川口,37.26334,138.852872,0,1
2503,15,202,453000 ,西神田町,37.460232,138.853498,0,1
2504,15,202,454001 ,西神田町一丁目,37.456756,138.852921,0,3
2505,15,202,454002 ,西神田町二丁目,37.459156,138.853317,0,3
2506,15,202,455001 ,錦一丁目,37.429654,138.857402,0,3
2507,15,202,455002 ,錦二丁目,37.430847,138.85746,0,3
2508,15,202,455003 ,錦三丁目,37.432356,138.857792,0,3
2509,15,202,456001 ,西蔵王一丁目,37.463522,138.850402,0,3
2510,15,202,456002 ,西蔵王二丁目,37.465066,138.850073,0,3
2511,15,202,456003 ,西蔵王三丁目,37.467264,138.849808,0,3
2512,15,202,457001 ,西千手一丁目,37.440791,138.841044,0,3
2513,15,202,457002 ,西千手二丁目,37.44226,138.841601,0,3
2514,15,202,457003 ,西千手三丁目,37.44394,138.842344,0,3
2515,15,202,458000 ,西高山新田,37.573719,138.873822,0,1
2516,15,202,459000 ,西谷,37.361735,138.720893,0,1
2517,15,202,460000 ,西津町,37.430226,138.799754,0,1
2518,15,202,461000 ,西中野俣,37.394432,138.978929,0,1
2519,15,202,462000 ,西野,37.42076,138.804487,0,1
2520,15,202,463000 ,西野俣,37.426081,138.976425,0,1
2521,15,202,464001 ,西宮内一丁目,37.425763,138.834705,0,3
2522,15,202,464002 ,西宮内二丁目,37.428664,138.837793,0,3
2523,15,202,465001 ,日赤町一丁目,37.450042,138.842175,0,3
2524,15,202,465002 ,日赤町二丁目,37.449498,138.840107,0,3
2525,15,202,465003 ,日赤町三丁目,37.449337,138.838708,0,3
2526,15,202,466000 ,楡原,37.495053,138.992436,0,1
2527,15,202,467000 ,猫興野,37.551413,138.875218,0,1
2528,15,202,468000 ,根小屋,37.569424,138.79524,0,1
2529,15,202,469000 ,野口,37.561089,138.872975,3,1
2530,15,202,470000 ,灰島新田,37.528662,138.871884,0,1
2531,15,202,471001 ,蓮潟一丁目,37.464285,138.821931,0,3
2532,15,202,471002 ,蓮潟二丁目,37.467762,138.8225,0,3
2533,15,202,471003 ,蓮潟三丁目,37.470261,138.825935,0,3
2534,15,202,471004 ,蓮潟四丁目,37.467672,138.826352,0,3
2535,15,202,471005 ,蓮潟五丁目,37.46555,138.825492,0,3
2536,15,202,472000 ,蓮潟町,37.475137,138.823339,0,1
2537,15,202,473000 ,鉢伏町,37.427096,138.868275,0,1
2538,15,202,474000 ,花井町,37.507031,138.819808,0,1
2539,15,202,475001 ,花園一丁目,37.432587,138.860266,0,3
2540,15,202,475002 ,花園二丁目,37.434057,138.860421,0,3
2541,15,202,475003 ,花園三丁目,37.435138,138.861611,0,3
2542,15,202,476001 ,花園東一丁目,37.432916,138.864282,0,3
2543,15,202,476002 ,花園東二丁目,37.434419,138.864415,0,3
2544,15,202,477001 ,原町一丁目,37.481195,138.860136,0,3
2545,15,202,477002 ,原町二丁目,37.485074,138.860957,0,3
2546,15,202,478000 ,半蔵金,37.386893,138.945476,0,1
2547,15,202,479000 ,東新町,37.458333,138.857764,0,1
2548,15,202,480001 ,東新町一丁目,37.459924,138.857654,0,3
2549,15,202,480002 ,東新町二丁目,37.461536,138.858313,0,3
2550,15,202,480003 ,東新町三丁目,37.463547,138.85915,0,3
2551,15,202,481000 ,東が丘,37.472103,139.008008,0,1
2552,15,202,482000 ,東片貝町,37.439037,138.89543,0,1
2553,15,202,483000 ,東川口,37.27686,138.850775,0,1
2554,15,202,484001 ,東神田一丁目,37.455142,138.861773,0,3
2555,15,202,484002 ,東神田二丁目,37.454607,138.860164,0,3
2556,15,202,484003 ,東神田三丁目,37.455694,138.858529,0,3
2557,15,202,485001 ,東蔵王一丁目,37.46801,138.856462,0,3
2558,15,202,485002 ,東蔵王二丁目,37.472103,138.857556,0,3
2559,15,202,485003 ,東蔵王三丁目,37.475821,138.857336,0,3
2560,15,202,486001 ,東坂之上町一丁目,37.446443,138.849773,0,3
2561,15,202,486002 ,東坂之上町二丁目,37.448831,138.850875,0,3
2562,15,202,486003 ,東坂之上町三丁目,37.450495,138.851842,0,3
2563,15,202,487001 ,東高見一丁目,37.502233,138.865795,0,3
2564,15,202,487002 ,東高見二丁目,37.507729,138.864197,0,3
2565,15,202,488000 ,東谷,37.348688,138.749156,0,1
2566,15,202,489000 ,東中野俣,37.394013,138.99743,0,1
2567,15,202,490000 ,東宮内町,37.423378,138.845635,0,1
2568,15,202,491000 ,人面,37.518633,139.013867,0,1
2569,15,202,492000 ,日野浦,37.545032,138.760183,0,1
2570,15,202,493000 ,百束町,37.497931,138.898231,0,1
2571,15,202,494000 ,平中野俣,37.501714,139.091749,0,1
2572,15,202,495000 ,比礼,37.453246,138.946711,0,1
2573,15,202,496000 ,深沢町,37.41271,138.775692,0,1
2574,15,202,497000 ,吹谷,37.429641,138.992506,0,1
2575,15,202,498000 ,福井町,37.497977,138.89059,0,1
2576,15,202,499001 ,福住一丁目,37.449507,138.856264,0,3
2577,15,202,499002 ,福住二丁目,37.4514,138.856926,0,3
2578,15,202,499003 ,福住三丁目,37.453151,138.857518,0,3
2579,15,202,500000 ,福戸町,37.482187,138.811631,0,1
2580,15,202,501000 ,福原,37.559057,138.837747,0,1
2581,15,202,502000 ,福道町,37.476021,138.811687,0,1
2582,15,202,503001 ,袋町一丁目,37.451431,138.854919,0,3
2583,15,202,503002 ,袋町二丁目,37.452317,138.855177,0,3
2584,15,202,503003 ,袋町三丁目,37.453443,138.855683,0,3
2585,15,202,504000 ,藤川,37.510533,138.793595,0,1
2586,15,202,505001 ,藤沢一丁目,37.474682,138.84014,0,3
2587,15,202,505002 ,藤沢二丁目,37.476544,138.84155,0,3
2588,15,202,506000 ,藤沢町,37.474368,138.844322,0,1
2589,15,202,507001 ,藤橋一丁目,37.430465,138.78566,0,3
2590,15,202,507002 ,藤橋二丁目,37.436314,138.785838,0,3
2591,15,202,508000 ,二ツ郷屋,37.503928,139.017181,0,1
2592,15,202,509000 ,二日町,37.511411,139.039962,0,1
2593,15,202,510000 ,不動沢,37.365822,138.746547,0,1
2594,15,202,511000 ,船江町,37.448507,138.844563,0,1
2595,15,202,512000 ,文納,37.517217,139.00187,0,1
2596,15,202,513001 ,平島一丁目,37.419257,138.832416,0,3
2597,15,202,513002 ,平島二丁目,37.422222,138.828257,0,3
2598,15,202,513003 ,平島三丁目,37.422803,138.832038,0,3
2599,15,202,514000 ,平島町,37.418841,138.834145,0,1
2600,15,202,515000 ,宝地町,37.454163,138.79873,0,1
2601,15,202,516001 ,北陽一丁目,37.487987,138.87492,0,3
2602,15,202,516002 ,北陽二丁目,37.486036,138.872289,0,3
2603,15,202,516003 ,北陽三丁目,37.483537,138.870131,3,3
2604,15,202,517001 ,干場一丁目,37.452349,138.862049,0,3
2605,15,202,517002 ,干場二丁目,37.452942,138.859944,0,3
2606,15,202,518001 ,堀金一丁目,37.458633,138.872575,0,3
2607,15,202,518002 ,堀金二丁目,37.460284,138.873776,0,3
2608,15,202,518003 ,堀金三丁目,37.462261,138.873912,0,3
2609,15,202,519000 ,堀金町,37.460188,138.87774,0,1
2610,15,202,520000 ,本所,37.465829,139.064341,0,1
2611,15,202,521001 ,本町一丁目,37.448184,138.845895,0,3
2612,15,202,521002 ,本町二丁目,37.450152,138.846754,0,3
2613,15,202,521003 ,本町三丁目,37.452032,138.847176,0,3
2614,15,202,522000 ,本津川,37.461102,138.965091,0,1
2615,15,202,523000 ,品之木,37.528846,138.852078,3,1
2616,15,202,524000 ,前島町,37.409098,138.820265,0,1
2617,15,202,525001 ,前田一丁目,37.43649,138.862184,0,3
2618,15,202,525002 ,前田二丁目,37.437254,138.863542,0,3
2619,15,202,525003 ,前田三丁目,37.437924,138.861834,0,3
2620,15,202,526000 ,曲新町,37.417325,138.850361,0,1
2621,15,202,527001 ,曲新町一丁目,37.416265,138.844734,0,3
2622,15,202,527002 ,曲新町二丁目,37.418569,138.844131,0,3
2623,15,202,527003 ,曲新町三丁目,37.42073,138.84429,0,3
2624,15,202,528000 ,槇下町,37.4875,138.844793,0,1
2625,15,202,529001 ,巻島一丁目,37.479083,138.833766,0,3
2626,15,202,529002 ,巻島二丁目,37.48178,138.834269,0,3
2627,15,202,530000 ,巻島町,37.481307,138.829669,0,1
2628,15,202,531000 ,巻渕,37.490821,139.006772,0,1
2629,15,202,532001 ,巻渕一丁目,37.485093,139.003537,0,3
2630,15,202,532002 ,巻渕二丁目,37.48373,139.006876,0,3
2631,15,202,532003 ,巻渕三丁目,37.485863,139.006216,0,3
2632,15,202,532004 ,巻渕四丁目,37.487995,139.00298,0,3
2633,15,202,533000 ,槇山町,37.48601,138.835629,0,1
2634,15,202,534000 ,町田町,37.415747,138.859326,0,1
2635,15,202,535000 ,松尾,37.40641,139.020032,0,1
2636,15,202,536000 ,松ケ崎新田,37.570214,138.836779,0,1
2637,15,202,537001 ,松葉一丁目,37.461621,138.848865,0,3
2638,15,202,537002 ,松葉二丁目,37.463727,138.848011,0,3
2639,15,202,538000 ,末宝,37.558137,138.835934,0,1
2640,15,202,539000 ,真野代新田,37.592271,138.836728,0,1
2641,15,202,540000 ,真弓,37.557047,138.873783,3,1
2642,15,202,541001 ,美沢一丁目,37.437938,138.866487,0,3
2643,15,202,541002 ,美沢二丁目,37.439965,138.866367,0,3
2644,15,202,541003 ,美沢三丁目,37.443146,138.8694,0,3
2645,15,202,541004 ,美沢四丁目,37.442634,138.865591,0,3
2646,15,202,542000 ,三島上条,37.513459,138.764913,0,1
2647,15,202,543000 ,三島新保,37.491766,138.801048,0,1
2648,15,202,544000 ,三島中条,37.494398,138.793534,0,1
2649,15,202,545000 ,水穴町,37.47204,138.921916,0,1
2650,15,202,546000 ,水沢,37.506538,138.995067,0,1
2651,15,202,547000 ,水梨町,37.422441,138.82511,0,1
2652,15,202,548001 ,美園一丁目,37.46014,138.867813,0,3
2653,15,202,548002 ,美園二丁目,37.4613,138.86791,0,3
2654,15,202,549001 ,三ツ郷屋一丁目,37.444995,138.815847,0,3
2655,15,202,549002 ,三ツ郷屋二丁目,37.447627,138.81535,0,3
2656,15,202,550000 ,三ツ郷屋町,37.449838,138.815248,0,1
2657,15,202,551001 ,緑町一丁目,37.449736,138.824163,0,3
2658,15,202,551002 ,緑町二丁目,37.449468,138.819865,0,3
2659,15,202,551003 ,緑町三丁目,37.451454,138.819524,0,3
2660,15,202,552000 ,南新保町,37.471408,138.806474,0,1
2661,15,202,553000 ,南七日町,37.443852,138.797532,0,1
2662,15,202,554001 ,南町一丁目,37.441811,138.850253,0,3
2663,15,202,554002 ,南町二丁目,37.441619,138.84862,0,3
2664,15,202,554003 ,南町三丁目,37.441271,138.847311,0,3
2665,15,202,555001 ,宮内一丁目,37.418234,138.840027,0,3
2666,15,202,555002 ,宮内二丁目,37.4202,138.840415,0,3
2667,15,202,555003 ,宮内三丁目,37.422092,138.842528,0,3
2668,15,202,555004 ,宮内四丁目,37.424094,138.842983,0,3
2669,15,202,555005 ,宮内五丁目,37.426787,138.842161,0,3
2670,15,202,555006 ,宮内六丁目,37.429104,138.843319,0,3
2671,15,202,555007 ,宮内七丁目,37.430686,138.844051,0,3
2672,15,202,555008 ,宮内八丁目,37.432526,138.845474,0,3
2673,15,202,556000 ,宮内町,37.423179,138.848897,0,1
2674,15,202,557001 ,宮栄一丁目,37.419542,138.836141,0,3
2675,15,202,557002 ,宮栄二丁目,37.421472,138.83773,0,3
2676,15,202,557003 ,宮栄三丁目,37.424325,138.840065,0,3
2677,15,202,558000 ,宮沢,37.511514,138.781632,0,1
2678,15,202,559000 ,宮下町,37.466762,138.891982,0,1
2679,15,202,560000 ,宮路町,37.45438,138.916738,0,1
2680,15,202,561001 ,宮関一丁目,37.468683,138.83022,0,3
2681,15,202,561002 ,宮関二丁目,37.46978,138.832382,0,3
2682,15,202,561003 ,宮関三丁目,37.470927,138.831345,0,3
2683,15,202,561004 ,宮関四丁目,37.474224,138.830729,0,3
2684,15,202,562000 ,宮関町,37.467203,138.836847,0,1
2685,15,202,563001 ,宮原一丁目,37.434217,138.843625,0,3
2686,15,202,563002 ,宮原二丁目,37.436215,138.843936,0,3
2687,15,202,563003 ,宮原三丁目,37.437868,138.843967,0,3
2688,15,202,564000 ,宮本東方町,37.441939,138.737671,0,1
2689,15,202,565000 ,宮本堀之内町,37.45135,138.730727,0,1
2690,15,202,566001 ,宮本町一丁目,37.451888,138.750774,0,3
2691,15,202,566002 ,宮本町二丁目,37.459084,138.727424,0,3
2692,15,202,566003 ,宮本町三丁目,37.468304,138.723095,0,3
2693,15,202,566004 ,宮本町四丁目,37.456861,138.758492,0,3
2694,15,202,567000 ,妙見町,37.34416,138.839172,0,1
2695,15,202,568000 ,六日市町,37.355418,138.846342,0,1
2696,15,202,569000 ,葎谷,37.48777,139.084115,0,1
2697,15,202,570000 ,村松町,37.383561,138.868563,0,1
2698,15,202,571000 ,森上,37.399946,138.964116,0,1
2699,15,202,572001 ,谷内一丁目,37.475134,138.994911,0,3
2700,15,202,572002 ,谷内二丁目,37.473835,138.99475,0,3
2701,15,202,573000 ,柳原町,37.446971,138.84373,0,1
2702,15,202,574000 ,山口,37.500299,139.02705,0,1
2703,15,202,575000 ,山古志竹沢,37.324603,138.882784,0,1
2704,15,202,576000 ,山古志種苧原,37.355752,138.93428,0,1
2705,15,202,577000 ,山古志南平,37.32963,138.917285,0,1
2706,15,202,578000 ,山古志東竹沢,37.311036,138.914127,0,1
2707,15,202,579000 ,山古志虫亀,37.342412,138.89176,0,1
2708,15,202,580001 ,山田一丁目,37.445126,138.840419,0,3
2709,15,202,580002 ,山田二丁目,37.445762,138.839336,0,3
2710,15,202,580003 ,山田三丁目,37.447087,138.840477,0,3
2711,15,202,581000 ,山屋,37.498146,139.007507,0,1
2712,15,202,582000 ,悠久町,37.4328,138.881791,0,1
2713,15,202,583001 ,悠久町一丁目,37.432844,138.885376,0,3
2714,15,202,583002 ,悠久町二丁目,37.435669,138.88246,0,3
2715,15,202,583003 ,悠久町三丁目,37.436405,138.879206,0,3
2716,15,202,583004 ,悠久町四丁目,37.433953,138.876638,0,3
2717,15,202,584001 ,豊一丁目,37.458907,138.869964,0,3
2718,15,202,584002 ,豊二丁目,37.460893,138.870657,0,3
2719,15,202,585001 ,弓町一丁目,37.441509,138.853265,0,3
2720,15,202,585002 ,弓町二丁目,37.443021,138.853865,0,3
2721,15,202,586000 ,与板町岩方,37.573735,138.818578,0,1
2722,15,202,587002 ,与板町江西二丁目,37.534074,138.817789,0,3
2723,15,202,587003 ,与板町江西三丁目,37.534213,138.81555,0,3
2724,15,202,587004 ,与板町江西四丁目,37.533783,138.814928,0,3
2725,15,202,588001 ,与板町城山一丁目,37.533087,138.805569,0,3
2726,15,202,589000 ,与板町蔦都,37.528531,138.828264,0,1
2727,15,202,590000 ,与板町中田,37.517466,138.804419,0,1
2728,15,202,591000 ,与板町東与板,37.543854,138.820448,0,1
2729,15,202,592000 ,与板町広野,37.517447,138.817383,0,1
2730,15,202,593000 ,与板町槙原,37.521922,138.791181,0,1
2731,15,202,594000 ,与板町馬越,37.567027,138.811915,0,1
2732,15,202,595000 ,与板町南中,37.522378,138.807583,0,1
2733,15,202,596000 ,与板町本与板,37.553544,138.807043,0,1
2734,15,202,597000 ,与板町山沢,37.527662,138.80195,0,1
2735,15,202,598000 ,与板町与板,37.538901,138.80146,0,1
2736,15,202,599000 ,与板町吉津,37.523867,138.817156,0,1
2737,15,202,600001 ,陽光台一丁目,37.437492,138.747273,0,3
2738,15,202,600002 ,陽光台二丁目,37.439037,138.745812,0,3
2739,15,202,600003 ,陽光台三丁目,37.435838,138.744177,0,3
2740,15,202,600004 ,陽光台四丁目,37.433708,138.742665,0,3
2741,15,202,600005 ,陽光台五丁目,37.434467,138.748462,0,3
2742,15,202,601000 ,横枕町,37.404782,138.853688,0,1
2743,15,202,602000 ,横山,37.539088,138.855777,3,1
2744,15,202,603000 ,吉崎,37.496672,138.783232,0,1
2745,15,202,604000 ,吉水,37.489433,139.011442,0,1
2746,15,202,605000 ,四ツ屋町,37.503529,138.905492,0,1
2747,15,202,606000 ,蓬平町,37.364312,138.899073,0,1
2748,15,202,607000 ,来迎寺,37.3903,138.77974,0,1
2749,15,202,608000 ,来伝,37.415636,139.023402,0,1
2750,15,202,609000 ,蓮花寺,37.497784,138.758514,0,1
2751,15,202,610000 ,六所,37.566538,138.870898,3,1
2752,15,202,611001 ,若草町一丁目,37.437003,138.885645,0,3
2753,15,202,611002 ,若草町二丁目,37.439134,138.883541,0,3
2754,15,202,611003 ,若草町三丁目,37.440759,138.881468,0,3
2755,15,202,612000 ,若野浦,37.552163,138.783247,0,1
2756,15,202,613000 ,脇川新田町,37.534286,138.844309,0,1
2757,15,202,614000 ,脇野町,37.502589,138.789884,0,1
2758,15,202,615000 ,山葵谷,37.479928,139.071345,0,1
2759,15,202,616000 ,和島北野,37.580243,138.783644,0,1
2760,15,202,617000 ,和島高畑,37.547841,138.74687,0,1
2761,15,202,618000 ,和島中沢,37.56025,138.757367,0,1
2762,15,202,619000 ,渡沢町,37.365974,138.854777,0,1
2763,15,202,620000 ,渡場町,37.479414,138.843908,0,1
2764,15,202,621000 ,渡里町,37.450776,138.844989,0,1
2765,15,202,622000 ,両高,37.579619,138.743082,0,1
2766,15,202,623000 ,城之丘,37.57284,138.733056,0,1
2767,15,202,624000 ,村田,37.567308,138.734586,0,1
2768,15,202,625000 ,東保内,37.570185,138.7488,0,1
2769,15,202,626000 ,梅田,37.568739,138.756929,0,1
2770,15,202,627000 ,稲葉町,37.476711,138.874113,0,1
2771,15,202,628001 ,稲保南一丁目,37.477967,138.875953,0,3
2772,15,202,628002 ,稲保南二丁目,37.478808,138.872341,1,3
2773,15,202,628003 ,稲保南三丁目,37.477459,138.868502,1,3
2774,15,202,629000 ,福島町,37.483043,138.884968,0,1
2775,15,202,630000 ,大曲戸新田,37.517084,138.881432,0,1
2776,15,202,631000 ,中条新田,37.604862,138.845839,0,1
2777,15,202,632000 ,信条東,37.594925,138.855017,0,1
2778,15,202,633000 ,中之島西野,37.608843,138.867178,0,1
2779,15,202,634000 ,信条西,37.60968,138.85906,0,1
2780,15,202,635000 ,下沼新田,37.599684,138.863998,0,1
2781,15,202,636000 ,三沼,37.593197,138.867458,0,1
2782,15,202,637000 ,小沼新田,37.5967,138.870366,0,1
2783,15,202,638000 ,喜多町,37.451694,138.806831,0,1
2784,15,202,639000 ,七日町,37.444238,138.805611,0,1
2785,15,202,640000 ,福山町,37.447459,138.799218,0,1
2786,15,202,641001 ,琴平一丁目,37.459673,138.863586,0,3
2787,15,202,641002 ,琴平二丁目,37.460987,138.862429,0,3
2788,15,202,641003 ,琴平三丁目,37.463459,138.861117,0,3
2789,15,202,642000 ,川崎町,37.455202,138.875677,0,1
2790,15,202,643001 ,東栄一丁目,37.457855,138.863235,0,3
2791,15,202,643002 ,東栄二丁目,37.458687,138.862087,0,3
2792,15,202,643003 ,東栄三丁目,37.460261,138.860201,0,3
2793,15,202,644001 ,花園南一丁目,37.429838,138.862733,0,3
2794,15,202,644002 ,花園南二丁目,37.431239,138.863577,0,3
2795,15,202,645000 ,東大町,37.427986,138.862289,0,1
2796,15,202,646000 ,北富島,37.477138,138.894208,0,1
2797,15,202,647000 ,中条南,37.5718,138.846183,0,1
2798,15,202,648000 ,中野西部,37.562871,138.837471,0,1
2799,15,202,649000 ,中野北,37.564786,138.852302,0,1
2800,15,202,650000 ,中野南,37.548591,138.852579,3,1
2801,15,202,651000 ,中通西,37.546015,138.841994,0,1
2802,15,202,652001 ,旭岡一丁目,37.42296,138.857075,0,3
2803,15,202,652002 ,旭岡二丁目,37.425604,138.8567,0,3
2804,15,202,653000 ,中之島中央,37.545045,138.866512,3,1
2805,15,202,654000 ,北中之島,37.56276,138.865592,3,1
2806,15,202,655000 ,南中之島,37.533689,138.864884,3,1
2807,15,202,657000 ,中通東,37.535764,138.857489,3,1
2808,15,202,658000 ,川中,37.448988,138.888501,1,1
2809,15,204,1001 ,旭町一丁目,37.631986,138.960651,0,3
2810,15,204,1002 ,旭町二丁目,37.636813,138.962463,0,3
2811,15,204,2000 ,麻布,37.61326,138.998718,0,1
2812,15,204,3000 ,荒沢,37.533952,139.096938,0,1
2813,15,204,4001 ,荒町一丁目,37.63627,138.951154,0,3
2814,15,204,4002 ,荒町二丁目,37.640286,138.95167,0,3
2815,15,204,5000 ,新屋,37.56104,139.085838,0,1
2816,15,204,6000 ,飯田,37.575304,139.050787,0,1
2817,15,204,7000 ,井栗,37.658563,139.002999,0,1
2818,15,204,8001 ,井栗一丁目,37.645327,138.99996,0,3
2819,15,204,8002 ,井栗二丁目,37.646139,139.005973,0,3
2820,15,204,8003 ,井栗三丁目,37.645454,139.008596,0,3
2821,15,204,9001 ,石上一丁目,37.642933,138.947954,0,3
2822,15,204,9002 ,石上二丁目,37.645042,138.953302,0,3
2823,15,204,9003 ,石上三丁目,37.648501,138.958509,0,3
2824,15,204,10000 ,居島,37.630867,138.959228,0,1
2825,15,204,11000 ,泉新田,37.62166,138.914551,0,1
2826,15,204,12001 ,一ノ門一丁目,37.629411,138.966776,0,3
2827,15,204,12002 ,一ノ門二丁目,37.630143,138.968899,0,3
2828,15,204,13000 ,井戸場,37.675603,139.001249,0,1
2829,15,204,14000 ,猪子場新田,37.608262,138.927679,0,1
2830,15,204,15000 ,今井,37.627845,138.925433,0,1
2831,15,204,16000 ,今井野新田,37.62348,138.92425,0,1
2832,15,204,17000 ,岩淵,37.582128,138.924475,0,1
2833,15,204,18000 ,院内,37.547455,139.117353,0,1
2834,15,204,19000 ,上野原,37.622674,139.002775,0,1
2835,15,204,20000 ,牛ケ首,37.583412,139.073417,0,1
2836,15,204,21000 ,牛ケ島,37.634346,138.997175,0,1
2837,15,204,22000 ,牛野尾,37.51656,139.117807,0,1
2838,15,204,23000 ,江口,37.562344,139.064163,0,1
2839,15,204,24000 ,大沢,37.534505,139.032773,0,1
2840,15,204,25000 ,大島,37.666335,138.962534,0,1
2841,15,204,26000 ,大平,37.535937,139.01285,0,1
2842,15,204,27000 ,大谷,37.474065,139.153835,0,1
2843,15,204,28000 ,大野畑,37.628555,138.94028,0,1
2844,15,204,29000 ,大宮新田,37.652478,138.980342,0,1
2845,15,204,30000 ,大面,37.560478,138.948714,0,1
2846,15,204,31000 ,大谷地,37.522075,139.145819,0,1
2847,15,204,32000 ,岡野新田,37.6083,138.908991,0,1
2848,15,204,33000 ,荻島,37.669443,138.978992,0,1
2849,15,204,34000 ,荻堀,37.571783,139.033505,0,1
2850,15,204,35000 ,小古瀬,37.589894,138.891603,0,1
2851,15,204,36000 ,尾崎,37.61938,138.891686,0,1
2852,15,204,37000 ,遅場,37.437983,139.132995,0,1
2853,15,204,38000 ,落合,37.570365,139.076952,0,1
2854,15,204,39000 ,鬼木,37.607358,138.886316,0,1
2855,15,204,40000 ,鬼木新田,37.596283,138.878248,0,1
2856,15,204,41000 ,帯織,37.570404,138.9248,0,1
2857,15,204,42000 ,帯織北,37.577423,138.921368,0,1
2858,15,204,43000 ,帯織南,37.568444,138.916395,0,1
2859,15,204,44000 ,貝喰新田,37.613826,138.920419,0,1
2860,15,204,45000 ,鹿熊,37.563766,139.126134,0,1
2861,15,204,46000 ,篭場,37.60414,138.997542,0,1
2862,15,204,47000 ,笠堀,37.484816,139.235714,0,1
2863,15,204,48000 ,片口,37.606444,138.967383,0,1
2864,15,204,49000 ,嘉坪川,37.650093,138.969907,0,1
2865,15,204,50001 ,嘉坪川一丁目,37.638531,138.969698,0,3
2866,15,204,50002 ,嘉坪川二丁目,37.643345,138.971664,0,3
2867,15,204,51000 ,鹿峠,37.58445,139.040583,0,1
2868,15,204,52000 ,金子新田,37.59898,138.945665,0,1
2869,15,204,53000 ,上大浦,37.581119,139.012522,0,1
2870,15,204,54000 ,上須頃,37.636945,138.937603,0,1
2871,15,204,55000 ,上保内,37.630707,139.023689,0,1
2872,15,204,56000 ,上谷地,37.585158,139.092072,0,1
2873,15,204,57000 ,川通中町,37.617131,138.912898,0,1
2874,15,204,58000 ,川通西町,37.612845,138.900925,0,1
2875,15,204,59000 ,川通東町,37.6208,138.926594,0,1
2876,15,204,60000 ,北五百川,37.537072,139.166448,0,1
2877,15,204,61000 ,北潟,37.559758,138.96453,0,1
2878,15,204,62001 ,北新保一丁目,37.62574,138.958326,0,3
2879,15,204,62002 ,北新保二丁目,37.626643,138.962706,0,3
2880,15,204,63000 ,北中,37.626606,138.972143,0,1
2881,15,204,64001 ,北入蔵一丁目,37.631546,138.981711,0,3
2882,15,204,64002 ,北入蔵二丁目,37.634538,138.986302,0,3
2883,15,204,64003 ,北入蔵三丁目,37.62945,138.98646,0,3
2884,15,204,65000 ,北野新田,37.652933,139.007597,0,1
2885,15,204,66000 ,北四日町,37.626111,138.954825,0,1
2886,15,204,67000 ,九之曽根,37.580037,138.917631,0,1
2887,15,204,68000 ,蔵内,37.583523,138.942034,0,1
2888,15,204,69000 ,栗林,37.65634,138.96287,0,1
2889,15,204,70000 ,栗山,37.510576,139.140798,0,1
2890,15,204,71000 ,桑切,37.554821,139.034807,0,1
2891,15,204,72000 ,高安寺,37.563368,138.934622,0,1
2892,15,204,73001 ,興野一丁目,37.634998,138.968345,0,3
2893,15,204,73002 ,興野二丁目,37.633919,138.971781,0,3
2894,15,204,73003 ,興野三丁目,37.63383,138.975839,0,3
2895,15,204,74000 ,小滝,37.558766,138.937644,0,1
2896,15,204,75000 ,小長沢,37.521237,139.102051,0,1
2897,15,204,76000 ,駒込,37.546572,139.004175,0,1
2898,15,204,77000 ,五明,37.61083,138.95514,0,1
2899,15,204,78000 ,栄荻島,37.582736,138.909748,0,1
2900,15,204,79000 ,桜木町,37.619202,138.948359,0,1
2901,15,204,80000 ,笹岡,37.556659,139.048831,0,1
2902,15,204,81000 ,笹巻,37.542934,139.041123,0,1
2903,15,204,82000 ,三貫地新田,37.664596,138.977421,0,1
2904,15,204,83001 ,三竹一丁目,37.624968,138.977325,0,3
2905,15,204,83002 ,三竹二丁目,37.62627,138.98152,0,3
2906,15,204,83003 ,三竹三丁目,37.62896,138.98234,0,3
2907,15,204,84000 ,山王,37.573307,138.916487,0,1
2908,15,204,85000 ,山王西,37.574863,138.907833,0,1
2909,15,204,86000 ,塩野渕,37.509565,139.147999,0,1
2910,15,204,87000 ,島潟,37.59225,139.019504,0,1
2911,15,204,88000 ,島川原,37.561833,139.052129,0,1
2912,15,204,89001 ,島田一丁目,37.628371,138.947315,0,3
2913,15,204,89002 ,島田二丁目,37.626002,138.946553,0,3
2914,15,204,89003 ,島田三丁目,37.628415,138.944398,0,3
2915,15,204,90000 ,下大浦,37.593944,138.997302,0,1
2916,15,204,91000 ,下坂井,37.627141,138.977443,0,1
2917,15,204,92000 ,下須頃,37.645254,138.944963,0,1
2918,15,204,93000 ,下保内,37.6449,139.024786,0,1
2919,15,204,94000 ,条南町,37.62384,138.946168,0,1
2920,15,204,95000 ,白山新田,37.65737,139.011995,0,1
2921,15,204,96000 ,新保,37.613623,138.961121,0,1
2922,15,204,97000 ,神明町,37.629133,138.961657,0,1
2923,15,204,98001 ,直江町一丁目,37.62406,138.94151,0,3
2924,15,204,98002 ,直江町二丁目,37.624124,138.937904,0,3
2925,15,204,98003 ,直江町三丁目,37.620423,138.934518,0,3
2926,15,204,98004 ,直江町四丁目,37.617957,138.931976,0,3
2927,15,204,99001 ,須頃一丁目,37.647853,138.936332,0,3
2928,15,204,99002 ,須頃二丁目,37.646071,138.940683,0,3
2929,15,204,99003 ,須頃三丁目,37.648889,138.942946,0,3
2930,15,204,100000 ,須戸新田,37.655309,138.996095,0,1
2931,15,204,101001 ,諏訪一丁目,37.620664,138.980177,0,3
2932,15,204,101002 ,諏訪二丁目,37.617837,138.980921,0,3
2933,15,204,101003 ,諏訪三丁目,37.612937,138.982226,0,3
2934,15,204,102000 ,芹山,37.602934,138.898456,0,1
2935,15,204,103000 ,善久寺,37.596642,138.904413,0,1
2936,15,204,104000 ,千把野新田,37.578314,138.899612,0,1
2937,15,204,105000 ,代官島,37.676078,138.980383,0,1
2938,15,204,106000 ,高岡,37.598487,139.004029,0,1
2939,15,204,107000 ,高屋敷,37.580919,139.025207,0,1
2940,15,204,108000 ,滝谷,37.584977,139.024148,0,1
2941,15,204,109001 ,田島一丁目,37.626881,138.968241,0,3
2942,15,204,109002 ,田島二丁目,37.62466,138.97061,0,3
2943,15,204,110000 ,棚鱗,37.539918,139.073876,0,1
2944,15,204,111000 ,田屋,37.554045,139.077314,0,1
2945,15,204,112000 ,茅原,37.582188,138.936078,0,1
2946,15,204,113000 ,中新,37.610513,138.993996,0,1
2947,15,204,114000 ,蝶名林,37.581631,139.102662,0,1
2948,15,204,115000 ,塚野目,37.656859,138.97397,0,1
2949,15,204,116001 ,塚野目一丁目,37.634175,138.980316,0,3
2950,15,204,116002 ,塚野目二丁目,37.636841,138.977204,0,3
2951,15,204,116003 ,塚野目三丁目,37.637911,138.981838,0,3
2952,15,204,116004 ,塚野目四丁目,37.638506,138.974657,0,3
2953,15,204,116005 ,塚野目五丁目,37.641896,138.975072,0,3
2954,15,204,116006 ,塚野目六丁目,37.642335,138.980397,0,3
2955,15,204,117000 ,月岡,37.597388,138.983853,0,1
2956,15,204,118001 ,月岡一丁目,37.615019,138.968307,0,3
2957,15,204,118002 ,月岡二丁目,37.616744,138.976631,0,3
2958,15,204,118003 ,月岡三丁目,37.611604,138.977642,0,3
2959,15,204,118004 ,月岡四丁目,37.607268,138.977511,0,3
2960,15,204,119000 ,鶴田,37.651757,138.989387,0,1
2961,15,204,120001 ,鶴田一丁目,37.637195,138.991232,0,3
2962,15,204,120002 ,鶴田二丁目,37.639383,138.986698,0,3
2963,15,204,120003 ,鶴田三丁目,37.643533,138.985369,0,3
2964,15,204,120004 ,鶴田四丁目,37.645143,138.991586,0,3
2965,15,204,121000 ,東光寺,37.592281,138.937391,0,1
2966,15,204,122000 ,戸口,37.581528,138.930921,0,1
2967,15,204,123000 ,土場,37.615221,138.929659,0,1
2968,15,204,124000 ,中浦,37.571157,139.102765,0,1
2969,15,204,125000 ,長沢,37.556051,139.005275,0,1
2970,15,204,126000 ,中島,37.584616,138.897162,0,1
2971,15,204,127000 ,中曽根新田,37.593807,138.885046,0,1
2972,15,204,128000 ,長野,37.531489,139.121087,0,1
2973,15,204,129000 ,仲之町,37.630565,138.963466,0,1
2974,15,204,130000 ,中野原,37.550587,139.047422,0,1
2975,15,204,131000 ,長嶺,37.587923,138.966135,0,1
2976,15,204,132000 ,楢山,37.537463,139.054793,0,1
2977,15,204,133000 ,新堀,37.590143,138.924422,0,1
2978,15,204,134000 ,濁沢,37.498346,139.119753,0,1
2979,15,204,135001 ,西裏館一丁目,37.634755,138.953961,0,3
2980,15,204,135002 ,西裏館二丁目,37.63801,138.955753,0,3
2981,15,204,135003 ,西裏館三丁目,37.642317,138.95762,0,3
2982,15,204,136000 ,西大崎,37.613536,139.012692,0,1
2983,15,204,137001 ,西大崎一丁目,37.623928,138.985629,0,3
2984,15,204,137002 ,西大崎二丁目,37.618405,138.986626,0,3
2985,15,204,137003 ,西大崎三丁目,37.616357,138.989454,0,3
2986,15,204,138000 ,西潟,37.639228,138.996001,0,1
2987,15,204,139000 ,西鱈田,37.60023,138.957033,0,1
2988,15,204,140000 ,西中,37.610046,138.947123,0,1
2989,15,204,141000 ,西本成寺,37.610608,138.958709,0,1
2990,15,204,142001 ,西本成寺一丁目,37.620408,138.942943,0,3
2991,15,204,142002 ,西本成寺二丁目,37.615329,138.940424,0,3
2992,15,204,143001 ,西四日町一丁目,37.626774,138.951005,0,3
2993,15,204,143002 ,西四日町二丁目,37.623595,138.95221,0,3
2994,15,204,143003 ,西四日町三丁目,37.623817,138.950374,0,3
2995,15,204,143004 ,西四日町四丁目,37.619825,138.95174,0,3
2996,15,204,144000 ,新光,37.650025,138.967681,0,1
2997,15,204,145000 ,新光町,37.642728,138.966006,0,1
2998,15,204,146000 ,入蔵新田,37.583829,138.945794,0,1
2999,15,204,147000 ,如法寺,37.602236,138.97602,0,1
3000,15,204,148000 ,庭月,37.53689,139.109602,0,1
3001,15,204,149000 ,八幡町,37.632745,138.95191,0,1
3002,15,204,150000 ,花渕,37.555144,139.064089,0,1
3003,15,204,151000 ,馬場,37.581294,138.99644,0,1
3004,15,204,152001 ,林町一丁目,37.630116,138.96522,0,3
3005,15,204,152002 ,林町二丁目,37.635784,138.965871,0,3
3006,15,204,153000 ,早水,37.496149,139.108443,0,1
3007,15,204,154000 ,原,37.562915,139.024258,0,1
3008,15,204,155001 ,東裏館一丁目,37.63367,138.957781,0,3
3009,15,204,155002 ,東裏館二丁目,37.636824,138.959339,0,3
3010,15,204,155003 ,東裏館三丁目,37.641644,138.961179,0,3
3011,15,204,156000 ,東大崎,37.60793,139.023458,0,1
3012,15,204,157001 ,東大崎一丁目,37.62752,138.9931,0,3
3013,15,204,157002 ,東大崎二丁目,37.619245,138.995913,0,3
3014,15,204,158001 ,東三条一丁目,37.629329,138.972018,0,3
3015,15,204,158002 ,東三条二丁目,37.631074,138.976151,0,3
3016,15,204,159000 ,東新保,37.621602,138.963424,0,1
3017,15,204,160000 ,東鱈田,37.604532,138.946377,0,1
3018,15,204,161000 ,東本成寺,37.614293,138.947987,0,1
3019,15,204,162000 ,一ツ屋敷新田,37.600832,138.921415,0,1
3020,15,204,163000 ,広手,37.544327,138.991483,0,1
3021,15,204,164000 ,福岡,37.594264,139.008473,0,1
3022,15,204,165000 ,福島新田,37.596713,138.912044,0,1
3023,15,204,166000 ,袋,37.591531,138.949692,0,1
3024,15,204,167001 ,本町一丁目,37.62823,138.959244,0,3
3025,15,204,167002 ,本町二丁目,37.629401,138.957551,0,3
3026,15,204,167003 ,本町三丁目,37.629471,138.95586,0,3
3027,15,204,167004 ,本町四丁目,37.628677,138.953265,0,3
3028,15,204,167005 ,本町五丁目,37.630132,138.951116,0,3
3029,15,204,167006 ,本町六丁目,37.63335,138.948566,0,3
3030,15,204,168000 ,前谷内,37.56897,138.927183,0,1
3031,15,204,169000 ,曲谷,37.600631,139.060131,0,1
3032,15,204,170001 ,曲渕一丁目,37.623124,138.966229,0,3
3033,15,204,170002 ,曲渕二丁目,37.62123,138.972517,0,3
3034,15,204,170003 ,曲渕三丁目,37.618129,138.970163,0,3
3035,15,204,171000 ,松ノ木町,37.628771,138.989253,0,1
3036,15,204,172000 ,三柳,37.639584,139.002075,0,1
3037,15,204,173000 ,南五百川,37.536804,139.12912,0,1
3038,15,204,174000 ,南新保,37.621562,138.960153,0,1
3039,15,204,175000 ,南中,37.569854,139.059238,0,1
3040,15,204,176000 ,南入蔵,37.587861,138.944821,0,1
3041,15,204,177001 ,南四日町一丁目,37.622263,138.957088,0,3
3042,15,204,177002 ,南四日町二丁目,37.619393,138.956704,0,3
3043,15,204,177003 ,南四日町三丁目,37.615574,138.957209,0,3
3044,15,204,177004 ,南四日町四丁目,37.616616,138.95336,0,3
3045,15,204,178000 ,名下,37.50651,139.130827,0,1
3046,15,204,179000 ,葎谷,37.470202,139.123424,0,1
3047,15,204,180000 ,元町,37.631566,138.954448,0,1
3048,15,204,181000 ,森町,37.549149,139.099034,0,1
3049,15,204,182000 ,安代,37.575793,138.933105,0,1
3050,15,204,183000 ,矢田,37.571258,138.9558,0,1
3051,15,204,184000 ,柳川新田,37.662931,138.987702,0,1
3052,15,204,185000 ,柳沢,37.627756,139.007076,0,1
3053,15,204,186000 ,柳場新田,37.665369,138.998666,0,1
3054,15,204,187000 ,由利,37.629185,138.949726,0,1
3055,15,204,188001 ,横町一丁目,37.63165,138.962341,0,3
3056,15,204,188002 ,横町二丁目,37.635488,138.963917,0,3
3057,15,204,189000 ,吉ケ平,37.450936,139.129574,0,1
3058,15,204,190000 ,吉田,37.5895,138.974257,0,1
3059,15,204,191000 ,吉野屋,37.57593,138.962403,0,1
3060,15,204,192000 ,四日町,37.621492,138.95406,0,1
3061,15,204,193000 ,若宮新田,37.591179,138.930948,0,1
3062,15,204,194000 ,渡前,37.598434,138.889086,0,1
3063,15,205,1000 ,青山町,37.430963,138.600198,0,1
3064,15,205,2000 ,赤坂町,37.359467,138.537732,0,1
3065,15,205,3000 ,朝日が丘,37.352438,138.574362,0,1
3066,15,205,4001 ,荒浜一丁目,37.403549,138.583441,0,3
3067,15,205,4002 ,荒浜二丁目,37.408131,138.587819,0,3
3068,15,205,4003 ,荒浜三丁目,37.413502,138.596446,0,3
3069,15,205,4004 ,荒浜四丁目,37.417554,138.593705,0,3
3070,15,205,5000 ,安政町,37.385615,138.565233,0,1
3071,15,205,6001 ,茨目一丁目,37.362091,138.579774,0,3
3072,15,205,6002 ,茨目二丁目,37.360047,138.584076,0,3
3073,15,205,6003 ,茨目三丁目,37.364311,138.584788,0,3
3074,15,205,7000 ,岩上,37.360577,138.571599,0,1
3075,15,205,8001 ,駅前一丁目,37.364453,138.554927,0,3
3076,15,205,8002 ,駅前二丁目,37.366718,138.554757,0,3
3077,15,205,9000 ,扇町,37.366579,138.569841,0,1
3078,15,205,10000 ,大字上輪,37.320546,138.454142,0,1
3079,15,205,11000 ,大字上輪新田,37.325864,138.459813,0,1
3080,15,205,12000 ,大字畔屋,37.3712,138.625236,0,1
3081,15,205,13000 ,大字飯塚,37.409649,138.638717,0,1
3082,15,205,14000 ,大字五十土,37.407506,138.686795,0,1
3083,15,205,15000 ,大字石曽根,37.265587,138.618724,0,1
3084,15,205,16000 ,大字市野新田,37.250078,138.526838,0,1
3085,15,205,17000 ,大字茨目,37.355988,138.58524,0,1
3086,15,205,18000 ,大字芋川,37.305429,138.594861,0,1
3087,15,205,19000 ,大字青海川,37.341233,138.486468,0,1
3088,15,205,20000 ,大字大河内新田,37.330135,138.541496,0,1
3089,15,205,21000 ,大字大沢,37.249711,138.65798,0,1
3090,15,205,22000 ,大字大清水,37.299584,138.423126,0,1
3091,15,205,23000 ,大字大平,37.297506,138.463626,0,1
3092,15,205,24000 ,大字大広田,37.352873,138.679449,0,1
3093,15,205,25000 ,大字大湊,37.442175,138.606533,0,1
3094,15,205,26000 ,大字女谷,37.239566,138.539903,0,1
3095,15,205,27000 ,大字折居,37.22184,138.555731,0,1
3096,15,205,28000 ,大字貝渕,37.321254,138.558621,0,1
3097,15,205,29000 ,大字笠島,37.330649,138.474832,0,1
3098,15,205,30000 ,大字加納,37.317809,138.613132,0,1
3099,15,205,31000 ,大字上田尻,37.354374,138.5981,0,1
3100,15,205,32000 ,大字木沢,37.267562,138.548757,0,1
3101,15,205,33000 ,大字北条,37.341778,138.6379,0,1
3102,15,205,34000 ,大字旧広田,37.351518,138.668009,0,1
3103,15,205,35000 ,大字鯨波,37.321712,138.525999,0,1
3104,15,205,36000 ,大字黒滝,37.312322,138.553261,0,1
3105,15,205,37000 ,大字久米,37.28646,138.596612,0,1
3106,15,205,38000 ,大字劔野,37.346015,138.551856,0,1
3107,15,205,39000 ,大字小黒須,37.416127,138.675211,0,1
3108,15,205,40000 ,大字小島,37.356457,138.642501,0,1
3109,15,205,41000 ,大字小杉,37.315649,138.4848,0,1
3110,15,205,42000 ,大字小田山新田,37.308468,138.599362,0,1
3111,15,205,43000 ,大字佐藤池新田,37.349776,138.589397,0,1
3112,15,205,44000 ,大字佐水,37.293526,138.576227,0,1
3113,15,205,45000 ,大字椎谷,37.475709,138.623821,0,1
3114,15,205,46000 ,大字清水谷,37.240553,138.589833,0,1
3115,15,205,47000 ,大字下大新田,37.39345,138.61895,0,1
3116,15,205,48000 ,大字下方,37.345484,138.557249,0,1
3117,15,205,49000 ,大字下田尻,37.361655,138.600869,0,1
3118,15,205,50000 ,大字上条,37.313819,138.581202,0,1
3119,15,205,51000 ,大字善根,37.304637,138.641,0,1
3120,15,205,52000 ,大字曽地,37.400964,138.662572,0,1
3121,15,205,53000 ,大字曽地新田,37.403115,138.623294,0,1
3122,15,205,54000 ,大字高畔,37.304065,138.448632,0,1
3123,15,205,55000 ,大字田塚,37.36986,138.588002,0,1
3124,15,205,56000 ,大字谷川新田,37.242906,138.580193,0,1
3125,15,205,57000 ,大字田屋,37.284203,138.547183,0,1
3126,15,205,58000 ,大字谷根,37.302405,138.512754,0,1
3127,15,205,59000 ,大字劔,37.387822,138.606055,0,1
3128,15,205,60000 ,大字土合,37.393644,138.600434,0,1
3129,15,205,61000 ,大字土合新田,37.391755,138.610743,0,1
3130,15,205,62000 ,大字東条,37.341775,138.661414,0,1
3131,15,205,63000 ,大字長崎,37.399069,138.601137,0,1
3132,15,205,64000 ,大字長崎新田,37.398737,138.612791,0,1
3133,15,205,65000 ,大字中田,37.376227,138.611007,0,1
3134,15,205,66000 ,大字成沢,37.40388,138.679206,0,1
3135,15,205,67000 ,大字西長鳥,37.367292,138.674621,0,1
3136,15,205,68000 ,大字南下,37.319373,138.583943,0,1
3137,15,205,69000 ,大字野田,37.270034,138.56523,0,1
3138,15,205,70000 ,大字橋場,37.378769,138.593062,0,1
3139,15,205,71000 ,大字花田,37.407012,138.630984,0,1
3140,15,205,72000 ,大字半田,37.349063,138.580174,0,1
3141,15,205,73000 ,大字東長鳥,37.383015,138.697032,0,1
3142,15,205,74000 ,大字平井,37.357732,138.621384,0,1
3143,15,205,75000 ,大字枇杷島,37.341949,138.538835,0,1
3144,15,205,76000 ,大字古町,37.307752,138.575504,0,1
3145,15,205,77000 ,大字細越,37.28145,138.577257,0,1
3146,15,205,78000 ,大字堀,37.330747,138.582825,0,1
3147,15,205,79000 ,大字本条,37.327846,138.652076,0,1
3148,15,205,80000 ,大字水上,37.266427,138.590399,0,1
3149,15,205,81000 ,大字南条,37.325083,138.637816,0,1
3150,15,205,82000 ,大字宮川,37.457229,138.621653,0,1
3151,15,205,83000 ,大字宮川新田,37.259043,138.570265,0,1
3152,15,205,84000 ,大字宮平,37.289447,138.619156,0,1
3153,15,205,85000 ,大字宮之窪,37.304374,138.563748,0,1
3154,15,205,86000 ,大字森近,37.281468,138.638675,0,1
3155,15,205,87000 ,大字安田,37.338639,138.612035,0,1
3156,15,205,88000 ,大字矢田,37.38407,138.635504,0,1
3157,15,205,89000 ,大字山口,37.292718,138.562338,0,1
3158,15,205,90000 ,大字山澗,37.368576,138.647148,0,1
3159,15,205,91000 ,大字山室,37.265873,138.64675,0,1
3160,15,205,92000 ,大字与板,37.299959,138.620338,0,1
3161,15,205,93000 ,大字吉井,37.392206,138.651573,0,1
3162,15,205,94000 ,大字吉井黒川,37.387047,138.670218,0,1
3163,15,205,95000 ,大字吉尾,37.303161,138.483031,0,1
3164,15,205,96000 ,大字与三,37.383635,138.620167,0,1
3165,15,205,97000 ,大字両田尻,37.362387,138.59088,0,1
3166,15,205,98000 ,大字蕨野,37.307782,138.465156,0,1
3167,15,205,99001 ,大久保一丁目,37.364107,138.548656,0,3
3168,15,205,99002 ,大久保二丁目,37.36255,138.543851,0,3
3169,15,205,100000 ,小倉町,37.372811,138.563966,0,1
3170,15,205,101000 ,鏡町,37.366819,138.558782,0,1
3171,15,205,102001 ,春日一丁目,37.37929,138.569725,0,3
3172,15,205,102002 ,春日二丁目,37.38248,138.572668,0,3
3173,15,205,102003 ,春日三丁目,37.384836,138.576541,0,3
3174,15,205,103000 ,学校町,37.373579,138.554396,0,1
3175,15,205,104000 ,北園町,37.380097,138.560392,0,1
3176,15,205,105001 ,北半田一丁目,37.364591,138.573229,0,3
3177,15,205,105002 ,北半田二丁目,37.363869,138.576884,0,3
3178,15,205,106000 ,希望が丘,37.351855,138.570887,0,1
3179,15,205,107001 ,鯨波一丁目,37.357454,138.523483,0,3
3180,15,205,107002 ,鯨波二丁目,37.356505,138.517927,0,3
3181,15,205,107003 ,鯨波三丁目,37.354443,138.511524,0,3
3182,15,205,108000 ,剣野町,37.350893,138.549411,0,1
3183,15,205,109000 ,小金町,37.385437,138.582008,0,1
3184,15,205,110000 ,寿町,37.359849,138.533742,0,1
3185,15,205,111000 ,幸町,37.362458,138.558908,0,1
3186,15,205,112000 ,栄田,37.384869,138.590431,0,1
3187,15,205,113000 ,栄町,37.376754,138.55603,0,1
3188,15,205,114000 ,桜木町,37.381151,138.56716,0,1
3189,15,205,115000 ,三和町,37.365785,138.579332,0,1
3190,15,205,116000 ,城塚,37.357979,138.582348,0,1
3191,15,205,117001 ,城東一丁目,37.352486,138.556282,0,3
3192,15,205,117002 ,城東二丁目,37.352397,138.558529,0,3
3193,15,205,118001 ,新赤坂一丁目,37.355971,138.534546,0,3
3194,15,205,118002 ,新赤坂二丁目,37.357261,138.530809,0,3
3195,15,205,118003 ,新赤坂三丁目,37.353742,138.532973,0,3
3196,15,205,118004 ,新赤坂四丁目,37.355652,138.530064,0,3
3197,15,205,118005 ,新赤坂五丁目,37.351967,138.532485,0,3
3198,15,205,119000 ,新橋,37.364634,138.551743,0,1
3199,15,205,120000 ,新花町,37.376119,138.561678,0,1
3200,15,205,121000 ,諏訪町,37.373521,138.561228,0,1
3201,15,205,122000 ,関町,37.359037,138.553687,0,1
3202,15,205,123000 ,高柳町石黒,37.191986,138.570628,0,1
3203,15,205,124000 ,高柳町漆島,37.207098,138.627343,0,1
3204,15,205,125000 ,高柳町岡田,37.239381,138.634591,0,1
3205,15,205,126000 ,高柳町岡野町,37.225124,138.636167,0,1
3206,15,205,127000 ,高柳町荻ノ島,37.19812,138.622469,0,1
3207,15,205,128000 ,高柳町門出,37.189311,138.613582,0,1
3208,15,205,129000 ,高柳町高尾,37.216683,138.61044,0,1
3209,15,205,130000 ,高柳町田代,37.168288,138.614123,0,1
3210,15,205,131000 ,高柳町栃ケ原,37.189693,138.645463,0,1
3211,15,205,132000 ,高柳町山中,37.212908,138.660319,0,1
3212,15,205,133000 ,宝田,37.379103,138.589315,0,1
3213,15,205,134000 ,宝町,37.362749,138.564945,0,1
3214,15,205,135001 ,田塚一丁目,37.371989,138.581497,0,3
3215,15,205,135002 ,田塚二丁目,37.371424,138.585536,0,3
3216,15,205,135003 ,田塚三丁目,37.368172,138.583845,0,3
3217,15,205,136000 ,田中,37.358699,138.565061,0,1
3218,15,205,137000 ,中央町,37.372832,138.559034,0,1
3219,15,205,138000 ,天神町,37.359111,138.528545,0,1
3220,15,205,139000 ,東の輪町,37.360651,138.522682,0,1
3221,15,205,140000 ,常盤台,37.3574,138.548291,0,1
3222,15,205,141000 ,豊田,37.385011,138.586305,0,1
3223,15,205,142001 ,中浜一丁目,37.366385,138.542395,0,3
3224,15,205,142002 ,中浜二丁目,37.365525,138.539231,0,3
3225,15,205,143000 ,長峰町,37.350058,138.568884,0,1
3226,15,205,144000 ,南光町,37.357002,138.560556,0,1
3227,15,205,145000 ,錦町,37.367321,138.562339,0,1
3228,15,205,146001 ,西本町一丁目,37.368916,138.551686,0,3
3229,15,205,146002 ,西本町二丁目,37.368009,138.548745,0,3
3230,15,205,146003 ,西本町三丁目,37.368426,138.545285,0,3
3231,15,205,147000 ,西港町,37.370823,138.547214,0,1
3232,15,205,148000 ,西山町池浦,37.460696,138.670254,0,1
3233,15,205,149000 ,西山町石地,37.514359,138.666205,0,1
3234,15,205,150000 ,西山町五日市,37.438299,138.639218,0,1
3235,15,205,151000 ,西山町伊毛,37.473414,138.668438,0,1
3236,15,205,152000 ,西山町後谷,37.464729,138.632986,0,1
3237,15,205,153000 ,西山町内方,37.433966,138.645504,0,1
3238,15,205,154000 ,西山町大崎,37.494556,138.654546,0,1
3239,15,205,155000 ,西山町大津,37.4988,138.666259,0,1
3240,15,205,156000 ,西山町大坪,37.423613,138.657953,0,1
3241,15,205,157000 ,西山町鬼王,37.45508,138.657993,0,1
3242,15,205,158000 ,西山町尾野内,37.47572,138.68784,0,1
3243,15,205,159000 ,西山町尾町,37.509804,138.664026,0,1
3244,15,205,160000 ,西山町鎌田,37.470298,138.645088,0,1
3245,15,205,161000 ,西山町上山田,37.480591,138.678875,0,1
3246,15,205,162000 ,西山町北野,37.434969,138.651647,0,1
3247,15,205,163000 ,西山町黒部,37.451905,138.649839,0,1
3248,15,205,164000 ,西山町甲田,37.490813,138.648768,0,1
3249,15,205,165000 ,西山町坂田,37.444888,138.673915,0,1
3250,15,205,166000 ,西山町下山田,37.46656,138.667215,0,1
3251,15,205,167000 ,西山町新保,37.444739,138.648351,0,1
3252,15,205,168000 ,西山町田沢,37.469168,138.688032,0,1
3253,15,205,169000 ,西山町中央台,37.456125,138.668591,0,1
3254,15,205,170000 ,西山町長嶺,37.458537,138.647385,0,1
3255,15,205,171000 ,西山町西山,37.44875,138.641363,0,1
3256,15,205,172000 ,西山町灰爪,37.484994,138.680462,0,1
3257,15,205,173000 ,西山町浜忠,37.483213,138.648859,0,1
3258,15,205,174000 ,西山町藤掛,37.460497,138.688811,0,1
3259,15,205,175000 ,西山町二田,37.452299,138.683764,0,1
3260,15,205,176000 ,西山町別山,37.48586,138.704291,0,1
3261,15,205,177000 ,西山町緑が丘,37.4417,138.649683,0,1
3262,15,205,178000 ,西山町妙法寺,37.429859,138.670392,0,1
3263,15,205,179000 ,西山町礼拝,37.458415,138.662716,0,1
3264,15,205,180000 ,西山町和田,37.446969,138.644576,0,1
3265,15,205,181000 ,日石町,37.364948,138.559873,0,1
3266,15,205,182001 ,番神一丁目,37.364229,138.533406,0,3
3267,15,205,182002 ,番神二丁目,37.363292,138.529159,0,3
3268,15,205,183001 ,半田一丁目,37.35559,138.571037,0,3
3269,15,205,183002 ,半田二丁目,37.354585,138.579786,0,3
3270,15,205,183003 ,半田三丁目,37.359325,138.577621,0,3
3271,15,205,184000 ,東長浜町,37.369376,138.578913,0,1
3272,15,205,185000 ,東原町,37.388135,138.590565,0,1
3273,15,205,186001 ,東本町一丁目,37.369365,138.555414,0,3
3274,15,205,186002 ,東本町二丁目,37.369558,138.558952,0,3
3275,15,205,186003 ,東本町三丁目,37.369977,138.562503,0,3
3276,15,205,187000 ,東港町,37.372461,138.549918,0,1
3277,15,205,188001 ,比角一丁目,37.373757,138.567734,0,3
3278,15,205,188002 ,比角二丁目,37.373446,138.571682,0,3
3279,15,205,189000 ,日吉町,37.368038,138.573732,0,1
3280,15,205,190000 ,藤元町,37.381699,138.577147,0,1
3281,15,205,191000 ,北斗町,37.378275,138.572369,0,1
3282,15,205,192000 ,穂波町,37.359414,138.559061,0,1
3283,15,205,193000 ,槇原町,37.387773,138.5787,0,1
3284,15,205,194001 ,松波一丁目,37.390319,138.568566,0,3
3285,15,205,194002 ,松波二丁目,37.389146,138.572885,0,3
3286,15,205,194003 ,松波三丁目,37.396328,138.572205,0,3
3287,15,205,194004 ,松波四丁目,37.39696,138.57915,0,3
3288,15,205,195000 ,三島町,37.352773,138.547232,0,1
3289,15,205,196000 ,三島西,37.352288,138.545782,0,1
3290,15,205,197000 ,緑町,37.360168,138.542436,0,1
3291,15,205,198000 ,南半田,37.351421,138.579082,0,1
3292,15,205,199000 ,宮場町,37.356259,138.554875,0,1
3293,15,205,200000 ,元城町,37.35216,138.553727,0,1
3294,15,205,201000 ,柳橋町,37.361563,138.552951,0,1
3295,15,205,202000 ,大和町,37.376215,138.566311,0,1
3296,15,205,203000 ,豊町,37.366746,138.565555,0,1
3297,15,205,204000 ,ゆりが丘,37.34787,138.57366,0,1
3298,15,205,205001 ,四谷一丁目,37.370345,138.566919,0,3
3299,15,205,205002 ,四谷二丁目,37.370707,138.570935,0,3
3300,15,205,205003 ,四谷三丁目,37.371105,138.5736,0,3
3301,15,205,206001 ,米山台一丁目,37.355357,138.54414,0,3
3302,15,205,206002 ,米山台二丁目,37.353697,138.543115,0,3
3303,15,205,206003 ,米山台三丁目,37.355172,138.540736,0,3
3304,15,205,206004 ,米山台四丁目,37.3528,138.539542,0,3
3305,15,205,206005 ,米山台五丁目,37.35123,138.537566,0,3
3306,15,205,207000 ,米山台西,37.350346,138.536909,0,1
3307,15,205,208000 ,米山台東,37.351311,138.541683,0,1
3308,15,205,209000 ,米山町,37.310777,138.434788,0,1
3309,15,205,210000 ,若葉町,37.360001,138.547342,0,1
3310,15,205,211000 ,柳田町,37.380321,138.580077,0,1
3311,15,205,212001 ,松美一丁目,37.374019,138.576334,0,3
3312,15,205,212002 ,松美二丁目,37.37646,138.577327,0,3
3313,15,205,213000 ,長浜町,37.371758,138.576447,0,1
3314,15,205,214000 ,東柳田,37.380073,138.582592,0,1
3315,15,205,215000 ,新田畑,37.374731,138.582538,0,1
3316,15,205,216000 ,大字藤井,37.375353,138.593872,0,1
3317,15,205,217000 ,大字新田畑,37.375373,138.585551,0,1
3318,15,205,218000 ,美穂田,37.379221,138.586069,0,1
3319,15,205,219000 ,大字上原,37.388216,138.594792,0,1
3320,15,205,220000 ,大字山本,37.394957,138.590758,0,1
3321,15,205,221000 ,橋場町,37.390603,138.580417,0,1
3322,15,205,222000 ,新赤坂町,37.354437,138.531936,0,1
3323,15,205,223000 ,大字下原,37.390473,138.591013,0,1
3324,15,205,224000 ,原町,37.389626,138.588343,0,1
3325,15,205,225000 ,大字上方,37.338095,138.56031,0,1
3326,15,205,226000 ,大字新道,37.331473,138.549595,0,1
3327,15,205,227000 ,大字横山,37.345895,138.565609,0,1
3328,15,205,228000 ,大字軽井川,37.336117,138.594809,0,1
3329,15,205,229000 ,大字藤橋,37.338812,138.575044,0,1
3330,15,205,230000 ,向陽町,37.345077,138.575344,0,1
3331,15,206,1000 ,赤橋,37.917364,139.328876,0,1
3332,15,206,2000 ,荒川,37.869591,139.345138,0,1
3333,15,206,3000 ,荒町,37.930663,139.326141,0,1
3334,15,206,4000 ,新屋敷,37.968193,139.367402,0,1
3335,15,206,5000 ,池ノ端,37.926094,139.305071,0,1
3336,15,206,6000 ,石喜,37.936078,139.38198,0,1
3337,15,206,7000 ,五十公野,37.93273,139.348314,0,1
3338,15,206,8000 ,板敷,37.950373,139.352467,0,1
3339,15,206,9000 ,板山,37.89178,139.431109,0,1
3340,15,206,10000 ,稲荷,37.996063,139.362479,0,1
3341,15,206,11000 ,稲荷岡,38.014573,139.330376,0,1
3342,15,206,12000 ,丑首,37.911306,139.359113,0,1
3343,15,206,13000 ,浦,37.903106,139.341049,0,1
3344,15,206,14000 ,浦新田,37.908173,139.326462,0,1
3345,15,206,15000 ,江口,37.899485,139.379457,0,1
3346,15,206,16000 ,大崎,37.899354,139.35529,0,1
3347,15,206,17000 ,大沢,37.904738,139.299383,0,1
3348,15,206,18000 ,大槻,37.885918,139.387985,0,1
3349,15,206,19001 ,大手町一丁目,37.95031,139.322865,0,3
3350,15,206,19002 ,大手町二丁目,37.952025,139.321334,0,3
3351,15,206,19003 ,大手町三丁目,37.953672,139.32224,0,3
3352,15,206,19004 ,大手町四丁目,37.952772,139.326114,0,3
3353,15,206,19005 ,大手町五丁目,37.955356,139.327615,0,3
3354,15,206,19006 ,大手町六丁目,37.955549,139.323706,0,3
3355,15,206,20000 ,大友,37.920658,139.381427,0,1
3356,15,206,21000 ,大中島,38.004957,139.334304,0,1
3357,15,206,22000 ,大野,38.029527,139.371462,0,1
3358,15,206,23000 ,岡島,38.026152,139.36777,0,1
3359,15,206,24000 ,岡田,37.947098,139.365437,0,1
3360,15,206,25000 ,岡屋敷,37.890456,139.300052,0,1
3361,15,206,26000 ,小川,38.002966,139.315099,0,1
3362,15,206,27000 ,小国谷,38.023071,139.40715,0,1
3363,15,206,28000 ,奥山新保,37.957803,139.296034,0,1
3364,15,206,29000 ,小島,38.000735,139.358531,0,1
3365,15,206,30000 ,押廻,37.985095,139.341245,0,1
3366,15,206,31000 ,小戸,37.863837,139.475639,0,1
3367,15,206,32000 ,乙次,37.914013,139.308443,0,1
3368,15,206,33000 ,小友,37.912356,139.333156,0,1
3369,15,206,34000 ,小見,37.915608,139.356848,0,1
3370,15,206,35000 ,貝塚,38.01203,139.37729,0,1
3371,15,206,36000 ,貝屋,38.014592,139.4102,0,1
3372,15,206,37000 ,加治万代,37.902353,139.289255,0,1
3373,15,206,38000 ,片桐,38.005055,139.346275,0,1
3374,15,206,39000 ,金沢,38.030704,139.381764,0,1
3375,15,206,40000 ,金津,37.980635,139.367045,0,1
3376,15,206,41000 ,金塚,38.019348,139.365373,0,1
3377,15,206,42000 ,金谷,37.944836,139.360226,0,1
3378,15,206,43000 ,金山,38.007963,139.393905,0,1
3379,15,206,44000 ,釜杭,37.998289,139.335148,0,1
3380,15,206,45000 ,上赤谷,37.834452,139.391454,0,1
3381,15,206,46000 ,上荒沢,38.01001,139.446553,0,1
3382,15,206,47000 ,上石川,37.938522,139.486361,0,1
3383,15,206,48000 ,上今泉,37.985818,139.355713,0,1
3384,15,206,49000 ,上楠川,37.936625,139.40924,0,1
3385,15,206,50000 ,上小松,37.966528,139.356058,0,1
3386,15,206,51000 ,上三光,37.921774,139.476009,0,1
3387,15,206,52000 ,上寺内,37.970222,139.4737,0,1
3388,15,206,53000 ,上新保,37.91767,139.369363,0,1
3389,15,206,54000 ,上館,37.970777,139.37732,0,1
3390,15,206,55000 ,上内竹,37.908578,139.370555,0,1
3391,15,206,56000 ,上中江,37.947029,139.391669,0,1
3392,15,206,57000 ,上中山,37.868693,139.317103,0,1
3393,15,206,58000 ,上羽津,37.918627,139.398173,0,1
3394,15,206,59000 ,川口,37.991682,139.364864,0,1
3395,15,206,60000 ,川尻,37.985483,139.334165,0,1
3396,15,206,61000 ,北中江,37.952869,139.388521,0,1
3397,15,206,62000 ,北蓑口,37.935757,139.302882,0,1
3398,15,206,63000 ,切梅,37.928608,139.314948,0,1
3399,15,206,64000 ,熊出,37.991465,139.479237,0,1
3400,15,206,65000 ,蔵光,37.956357,139.383893,0,1
3401,15,206,66000 ,黒岩,37.963974,139.370859,0,1
3402,15,206,67000 ,桑ノ口,37.978471,139.32254,0,1
3403,15,206,68000 ,小出,37.964763,139.458551,0,1
3404,15,206,69000 ,高山寺,37.99463,139.331831,0,1
3405,15,206,70000 ,小坂,37.915191,139.319614,0,1
3406,15,206,71000 ,古田,38.022973,139.344598,0,1
3407,15,206,72000 ,湖南,38.008507,139.353578,0,1
3408,15,206,73000 ,小舟渡,37.967379,139.312003,0,1
3409,15,206,74001 ,小舟町一丁目,37.965032,139.323371,0,3
3410,15,206,74002 ,小舟町二丁目,37.969303,139.323876,0,3
3411,15,206,74003 ,小舟町三丁目,37.96719,139.316708,0,3
3412,15,206,75000 ,境,38.005154,139.381082,0,1
3413,15,206,76000 ,佐々木,37.948875,139.255151,0,1
3414,15,206,77000 ,繁山,37.97271,139.417258,0,1
3415,15,206,78000 ,島潟,37.958643,139.349731,0,1
3416,15,206,79000 ,下飯塚,37.911967,139.302632,0,1
3417,15,206,80000 ,下石川,37.96243,139.422841,0,1
3418,15,206,81000 ,下今泉,37.977,139.354661,0,1
3419,15,206,82000 ,下楠川,37.936761,139.396125,0,1
3420,15,206,83000 ,下小中山,38.018881,139.380834,0,1
3421,15,206,84000 ,下小松,37.967023,139.351566,0,1
3422,15,206,85000 ,下坂町,38.026451,139.38508,0,1
3423,15,206,86000 ,下三光,37.944501,139.403406,0,1
3424,15,206,87000 ,下寺内,37.98484,139.431388,0,1
3425,15,206,88000 ,下城,38.00071,139.364455,0,1
3426,15,206,89000 ,下新保,37.931856,139.364842,0,1
3427,15,206,90000 ,下高関,37.933536,139.374401,0,1
3428,15,206,91000 ,下内竹,37.914,139.364276,0,1
3429,15,206,92000 ,下中,37.97443,139.358834,0,1
3430,15,206,93000 ,下中江,37.950915,139.383573,0,1
3431,15,206,94000 ,下中沢,38.016775,139.336943,0,1
3432,15,206,95000 ,下中山,37.992691,139.444641,0,1
3433,15,206,96000 ,下西山,37.998964,139.374086,0,1
3434,15,206,97000 ,下羽津,37.92717,139.392265,0,1
3435,15,206,98000 ,下山田,37.983572,139.373969,0,1
3436,15,206,99001 ,城北町一丁目,37.958125,139.323933,0,3
3437,15,206,99002 ,城北町二丁目,37.960912,139.324502,0,3
3438,15,206,99003 ,城北町三丁目,37.961747,139.320454,0,3
3439,15,206,100001 ,新栄町一丁目,37.954057,139.301561,0,3
3440,15,206,100002 ,新栄町二丁目,37.954443,139.297292,0,3
3441,15,206,100003 ,新栄町三丁目,37.95314,139.294433,0,3
3442,15,206,101001 ,新富町一丁目,37.954472,139.337458,0,3
3443,15,206,101002 ,新富町二丁目,37.957057,139.340451,0,3
3444,15,206,101003 ,新富町三丁目,37.954503,139.342023,0,3
3445,15,206,102000 ,新保小路,37.969874,139.370192,0,1
3446,15,206,103000 ,菅谷,37.984942,139.412429,0,1
3447,15,206,104000 ,砂山,37.919024,139.249903,0,1
3448,15,206,105000 ,住田,37.991341,139.369914,0,1
3449,15,206,106000 ,住吉,37.998457,139.342602,0,1
3450,15,206,107001 ,住吉町一丁目,37.952039,139.310835,0,3
3451,15,206,107002 ,住吉町二丁目,37.949148,139.312729,0,3
3452,15,206,107003 ,住吉町三丁目,37.948913,139.308695,0,3
3453,15,206,107004 ,住吉町四丁目,37.943934,139.31338,0,3
3454,15,206,107005 ,住吉町五丁目,37.943682,139.309551,0,3
3455,15,206,108001 ,諏訪町一丁目,37.943834,139.33306,0,3
3456,15,206,108002 ,諏訪町二丁目,37.945883,139.330216,0,3
3457,15,206,108003 ,諏訪町三丁目,37.941826,139.329521,0,3
3458,15,206,109000 ,関井,38.011018,139.333848,0,1
3459,15,206,110000 ,関妻,37.983531,139.362716,0,1
3460,15,206,111000 ,草荷,37.988484,139.316886,0,1
3461,15,206,112000 ,相馬,38.008248,139.369767,0,1
3462,15,206,113000 ,曽根,37.952515,139.277894,0,1
3463,15,206,114001 ,大栄町一丁目,37.946682,139.324921,0,3
3464,15,206,114002 ,大栄町二丁目,37.945307,139.324426,0,3
3465,15,206,114003 ,大栄町三丁目,37.941972,139.32322,0,3
3466,15,206,114004 ,大栄町四丁目,37.943844,139.32107,0,3
3467,15,206,114005 ,大栄町五丁目,37.940102,139.319256,0,3
3468,15,206,114006 ,大栄町六丁目,37.939941,139.326432,0,3
3469,15,206,114007 ,大栄町七丁目,37.944017,139.327475,0,3
3470,15,206,115000 ,大伝,37.919158,139.314401,0,1
3471,15,206,116000 ,田貝,37.903096,139.451501,0,1
3472,15,206,117000 ,高島,38.003308,139.345995,0,1
3473,15,206,118000 ,高田,37.976608,139.34821,0,1
3474,15,206,119000 ,滝,37.963502,139.402985,0,1
3475,15,206,120000 ,滝沢,37.86572,139.29422,0,1
3476,15,206,121000 ,滝谷,37.84502,139.600787,0,1
3477,15,206,122000 ,竹ヶ花,37.935739,139.313263,0,1
3478,15,206,123000 ,竹俣万代,37.905037,139.285204,0,1
3479,15,206,124000 ,太斎,37.924869,139.334649,0,1
3480,15,206,125000 ,館野小路,37.977148,139.363584,0,1
3481,15,206,126001 ,中央町一丁目,37.949232,139.329932,0,3
3482,15,206,126002 ,中央町二丁目,37.946098,139.32856,0,3
3483,15,206,126003 ,中央町三丁目,37.948362,139.325529,0,3
3484,15,206,126004 ,中央町四丁目,37.950497,139.326588,0,3
3485,15,206,126005 ,中央町五丁目,37.953136,139.331177,0,3
3486,15,206,127000 ,長者館,38.008755,139.323068,0,1
3487,15,206,128000 ,塚田,37.998125,139.360622,0,1
3488,15,206,129000 ,月岡,37.883798,139.301694,0,1
3489,15,206,130000 ,月岡温泉,37.880409,139.310462,0,1
3490,15,206,131000 ,敦賀,37.942658,139.374884,0,1
3491,15,206,132000 ,寺尾,38.007006,139.377993,0,1
3492,15,206,133000 ,天王,37.899345,139.27201,0,1
3493,15,206,134000 ,戸板沢,37.902676,139.320253,0,1
3494,15,206,135000 ,道賀,37.979229,139.311829,0,1
3495,15,206,136001 ,東新町一丁目,37.945524,139.344181,0,3
3496,15,206,136002 ,東新町二丁目,37.94974,139.343003,0,3
3497,15,206,136003 ,東新町三丁目,37.952807,139.346801,0,3
3498,15,206,136004 ,東新町四丁目,37.946467,139.348838,0,3
3499,15,206,137000 ,戸野港,38.025815,139.37389,0,1
3500,15,206,138000 ,富島,38.022372,139.336534,0,1
3501,15,206,139000 ,富塚,37.954472,139.292167,0,1
3502,15,206,140001 ,富塚町一丁目,37.94614,139.305442,0,3
3503,15,206,140002 ,富塚町二丁目,37.946198,139.300569,0,3
3504,15,206,140003 ,富塚町三丁目,37.948102,139.294696,0,3
3505,15,206,141000 ,虎丸,37.926567,139.445545,0,1
3506,15,206,142000 ,鳥穴,37.919722,139.25777,0,1
3507,15,206,143000 ,中川,37.959104,139.416398,0,1
3508,15,206,144000 ,中倉,37.953846,139.385752,0,1
3509,15,206,145000 ,中島,38.001083,139.343116,0,1
3510,15,206,146000 ,長島,38.007008,139.319501,0,1
3511,15,206,147000 ,中曽根,37.966518,139.304908,0,1
3512,15,206,148001 ,中曽根町一丁目,37.961027,139.317602,0,3
3513,15,206,148002 ,中曽根町二丁目,37.959717,139.315014,0,3
3514,15,206,148003 ,中曽根町三丁目,37.95969,139.310773,0,3
3515,15,206,149001 ,中田町一丁目,37.964591,139.330225,0,3
3516,15,206,149002 ,中田町二丁目,37.967778,139.332397,0,3
3517,15,206,149003 ,中田町三丁目,37.96392,139.33496,0,3
3518,15,206,150000 ,中俵,38.014865,139.358808,0,1
3519,15,206,151000 ,中妻,37.960825,139.373121,0,1
3520,15,206,152000 ,中野,38.008946,139.316819,0,1
3521,15,206,153000 ,長畑,37.97584,139.335812,0,1
3522,15,206,154000 ,中谷内,37.973646,139.324379,0,1
3523,15,206,155000 ,西浦,37.995852,139.373578,0,1
3524,15,206,156001 ,西園町一丁目,37.951687,139.317182,0,3
3525,15,206,156002 ,西園町二丁目,37.953474,139.313885,0,3
3526,15,206,156003 ,西園町三丁目,37.955561,139.317242,0,3
3527,15,206,157000 ,西名柄,37.968852,139.340978,0,1
3528,15,206,158000 ,西姫田,37.946092,139.378877,0,1
3529,15,206,159000 ,二本木,37.995483,139.337157,0,1
3530,15,206,160000 ,野中,37.99897,139.367071,0,1
3531,15,206,161000 ,箱岩,37.987407,139.38967,0,1
3532,15,206,162000 ,早道場,37.958067,139.367784,0,1
3533,15,206,163000 ,万代,37.893611,139.307018,0,1
3534,15,206,164000 ,東赤谷,37.807286,139.477886,0,1
3535,15,206,165000 ,東塚ノ目,37.957936,139.342542,0,1
3536,15,206,166000 ,東姫田,37.945253,139.385703,0,1
3537,15,206,167000 ,東宮内,37.960755,139.380616,0,1
3538,15,206,168000 ,人橋,38.003553,139.294323,0,1
3539,15,206,169000 ,平山,37.995698,139.369196,0,1
3540,15,206,170000 ,日渡,37.947683,139.288221,0,1
3541,15,206,171000 ,福岡,38.018543,139.340742,0,1
3542,15,206,172000 ,福島,37.913066,139.273485,0,1
3543,15,206,173000 ,藤掛,37.920159,139.334173,0,1
3544,15,206,174000 ,藤塚浜,38.033518,139.308465,0,1
3545,15,206,175000 ,二ツ堂,37.930743,139.309833,0,1
3546,15,206,176000 ,二ツ山,37.996203,139.277876,0,1
3547,15,206,177000 ,舟入,37.960846,139.299919,0,1
3548,15,206,178001 ,舟入町一丁目,37.953846,139.306857,0,3
3549,15,206,178002 ,舟入町二丁目,37.9562,139.310085,0,3
3550,15,206,178003 ,舟入町三丁目,37.958171,139.304404,0,3
3551,15,206,179000 ,麓,37.960915,139.393811,0,1
3552,15,206,180000 ,古川,37.989199,139.336181,0,1
3553,15,206,181000 ,古楯,37.996,139.355583,0,1
3554,15,206,182000 ,古寺,37.919738,139.363829,0,1
3555,15,206,183000 ,法正橋,37.902098,139.329199,0,1
3556,15,206,184000 ,本田,37.883086,139.284847,0,1
3557,15,206,185001 ,本町一丁目,37.947185,139.334977,0,3
3558,15,206,185002 ,本町二丁目,37.94893,139.331498,0,3
3559,15,206,185003 ,本町三丁目,37.951661,139.334942,0,3
3560,15,206,185004 ,本町四丁目,37.950339,139.338025,0,3
3561,15,206,186000 ,本間新田,37.916892,139.411566,0,1
3562,15,206,187000 ,松岡,37.879945,139.355539,0,1
3563,15,206,188000 ,真中,38.02714,139.332792,0,1
3564,15,206,189000 ,真野代,38.004861,139.307123,0,1
3565,15,206,190000 ,真野原,37.991731,139.30215,0,1
3566,15,206,191000 ,真野原外,38.010398,139.308239,0,1
3567,15,206,192000 ,丸市,37.99895,139.448989,0,1
3568,15,206,193000 ,弓越,37.939863,139.30891,0,1
3569,15,206,194000 ,瑞波,37.891368,139.316151,0,1
3570,15,206,195000 ,溝足,38.0071,139.431221,0,1
3571,15,206,196000 ,三日市,37.964243,139.362591,0,1
3572,15,206,197000 ,三ツ椡,37.909078,139.27044,0,1
3573,15,206,198001 ,緑町一丁目,37.959469,139.328971,0,3
3574,15,206,198002 ,緑町二丁目,37.959285,139.335147,0,3
3575,15,206,198003 ,緑町三丁目,37.955961,139.333304,0,3
3576,15,206,199000 ,南楯,37.9385,139.389615,0,1
3577,15,206,200000 ,南成田,37.999414,139.329349,0,1
3578,15,206,201000 ,宮古木,37.895694,139.395165,0,1
3579,15,206,202000 ,宮吉,37.99262,139.314321,0,1
3580,15,206,203001 ,御幸町一丁目,37.948882,139.321377,0,3
3581,15,206,203002 ,御幸町二丁目,37.947349,139.316716,0,3
3582,15,206,203003 ,御幸町三丁目,37.94643,139.319345,0,3
3583,15,206,203004 ,御幸町四丁目,37.942344,139.316142,0,3
3584,15,206,204000 ,茗荷谷,37.974129,139.38966,0,1
3585,15,206,205000 ,六日町,37.916601,139.348078,0,1
3586,15,206,206000 ,向中条,37.981862,139.347371,0,1
3587,15,206,207000 ,元郷,38.016791,139.299747,0,1
3588,15,206,208000 ,山崎,37.919123,139.352741,0,1
3589,15,206,209000 ,八幡,37.909336,139.353091,0,1
3590,15,206,210000 ,八幡新田,37.912646,139.339206,0,1
3591,15,206,211001 ,豊町一丁目,37.939214,139.333128,0,3
3592,15,206,211002 ,豊町二丁目,37.943168,139.337061,0,3
3593,15,206,211003 ,豊町三丁目,37.936538,139.337734,0,3
3594,15,206,211004 ,豊町四丁目,37.941355,139.342282,0,3
3595,15,206,212000 ,横岡,37.998136,139.385435,0,1
3596,15,206,213000 ,横山,37.996008,139.426099,0,1
3597,15,206,214000 ,吉浦,37.903381,139.309705,0,1
3598,15,206,215000 ,吉田,37.992212,139.356729,0,1
3599,15,206,216000 ,米倉,37.893385,139.368915,0,1
3600,15,206,217000 ,米子,37.997169,139.314468,0,1
3601,15,206,218000 ,中ノ目新田,37.919477,139.278395,0,1
3602,15,206,219000 ,西宮内,37.939513,139.294619,0,1
3603,15,206,220000 ,西蓑口,37.930942,139.29373,0,1
3604,15,206,221000 ,則清新田,37.941463,139.277632,3,1
3605,15,206,222000 ,乗廻,37.916159,139.26342,3,1
3606,15,206,223000 ,下興野,37.936383,139.271202,3,1
3607,15,206,224000 ,太田新田,37.934029,139.259756,3,1
3608,15,206,225000 ,上中沢,37.945458,139.266055,0,1
3609,15,206,226000 ,則清,37.945133,139.28083,0,1
3610,15,206,227000 ,下中ノ目,37.92248,139.295549,3,1
3611,15,206,228000 ,飯島,37.93325,139.280214,3,1
3612,15,206,229000 ,飯島新田,37.928685,139.263117,3,1
3613,15,206,230000 ,中々山,37.858718,139.40282,0,1
3614,15,206,231000 ,山内,37.868457,139.395476,0,1
3615,15,208,1000 ,旭町,37.305207,138.812667,0,1
3616,15,208,2000 ,稲荷町,37.305399,138.794693,0,1
3617,15,208,3001 ,上ノ山一丁目,37.304124,138.792794,0,3
3618,15,208,3002 ,上ノ山二丁目,37.302921,138.791577,0,3
3619,15,208,3003 ,上ノ山三丁目,37.301762,138.789635,0,3
3620,15,208,3004 ,上ノ山四丁目,37.299558,138.787407,0,3
3621,15,208,3005 ,上ノ山五丁目,37.301388,138.792759,0,3
3622,15,208,4000 ,大字池ケ原,37.26606,138.792988,0,1
3623,15,208,5000 ,大字池中新田,37.261629,138.798807,0,1
3624,15,208,6000 ,大字岩沢,37.227028,138.798868,0,1
3625,15,208,7000 ,大字浦柄,37.327238,138.838397,0,1
3626,15,208,8000 ,大字上片貝,37.287593,138.825499,0,1
3627,15,208,9000 ,大字川井,37.242469,138.823389,0,1
3628,15,208,10000 ,大字川井新田,37.262923,138.823062,0,1
3629,15,208,11000 ,大字小栗山,37.336656,138.851437,0,1
3630,15,208,12000 ,大字小粟田,37.342055,138.795832,0,1
3631,15,208,13000 ,大字桜町,37.314853,138.769485,0,1
3632,15,208,14000 ,大字三仏生,37.33666,138.815836,0,1
3633,15,208,15000 ,大字塩谷,37.302249,138.88724,0,1
3634,15,208,16000 ,大字塩殿,37.267658,138.824288,0,1
3635,15,208,17000 ,大字千谷,37.327469,138.800913,0,1
3636,15,208,18000 ,大字千谷川,37.321979,138.797112,0,1
3637,15,208,19000 ,大字土川,37.304913,138.785601,0,1
3638,15,208,20000 ,大字坪野,37.340213,138.771535,0,1
3639,15,208,21000 ,大字時水,37.301303,138.763263,0,1
3640,15,208,22000 ,大字西中,37.296815,138.793985,0,1
3641,15,208,23000 ,大字西吉谷,37.267405,138.775018,0,1
3642,15,208,24000 ,大字ひ生,37.310365,138.829736,0,1
3643,15,208,25000 ,大字東吉谷,37.277294,138.763905,0,1
3644,15,208,26000 ,大字平沢新田,37.320899,138.793962,0,1
3645,15,208,27000 ,大字豊久新田,37.239367,138.78365,0,1
3646,15,208,28000 ,大字南荷頃,37.324005,138.854514,0,1
3647,15,208,29000 ,大字谷内,37.285136,138.794188,0,1
3648,15,208,30000 ,大字藪川,37.298617,138.778666,0,1
3649,15,208,31000 ,大字山本,37.28867,138.807065,0,1
3650,15,208,32000 ,大字山谷,37.328758,138.767786,0,1
3651,15,208,33000 ,大字横渡,37.325121,138.824088,0,1
3652,15,208,34000 ,大字四ツ子,37.280811,138.787286,0,1
3653,15,208,35000 ,大字両新田,37.30384,138.775523,0,1
3654,15,208,36000 ,片貝町,37.368465,138.780239,0,1
3655,15,208,37000 ,片貝山屋町,37.356968,138.790574,0,1
3656,15,208,38000 ,鴻巣町,37.349215,138.776388,0,1
3657,15,208,39000 ,栄町,37.301438,138.798951,0,1
3658,15,208,40001 ,城内一丁目,37.3121,138.796677,0,3
3659,15,208,40002 ,城内二丁目,37.314953,138.796046,0,3
3660,15,208,40003 ,城内三丁目,37.314103,138.790743,0,3
3661,15,208,40004 ,城内四丁目,37.312272,138.789257,0,3
3662,15,208,41000 ,高梨町,37.356293,138.807732,0,1
3663,15,208,42001 ,千谷川一丁目,37.314055,138.801912,0,3
3664,15,208,42002 ,千谷川二丁目,37.314569,138.799618,0,3
3665,15,208,42003 ,千谷川三丁目,37.317858,138.802457,0,3
3666,15,208,42004 ,千谷川四丁目,37.319426,138.798234,0,3
3667,15,208,43001 ,土川一丁目,37.307838,138.790271,0,3
3668,15,208,43002 ,土川二丁目,37.304148,138.788512,0,3
3669,15,208,44001 ,東栄一丁目,37.309158,138.811296,0,3
3670,15,208,44002 ,東栄二丁目,37.31012,138.806833,0,3
3671,15,208,44003 ,東栄三丁目,37.312477,138.811179,0,3
3672,15,208,45001 ,日吉一丁目,37.30545,138.797792,0,3
3673,15,208,45002 ,日吉二丁目,37.305738,138.800212,0,3
3674,15,208,46001 ,平沢一丁目,37.317043,138.793595,0,3
3675,15,208,46002 ,平沢二丁目,37.319848,138.790472,0,3
3676,15,208,47001 ,船岡一丁目,37.305164,138.796364,0,3
3677,15,208,47002 ,船岡二丁目,37.303463,138.798064,0,3
3678,15,208,47003 ,船岡三丁目,37.300956,138.795363,0,3
3679,15,208,48001 ,平成一丁目,37.30977,138.793708,0,3
3680,15,208,48002 ,平成二丁目,37.307846,138.794028,0,3
3681,15,208,49001 ,本町一丁目,37.309826,138.799076,0,3
3682,15,208,49002 ,本町二丁目,37.309001,138.796375,0,3
3683,15,208,50000 ,真人町,37.24064,138.755793,0,1
3684,15,208,51000 ,元町,37.308863,138.800625,0,1
3685,15,208,52001 ,若葉一丁目,37.30645,138.784936,0,3
3686,15,208,52002 ,若葉二丁目,37.305207,138.78262,0,3
3687,15,208,52003 ,若葉三丁目,37.304171,138.780702,0,3
3688,15,209,1001 ,青海町一丁目,37.662893,139.055732,0,3
3689,15,209,1002 ,青海町二丁目,37.663201,139.053494,0,3
3690,15,209,2000 ,赤谷,37.667175,139.058461,0,1
3691,15,209,3000 ,秋房,37.653757,139.071572,0,1
3692,15,209,4000 ,旭町,37.660661,139.043661,0,1
3693,15,209,5001 ,石川一丁目,37.666918,139.04683,0,3
3694,15,209,5002 ,石川二丁目,37.668702,139.043793,0,3
3695,15,209,6000 ,駅前,37.659368,139.050432,0,1
3696,15,209,7000 ,大字鵜森,37.692131,139.000407,0,1
3697,15,209,8000 ,大字後須田,37.695875,139.013789,0,1
3698,15,209,9000 ,大字上大谷,37.621885,139.140589,0,1
3699,15,209,10000 ,大字上高柳,37.599818,139.151897,0,1
3700,15,209,11000 ,大字上土倉,37.628463,139.124672,0,1
3701,15,209,12000 ,大字加茂,37.670035,139.035258,0,1
3702,15,209,13000 ,大字加茂新田,37.680238,139.025769,0,1
3703,15,209,14000 ,大字北潟,37.704287,139.018566,0,1
3704,15,209,15000 ,大字黒水,37.623563,139.085777,0,1
3705,15,209,16000 ,大字下条,37.637243,139.055743,0,1
3706,15,209,17000 ,大字五反田,37.688648,139.024844,0,1
3707,15,209,18000 ,大字下大谷,37.617173,139.109803,0,1
3708,15,209,19000 ,大字下高柳,37.603573,139.108085,0,1
3709,15,209,20000 ,大字下土倉,37.644876,139.127936,0,1
3710,15,209,21000 ,大字上条,37.668803,139.081779,0,1
3711,15,209,22000 ,大字砂押新田,37.691964,139.006478,0,1
3712,15,209,23000 ,大字狭口,37.650137,139.092613,0,1
3713,15,209,24000 ,大字田中新田,37.695908,138.995851,0,1
3714,15,209,25000 ,大字天神林,37.667154,139.013441,0,1
3715,15,209,26000 ,大字中大谷,37.616044,139.126589,0,1
3716,15,209,27000 ,大字長谷,37.641157,139.109668,0,1
3717,15,209,28000 ,大字西山,37.602138,139.088372,0,1
3718,15,209,29000 ,大字前須田,37.688685,139.012175,0,1
3719,15,209,30000 ,大字宮寄上,37.583411,139.165623,0,1
3720,15,209,31000 ,大字矢立新田,37.666926,139.028457,0,1
3721,15,209,32000 ,大字山島新田,37.682047,139.002457,0,1
3722,15,209,33000 ,岡ノ町,37.656982,139.048901,0,1
3723,15,209,34000 ,学校町,37.670358,139.057207,0,1
3724,15,209,35000 ,上町,37.657607,139.0577,0,1
3725,15,209,36000 ,希望ケ丘,37.673183,139.065322,0,1
3726,15,209,37000 ,穀町,37.659496,139.052519,0,1
3727,15,209,38000 ,寿町,37.659142,139.046594,0,1
3728,15,209,39001 ,小橋一丁目,37.653235,139.044354,0,3
3729,15,209,39002 ,小橋二丁目,37.651923,139.044469,0,3
3730,15,209,40000 ,五番町,37.655949,139.059039,0,1
3731,15,209,41001 ,幸町一丁目,37.664246,139.045667,0,3
3732,15,209,41002 ,幸町二丁目,37.666155,139.041818,0,3
3733,15,209,42000 ,栄町,37.661932,139.041514,0,1
3734,15,209,43000 ,桜沢,37.652045,139.075617,0,1
3735,15,209,44000 ,芝野,37.657907,139.036918,0,1
3736,15,209,45000 ,上条,37.65939,139.06325,0,1
3737,15,209,46000 ,新栄町,37.663451,139.03906,0,1
3738,15,209,47000 ,陣ケ峰,37.669389,139.053813,0,1
3739,15,209,48001 ,新町一丁目,37.654971,139.060755,0,3
3740,15,209,48002 ,新町二丁目,37.655823,139.062614,0,3
3741,15,209,49001 ,神明町一丁目,37.66061,139.06087,0,3
3742,15,209,49002 ,神明町二丁目,37.662358,139.059132,0,3
3743,15,209,50001 ,千刈一丁目,37.663924,139.050821,0,3
3744,15,209,50002 ,千刈二丁目,37.666389,139.051746,0,3
3745,15,209,50003 ,千刈三丁目,37.670179,139.049284,0,3
3746,15,209,51001 ,大郷町一丁目,37.656658,139.04428,0,3
3747,15,209,51002 ,大郷町二丁目,37.658053,139.041076,0,3
3748,15,209,52001 ,高須町一丁目,37.659368,139.039007,0,3
3749,15,209,52002 ,高須町二丁目,37.660833,139.036422,0,3
3750,15,209,53000 ,仲町,37.658403,139.055855,0,1
3751,15,209,54000 ,中村,37.653648,139.041409,0,1
3752,15,209,55000 ,番田,37.661773,139.048537,0,1
3753,15,209,56000 ,本町,37.658991,139.054442,0,1
3754,15,209,57000 ,松坂町,37.65654,139.05034,0,1
3755,15,209,58000 ,皆川,37.662154,139.063761,0,1
3756,15,209,59000 ,都ケ丘,37.669454,139.061004,0,1
3757,15,209,60000 ,矢立,37.654612,139.046564,0,1
3758,15,209,61001 ,柳町一丁目,37.65484,139.041145,0,3
3759,15,209,61002 ,柳町二丁目,37.655882,139.038929,0,3
3760,15,209,62001 ,八幡一丁目,37.656932,139.068879,0,3
3761,15,209,62002 ,八幡二丁目,37.657833,139.067668,0,3
3762,15,209,62003 ,八幡三丁目,37.659733,139.070457,0,3
3763,15,209,63000 ,横江,37.652423,139.033935,0,1
3764,15,209,64001 ,若宮町一丁目,37.654358,139.066772,0,3
3765,15,209,64002 ,若宮町二丁目,37.651409,139.067546,0,3
3766,15,210,1000 ,会沢,37.157891,138.626825,0,1
3767,15,210,2000 ,明石町,37.118863,138.739777,0,1
3768,15,210,3000 ,赤谷癸,37.210272,138.681025,0,1
3769,15,210,4000 ,莇平,37.16287,138.584778,0,1
3770,15,210,5000 ,新里,37.016356,138.688279,0,1
3771,15,210,6000 ,新町新田,37.195036,138.733337,0,1
3772,15,210,7000 ,荒屋,37.048215,138.690136,0,1
3773,15,210,8000 ,新屋敷,37.082378,138.707316,0,1
3774,15,210,9000 ,安養寺,37.089703,138.697689,0,1
3775,15,210,10000 ,亥乙,37.127673,138.816499,0,1
3776,15,210,11000 ,池尻,37.125658,138.587767,0,1
3777,15,210,12000 ,池之畑,37.121024,138.630296,0,1
3778,15,210,13000 ,伊勢平治,37.168952,138.756501,0,1
3779,15,210,14000 ,市之越,37.026057,138.722982,0,1
3780,15,210,15000 ,稲葉,37.156056,138.709082,0,1
3781,15,210,16000 ,戌,37.107617,138.826904,0,1
3782,15,210,17000 ,犬伏,37.138375,138.651309,0,1
3783,15,210,18000 ,芋川,37.026469,138.697439,0,1
3784,15,210,19000 ,芋川新田,37.038342,138.692328,0,1
3785,15,210,20000 ,芋沢,37.06579,138.716368,0,1
3786,15,210,21000 ,岩瀬子,37.209545,138.697297,0,1
3787,15,210,22000 ,卯,37.121267,138.790122,0,1
3788,15,210,23000 ,上野,37.176014,138.74545,0,1
3789,15,210,24000 ,上野甲,37.185257,138.731438,0,1
3790,15,210,25000 ,午,37.131408,138.790723,0,1
3791,15,210,26000 ,浦田,37.059323,138.554537,0,1
3792,15,210,27000 ,上山,37.05267,138.699793,0,1
3793,15,210,28000 ,大倉丑,37.209742,138.711136,0,1
3794,15,210,29000 ,大黒沢,37.107727,138.745742,0,1
3795,15,210,30000 ,大白倉寅,37.222134,138.702028,0,1
3796,15,210,31000 ,沖立,37.163327,138.746833,0,1
3797,15,210,32000 ,尾崎,37.14939,138.771875,0,1
3798,15,210,33000 ,乙,37.097589,138.759053,0,1
3799,15,210,34000 ,苧島,37.156274,138.656471,0,1
3800,15,210,35000 ,海老,37.110667,138.654845,0,1
3801,15,210,36000 ,角間,36.996904,138.746832,0,1
3802,15,210,38000 ,片桐山,37.141166,138.67397,0,1
3803,15,210,39000 ,桂,37.06034,138.701263,0,1
3804,15,210,40000 ,庚,37.045477,138.792077,0,1
3805,15,210,41000 ,上新井,37.153285,138.745854,0,1
3806,15,210,42000 ,上組,37.188617,138.799079,0,1
3807,15,210,43000 ,上新田,37.184259,138.774509,0,1
3808,15,210,44000 ,蒲生,37.132097,138.581529,0,1
3809,15,210,45000 ,河内町,37.124474,138.752547,0,1
3810,15,210,46000 ,川治,37.106317,138.764946,0,1
3811,15,210,47000 ,己,37.068982,138.775333,0,1
3812,15,210,48000 ,木落,37.189335,138.76627,0,1
3813,15,210,49000 ,桔梗原,37.037314,138.696821,0,1
3814,15,210,50000 ,北鐙坂,37.130416,138.69556,0,1
3815,15,210,51000 ,北新田,37.123232,138.743125,0,1
3816,15,210,52000 ,儀明,37.140702,138.55631,0,1
3817,15,210,53000 ,桐山,37.175846,138.654155,0,1
3818,15,210,54000 ,木和田原,37.135231,138.540801,0,1
3819,15,210,55000 ,倉下,36.992716,138.762816,0,1
3820,15,210,56000 ,倉俣,37.011722,138.698322,0,1
3821,15,210,57001 ,下条一丁目,37.183256,138.784469,0,3
3822,15,210,57002 ,下条二丁目,37.172754,138.767245,0,3
3823,15,210,57003 ,下条三丁目,37.195945,138.776197,0,3
3824,15,210,57004 ,下条四丁目,37.200993,138.779199,0,3
3825,15,210,58000 ,小荒戸,37.130922,138.625739,0,1
3826,15,210,59000 ,小池,37.160371,138.5748,0,1
3827,15,210,60000 ,小泉,37.142193,138.728929,0,1
3828,15,210,61000 ,小出,36.953155,138.734933,0,1
3829,15,210,62000 ,甲,37.108116,138.754726,0,1
3830,15,210,63000 ,高道山,37.032423,138.705917,0,1
3831,15,210,64000 ,小黒沢,37.09503,138.756111,0,1
3832,15,210,65000 ,越ケ沢壬,37.195926,138.703234,0,1
3833,15,210,66000 ,小白倉卯,37.228358,138.686542,0,1
3834,15,210,67001 ,寿町一丁目,37.126073,138.752711,0,3
3835,15,210,67002 ,寿町二丁目,37.127383,138.753093,0,3
3836,15,210,67003 ,寿町三丁目,37.128208,138.753977,0,3
3837,15,210,67004 ,寿町四丁目,37.129293,138.754537,0,3
3838,15,210,68000 ,小根岸,37.177438,138.762154,0,1
3839,15,210,69000 ,小原,37.062868,138.695371,0,1
3840,15,210,70000 ,小松原,36.909959,138.694902,0,1
3841,15,210,71000 ,小屋丸,37.112175,138.621521,0,1
3842,15,210,72000 ,小脇丁,37.1622,138.671905,0,1
3843,15,210,73000 ,西方,36.988902,138.728956,0,1
3844,15,210,74000 ,栄町,37.130807,138.755277,0,1
3845,15,210,75000 ,真田乙,37.117918,138.687681,0,1
3846,15,210,76000 ,真田甲,37.107427,138.677933,0,1
3847,15,210,77000 ,真田丁,37.114472,138.678161,0,1
3848,15,210,78000 ,真田丙,37.126572,138.683802,0,1
3849,15,210,79000 ,申甲,37.11077,138.79812,0,1
3850,15,210,80000 ,三領,37.18154,138.763231,0,1
3851,15,210,81000 ,下平新田,37.183971,138.756976,0,1
3852,15,210,82000 ,清水,37.167758,138.632164,0,1
3853,15,210,83000 ,下組,37.214988,138.792418,0,1
3854,15,210,84000 ,霜条,37.174421,138.741218,0,1
3855,15,210,85000 ,重地,37.011739,138.707876,0,1
3856,15,210,86001 ,昭和町一丁目,37.130258,138.756349,0,3
3857,15,210,86002 ,昭和町二丁目,37.132258,138.757427,0,3
3858,15,210,86003 ,昭和町三丁目,37.133477,138.757644,0,3
3859,15,210,86004 ,昭和町四丁目,37.135205,138.758761,0,3
3860,15,210,87000 ,白羽毛,37.019809,138.714341,0,1
3861,15,210,88000 ,新座乙,37.132614,138.82437,0,1
3862,15,210,89000 ,新宮乙,37.099498,138.723295,0,1
3863,15,210,90000 ,新宮甲,37.065166,138.750773,0,1
3864,15,210,91000 ,菅刈,37.146453,138.630559,0,1
3865,15,210,92000 ,姿,37.103152,138.704447,0,1
3866,15,210,93000 ,住吉町,37.134808,138.749549,0,1
3867,15,210,94000 ,清田山,36.991755,138.712816,0,1
3868,15,210,95000 ,関口樋口町,37.133052,138.759941,0,1
3869,15,210,96000 ,仙納,37.158129,138.595188,0,1
3870,15,210,97000 ,太平,37.139751,138.625831,0,1
3871,15,210,98000 ,高倉戊,37.159834,138.691285,0,1
3872,15,210,99000 ,高島,37.115966,138.721726,0,1
3873,15,210,100001 ,高田町一丁目,37.131427,138.758712,0,3
3874,15,210,100002 ,高田町二丁目,37.131884,138.755987,0,3
3875,15,210,100003 ,高田町三丁目,37.132993,138.754006,0,3
3876,15,210,100004 ,高田町四丁目,37.132814,138.750246,0,3
3877,15,210,100005 ,高田町五丁目,37.133915,138.74673,3,3
3878,15,210,100006 ,高田町六丁目,37.136698,138.744007,1,3
3879,15,210,101000 ,鷹羽,37.020483,138.746137,0,1
3880,15,210,102000 ,高原田,37.16921,138.73892,0,1
3881,15,210,103000 ,高山,37.129517,138.743561,0,1
3882,15,210,104000 ,滝沢,37.147371,138.679889,0,1
3883,15,210,105000 ,竹所,37.121467,138.543847,0,1
3884,15,210,106000 ,田沢本村,37.057639,138.714333,0,1
3885,15,210,107000 ,田代,36.975782,138.71679,0,1
3886,15,210,108000 ,伊達乙,37.085353,138.749896,0,1
3887,15,210,109000 ,伊達庚,37.037669,138.782335,0,1
3888,15,210,110000 ,伊達己,37.058474,138.77009,0,1
3889,15,210,111000 ,伊達甲,37.088577,138.755623,0,1
3890,15,210,112000 ,伊達辛,37.031143,138.761478,0,1
3891,15,210,113000 ,伊達丁,37.071833,138.762086,0,1
3892,15,210,114000 ,城之古,37.12302,138.73723,0,1
3893,15,210,115000 ,伊達丙,37.077723,138.750762,0,1
3894,15,210,116000 ,伊達戊,37.061912,138.760621,0,1
3895,15,210,117000 ,田戸辛,37.18515,138.701247,0,1
3896,15,210,118000 ,田中,37.055629,138.696139,0,1
3897,15,210,119000 ,田野倉,37.147594,138.585459,0,1
3898,15,210,120000 ,樽沢,37.142644,138.701293,0,1
3899,15,210,121000 ,千年,37.121301,138.605694,0,1
3900,15,210,122001 ,千歳町一丁目,37.124958,138.754073,0,3
3901,15,210,122002 ,千歳町二丁目,37.126318,138.755061,0,3
3902,15,210,122003 ,千歳町三丁目,37.127783,138.755795,0,3
3903,15,210,123000 ,土倉,37.003491,138.767426,0,1
3904,15,210,124000 ,坪山,37.173965,138.720462,0,1
3905,15,210,125001 ,妻有町西一丁目,37.124568,138.750794,0,3
3906,15,210,125002 ,妻有町西二丁目,37.122971,138.750285,0,3
3907,15,210,125003 ,妻有町西三丁目,37.121588,138.749398,0,3
3908,15,210,126001 ,妻有町東一丁目,37.122665,138.752257,0,3
3909,15,210,126002 ,妻有町東二丁目,37.120988,138.750856,0,3
3910,15,210,127000 ,鶴吉,37.178695,138.733359,0,1
3911,15,210,128000 ,丁,37.079479,138.786366,0,1
3912,15,210,129000 ,寺ケ崎,37.196916,138.749784,0,1
3913,15,210,130000 ,寺田,37.152713,138.565345,0,1
3914,15,210,131000 ,峠,37.118617,138.530578,0,1
3915,15,210,132000 ,東善寺,37.161088,138.720199,0,1
3916,15,210,133000 ,通り山,37.043448,138.702811,0,1
3917,15,210,134000 ,友重乙,37.171556,138.751617,0,1
3918,15,210,135000 ,友重甲,37.171199,138.754676,0,1
3919,15,210,136000 ,寅乙,37.146633,138.749833,0,1
3920,15,210,137000 ,酉甲,37.103663,138.809393,0,1
3921,15,210,138000 ,中子,37.150205,138.669178,0,1
3922,15,210,139000 ,中里下山,37.00068,138.707143,0,1
3923,15,210,140000 ,中条乙,37.164759,138.786173,0,1
3924,15,210,141000 ,中条庚,37.156779,138.815357,0,1
3925,15,210,142000 ,中条己,37.169767,138.807841,0,1
3926,15,210,143000 ,中条甲,37.165507,138.769297,0,1
3927,15,210,144000 ,中条丁,37.139149,138.85542,0,1
3928,15,210,145000 ,中条丙,37.148648,138.790411,0,1
3929,15,210,146000 ,中条戊,37.165097,138.831864,0,1
3930,15,210,147000 ,中仙田甲,37.196664,138.676776,0,1
3931,15,210,148000 ,中屋敷,37.165592,138.731803,0,1
3932,15,210,149000 ,名平,37.145325,138.576256,0,1
3933,15,210,150000 ,奈良立,37.108814,138.571134,0,1
3934,15,210,151001 ,錦町一丁目,37.128605,138.74981,0,3
3935,15,210,151002 ,錦町二丁目,37.129022,138.748804,0,3
3936,15,210,152000 ,西田尻,36.994171,138.724316,0,1
3937,15,210,153000 ,仁田,37.204139,138.741833,0,1
3938,15,210,154000 ,如来寺,37.052265,138.708652,0,1
3939,15,210,155000 ,子,37.131421,138.754668,0,1
3940,15,210,156000 ,野口,37.211874,138.75134,0,1
3941,15,210,157000 ,八箇乙,37.104569,138.771919,0,1
3942,15,210,158000 ,八箇庚,37.081471,138.800708,0,1
3943,15,210,159000 ,八箇己,37.089317,138.796746,0,1
3944,15,210,160000 ,八箇甲,37.109135,138.774547,0,1
3945,15,210,161000 ,八箇辛,37.092081,138.811738,0,1
3946,15,210,162000 ,八箇壬,37.079472,138.817636,0,1
3947,15,210,163000 ,八箇丁,37.089295,138.785337,0,1
3948,15,210,164000 ,八箇丙,37.099868,138.787401,0,1
3949,15,210,165000 ,八箇戊,37.095428,138.79509,0,1
3950,15,210,166000 ,馬場乙,37.0797,138.717953,0,1
3951,15,210,167000 ,馬場庚,37.050599,138.750117,0,1
3952,15,210,168000 ,馬場己,37.065134,138.74339,0,1
3953,15,210,169000 ,馬場癸,37.054419,138.734815,0,1
3954,15,210,170000 ,馬場甲,37.06915,138.720543,0,1
3955,15,210,171000 ,馬場辛,37.0668,138.73672,0,1
3956,15,210,172000 ,馬場壬,37.06908,138.731342,0,1
3957,15,210,173000 ,馬場丁,37.088391,138.735971,0,1
3958,15,210,174000 ,馬場丙,37.086655,138.724193,0,1
3959,15,210,175000 ,馬場戊,37.090083,138.740025,0,1
3960,15,210,176000 ,原町,37.028123,138.688141,0,1
3961,15,210,177000 ,東下組,37.195715,138.817861,0,1
3962,15,210,178000 ,東田沢,37.041165,138.721246,0,1
3963,15,210,179000 ,東田尻,37.003156,138.735874,0,1
3964,15,210,180000 ,未乙,37.122821,138.806868,0,1
3965,15,210,181000 ,干溝,37.055431,138.689901,0,1
3966,15,210,182000 ,福島,37.099151,138.559854,0,1
3967,15,210,183000 ,袋町中,37.130319,138.758769,0,1
3968,15,210,184000 ,袋町西,37.130513,138.757954,0,1
3969,15,210,185000 ,袋町東,37.130268,138.759533,0,1
3970,15,210,186000 ,藤沢庚,37.174939,138.696747,0,1
3971,15,210,187000 ,丙,37.096981,138.764945,0,1
3972,15,210,188000 ,戊,37.071029,138.785615,0,1
3973,15,210,189000 ,朴木沢,37.02685,138.709045,0,1
3974,15,210,190000 ,程島,37.011326,138.73227,0,1
3975,15,210,191000 ,堀之内,37.075573,138.707904,0,1
3976,15,210,192000 ,本町一丁目上,37.127749,138.759291,0,1
3977,15,210,193000 ,本町一丁目下,37.128837,138.760189,0,1
3978,15,210,194002 ,本町二丁目,37.130982,138.760616,0,3
3979,15,210,194003 ,本町三丁目,37.132827,138.760807,0,3
3980,15,210,194004 ,本町四丁目,37.134245,138.761194,0,3
3981,15,210,194005 ,本町五丁目,37.135783,138.761453,0,3
3982,15,210,195001 ,本町西一丁目,37.128891,138.757686,0,3
3983,15,210,196001 ,本町東一丁目,37.128254,138.760808,0,3
3984,15,210,197000 ,牧畑,37.001661,138.718267,0,1
3985,15,210,198000 ,松代,37.133778,138.607944,0,1
3986,15,210,199000 ,松代下山,37.121718,138.64552,0,1
3987,15,210,200000 ,松代田沢,37.13751,138.638458,0,1
3988,15,210,201000 ,松代東山,37.095777,138.6614,0,1
3989,15,210,202000 ,松之山,37.082774,138.601122,0,1
3990,15,210,203000 ,松之山赤倉,37.102413,138.644455,0,1
3991,15,210,204000 ,松之山天水越,37.042457,138.578586,0,1
3992,15,210,205000 ,松之山天水島,37.051702,138.604926,0,1
3993,15,210,206000 ,松之山新山,37.096908,138.605327,0,1
3994,15,210,207000 ,松之山五十子平,37.086432,138.640279,0,1
3995,15,210,208000 ,松之山大荒戸,37.106999,138.608979,0,1
3996,15,210,209000 ,松之山上鰕池,37.073179,138.654685,0,1
3997,15,210,210000 ,松之山観音寺,37.08713,138.620498,0,1
3998,15,210,211000 ,松之山黒倉,37.093729,138.576522,0,1
3999,15,210,212000 ,松之山小谷,37.110794,138.588881,0,1
4000,15,210,213000 ,松之山沢口,37.091761,138.622612,0,1
4001,15,210,214000 ,松之山下鰕池,37.075648,138.632722,0,1
4002,15,210,215000 ,松之山坪野,37.092373,138.640208,0,1
4003,15,210,216000 ,松之山中尾,37.054235,138.63326,0,1
4004,15,210,217000 ,松之山東川,37.066027,138.642767,0,1
4005,15,210,218000 ,松之山東山,37.091392,138.655135,0,1
4006,15,210,219000 ,松之山光間,37.089882,138.61579,0,1
4007,15,210,220000 ,松之山藤倉,37.059567,138.618818,0,1
4008,15,210,221000 ,松之山古戸,37.087802,138.624226,0,1
4009,15,210,222000 ,松之山松口,37.100397,138.622403,0,1
4010,15,210,223000 ,松之山三桶,37.101397,138.631492,0,1
4011,15,210,224000 ,松之山水梨,37.102641,138.587345,0,1
4012,15,210,225000 ,松之山湯本,37.063736,138.587229,0,1
4013,15,210,226000 ,松山新田,37.135029,138.625022,0,1
4014,15,210,227000 ,丸山町,37.134165,138.754244,0,1
4015,15,210,228000 ,巳乙,37.129216,138.802489,0,1
4016,15,210,229000 ,水野町,37.132654,138.762284,0,1
4017,15,210,230000 ,水口沢,37.163498,138.706746,0,1
4018,15,210,231000 ,南鐙坂,37.126298,138.720873,0,1
4019,15,210,232001 ,南新田町一丁目,37.143991,138.760413,0,3
4020,15,210,232002 ,南新田町二丁目,37.145204,138.76087,0,3
4021,15,210,232003 ,南新田町三丁目,37.146678,138.761461,0,3
4022,15,210,233000 ,宮沢,37.024906,138.711669,0,1
4023,15,210,234000 ,宮下町西,37.130015,138.76143,0,1
4024,15,210,235000 ,宮中,37.069274,138.690985,0,1
4025,15,210,236001 ,美雪町一丁目,37.126965,138.750452,0,3
4026,15,210,236002 ,美雪町二丁目,37.127759,138.751416,0,3
4027,15,210,236003 ,美雪町三丁目,37.128909,138.751887,0,3
4028,15,210,237000 ,葎沢,36.959271,138.766219,0,1
4029,15,210,238000 ,村山新田,37.218523,138.77663,0,1
4030,15,210,239000 ,室島乙,37.179993,138.675337,0,1
4031,15,210,240000 ,室野,37.115176,138.560879,0,1
4032,15,210,241000 ,孟地,37.137412,138.663972,0,1
4033,15,210,242000 ,本屋敷,37.08141,138.68915,0,1
4034,15,210,243000 ,山崎,37.051149,138.694412,0,1
4035,15,210,244000 ,山野田,37.15701,138.728884,0,1
4036,15,210,245000 ,山本,37.119968,138.760849,0,1
4037,15,210,246001 ,山本町一丁目,37.119758,138.757127,0,3
4038,15,210,246002 ,山本町二丁目,37.123303,138.755925,0,3
4039,15,210,246003 ,山本町三丁目,37.124411,138.755324,0,3
4040,15,210,246004 ,山本町四丁目,37.124601,138.757091,0,3
4041,15,210,246005 ,山本町五丁目,37.126264,138.757546,0,3
4042,15,210,247000 ,山谷,37.149877,138.720412,0,1
4043,15,210,248000 ,四日町,37.151383,138.758835,0,1
4044,15,210,249000 ,四日町新田,37.14033,138.817908,0,1
4045,15,210,250000 ,蓬平,37.154248,138.60837,0,1
4046,15,210,251000 ,若宮町,37.133123,138.76222,0,1
4047,15,210,252000 ,田中町西,37.13414,138.762059,0,1
4048,15,210,253000 ,西浦町東,37.134639,138.760141,0,1
4049,15,210,254000 ,西浦町西,37.135091,138.759488,0,1
4050,15,210,255000 ,駅通り,37.13419,138.758797,0,1
4051,15,210,256000 ,加賀糸屋町,37.133229,138.759056,0,1
4052,15,210,257000 ,西寺町,37.132408,138.759015,0,1
4053,15,210,258000 ,七軒町,37.131831,138.758914,0,1
4054,15,210,259000 ,泉町,37.132706,138.756402,0,1
4055,15,210,260000 ,松之山湯山,37.0765,138.60906,0,1
4056,15,210,261000 ,松之山猪之名,37.085192,138.628921,0,1
4057,15,210,262000 ,松之山藤内名,37.084059,138.624011,0,1
4058,15,210,263000 ,松之山坂下,37.083874,138.62104,0,1
4059,15,210,264000 ,松之山橋詰,37.081002,138.622496,0,1
4060,15,210,265000 ,巳甲,37.132142,138.779516,0,1
4061,15,210,266001 ,田川町一丁目,37.135364,138.766026,0,3
4062,15,210,266002 ,田川町二丁目,37.133439,138.769264,0,3
4063,15,210,266003 ,田川町三丁目,37.133075,138.76768,0,3
4064,15,210,267000 ,神明町,37.132083,138.761966,0,1
4065,15,210,268000 ,諏訪町,37.131033,138.761851,0,1
4066,15,210,269000 ,宮下町東,37.129748,138.761902,0,1
4067,15,210,270000 ,辰甲,37.11685,138.771729,0,1
4068,15,210,271001 ,学校町一丁目,37.130163,138.766543,0,3
4069,15,210,271002 ,学校町二丁目,37.128008,138.765539,0,3
4070,15,210,272000 ,田中町本通り,37.135064,138.763298,0,1
4071,15,210,273000 ,田中町東,37.133825,138.762852,0,1
4072,15,210,274000 ,川原町,37.13218,138.766232,0,1
4073,15,210,275000 ,辰乙,37.1207,138.776745,0,1
4074,15,210,276000 ,新座甲,37.139305,138.783793,0,1
4075,15,210,277000 ,下川原町,37.142117,138.760221,0,1
4076,15,210,278001 ,本町六の一丁目,37.138591,138.761416,0,3
4077,15,210,278002 ,本町六の二丁目,37.137033,138.760878,0,3
4078,15,210,278003 ,本町六の三丁目,37.14067,138.761497,0,3
4079,15,210,279000 ,上川町,37.136955,138.764321,0,1
4080,15,210,280001 ,稲荷町一丁目,37.136125,138.759792,0,3
4081,15,210,280002 ,稲荷町二丁目,37.137608,138.759346,0,3
4082,15,210,280003 ,稲荷町三丁目,37.13752,138.75662,0,3
4083,15,210,280004 ,稲荷町四丁目,37.137696,138.753874,0,3
4084,15,210,281000 ,旭町,37.13515,138.756367,0,1
4085,15,210,282000 ,稲荷町三丁目東,37.136614,138.758097,0,1
4086,15,210,283000 ,八幡田町,37.14002,138.759157,0,1
4087,15,210,284001 ,西本町一丁目,37.140958,138.75589,0,3
4088,15,210,284002 ,西本町二丁目,37.143038,138.756169,0,3
4089,15,210,284003 ,西本町三丁目,37.146497,138.753927,0,3
4090,15,210,285000 ,稲荷町三丁目北,37.138247,138.757868,0,1
4091,15,210,286000 ,稲荷町西,37.139727,138.75474,0,1
4092,15,210,287000 ,稲荷町三丁目本通り,37.139836,138.753052,0,1
4093,15,210,288000 ,丑,37.139395,138.745955,3,1
4094,15,210,289000 ,千代田町,37.136015,138.752513,0,1
4095,15,210,290000 ,稲荷町三丁目南,37.136198,138.755069,0,1
4096,15,210,291000 ,桜木町,37.129899,138.752152,0,1
4097,15,210,292001 ,春日町一丁目,37.13196,138.75036,0,3
4098,15,210,292002 ,春日町二丁目,37.131214,138.750066,0,3
4099,15,210,292003 ,春日町三丁目,37.130357,138.750034,0,3
4100,15,210,293000 ,高田町三丁目西,37.13364,138.75194,0,1
4101,15,210,294000 ,高田町三丁目南,37.131542,138.75296,0,1
4102,15,210,295002 ,高山二丁目,37.129721,138.746174,1,3
4103,15,210,295003 ,高山三丁目,37.13323,138.739221,1,3
4104,15,210,295004 ,高山四丁目,37.132424,138.743919,1,3
4105,15,210,296000 ,下島,37.143423,138.749744,1,1
4106,15,210,297000 ,上島,37.139223,138.748562,1,1
4107,15,210,298000 ,田麦,37.084596,138.770285,1,1
4108,15,210,299000 ,内島,37.141786,138.744153,1,1
4109,15,211,1000 ,熱田町,37.515292,138.91702,0,1
4110,15,211,2000 ,池之内町,37.514443,138.930021,0,1
4111,15,211,3000 ,池之島町,37.518117,138.967361,0,1
4112,15,211,4000 ,市野坪町,37.532121,138.906308,0,1
4113,15,211,5000 ,今町,37.558632,138.887238,0,1
4114,15,211,6001 ,今町一丁目,37.54723,138.884384,0,3
4115,15,211,6002 ,今町二丁目,37.550513,138.883917,0,3
4116,15,211,6003 ,今町三丁目,37.551361,138.887931,0,3
4117,15,211,6004 ,今町四丁目,37.545487,138.890722,0,3
4118,15,211,6005 ,今町五丁目,37.552137,138.891035,0,3
4119,15,211,6006 ,今町六丁目,37.554678,138.885972,0,3
4120,15,211,6007 ,今町七丁目,37.558771,138.891027,0,3
4121,15,211,6008 ,今町八丁目,37.557908,138.894896,0,3
4122,15,211,7000 ,牛ケ嶺町,37.507726,138.979993,0,1
4123,15,211,8000 ,内町,37.536933,138.932504,0,1
4124,15,211,9000 ,漆山町,37.512305,138.905354,0,1
4125,15,211,10000 ,太田町,37.502045,138.959401,0,1
4126,15,211,11000 ,鹿熊町,37.507865,138.896977,0,1
4127,15,211,12000 ,片桐町,37.556084,138.907248,0,1
4128,15,211,13001 ,学校町一丁目,37.530758,138.919544,0,3
4129,15,211,13002 ,学校町二丁目,37.535717,138.91968,0,3
4130,15,211,14000 ,加坪川町,37.527204,138.901188,0,1
4131,15,211,15000 ,上新田町,37.540127,138.884803,0,1
4132,15,211,16000 ,河野町,37.511222,138.969138,0,1
4133,15,211,17000 ,北野町,37.521455,138.897019,0,1
4134,15,211,18001 ,葛巻一丁目,37.527578,138.911782,0,3
4135,15,211,18002 ,葛巻二丁目,37.523271,138.914038,0,3
4136,15,211,18003 ,葛巻三丁目,37.520791,138.910212,0,3
4137,15,211,19000 ,葛巻西町,37.524687,138.888157,0,1
4138,15,211,20000 ,葛巻東町,37.522854,138.901558,0,1
4139,15,211,21000 ,葛巻町,37.519104,138.904654,0,1
4140,15,211,22000 ,葛巻南町,37.507464,138.891157,0,1
4141,15,211,23000 ,小栗山町,37.553592,138.9371,0,1
4142,15,211,24000 ,坂井町,37.565673,138.896953,0,1
4143,15,211,25001 ,坂井町一丁目,37.561677,138.891597,0,3
4144,15,211,26000 ,指出町,37.560897,138.92094,0,1
4145,15,211,27000 ,佐野町,37.462589,138.9513,0,1
4146,15,211,28000 ,三林町,37.583746,138.8759,0,1
4147,15,211,29000 ,芝野町,37.55009,138.896139,0,1
4148,15,211,30000 ,島切窪町,37.53475,138.941184,0,1
4149,15,211,31000 ,下新町,37.516671,138.912308,0,1
4150,15,211,32000 ,下関町,37.5631,138.875755,0,1
4151,15,211,33000 ,下鳥町,37.554777,138.912416,0,1
4152,15,211,34000 ,釈迦塚町,37.580618,138.883755,0,1
4153,15,211,35000 ,庄川平町,37.528021,138.936544,0,1
4154,15,211,36001 ,昭和町一丁目,37.533145,138.911557,0,3
4155,15,211,36002 ,昭和町二丁目,37.530455,138.912353,0,3
4156,15,211,37000 ,新幸町,37.535442,138.892674,0,1
4157,15,211,38000 ,神保町,37.500056,138.970828,0,1
4158,15,211,39001 ,新町一丁目,37.526441,138.921483,0,3
4159,15,211,39002 ,新町二丁目,37.527824,138.917946,0,3
4160,15,211,39003 ,新町三丁目,37.525243,138.918129,0,3
4161,15,211,40000 ,杉澤町,37.529381,138.984021,0,1
4162,15,211,41000 ,反田町,37.52631,138.894735,0,1
4163,15,211,42000 ,田井町,37.495447,138.925045,0,1
4164,15,211,43000 ,田之尻町,37.563498,138.906999,0,1
4165,15,211,44001 ,月見台一丁目,37.516484,138.926521,0,3
4166,15,211,44002 ,月見台二丁目,37.517282,138.931774,0,3
4167,15,211,45000 ,椿澤町,37.486307,138.941457,0,1
4168,15,211,46000 ,戸代新田町,37.537898,138.920353,0,1
4169,15,211,47000 ,栃窪町,37.477872,138.955966,0,1
4170,15,211,48000 ,鳥屋脇町,37.50793,138.912627,0,1
4171,15,211,49000 ,名木野町,37.505164,138.940328,0,1
4172,15,211,50000 ,新潟西町,37.552931,138.90236,0,1
4173,15,211,51000 ,新潟東町,37.552087,138.924037,0,1
4174,15,211,52000 ,新潟町,37.543857,138.939557,0,1
4175,15,211,53000 ,仁嘉町,37.527749,138.907701,0,1
4176,15,211,54000 ,西今町,37.5741,138.882208,0,1
4177,15,211,55000 ,速水町,37.533081,138.887717,0,1
4178,15,211,56000 ,東今町,37.567558,138.889945,0,1
4179,15,211,57000 ,福島町,37.534314,138.899098,0,1
4180,15,211,58000 ,双葉町,37.51715,138.922034,0,1
4181,15,211,59000 ,傍所町,37.51452,138.89379,0,1
4182,15,211,60000 ,堀溝町,37.532732,138.965192,0,1
4183,15,211,61001 ,本所一丁目,37.537359,138.911513,0,3
4184,15,211,61002 ,本所二丁目,37.539955,138.905977,0,3
4185,15,211,62000 ,本所町,37.53948,138.91753,0,1
4186,15,211,63000 ,本町,37.535427,138.936115,0,1
4187,15,211,64001 ,本町一丁目,37.528497,138.924156,0,3
4188,15,211,64002 ,本町二丁目,37.525428,138.923966,0,3
4189,15,211,64003 ,本町三丁目,37.529642,138.928369,0,3
4190,15,211,64004 ,本町四丁目,37.530852,138.925653,0,3
4191,15,211,65000 ,本明町,37.519353,138.955541,0,1
4192,15,211,66000 ,緑町,37.513946,138.921743,0,1
4193,15,211,67001 ,南本町一丁目,37.521343,138.925702,0,3
4194,15,211,67002 ,南本町二丁目,37.521418,138.922559,0,3
4195,15,211,67003 ,南本町三丁目,37.5216,138.918595,0,3
4196,15,211,68001 ,嶺崎一丁目,37.524188,138.927542,0,3
4197,15,211,68002 ,嶺崎二丁目,37.520289,138.929273,0,3
4198,15,211,69000 ,耳取町,37.502105,138.916219,0,1
4199,15,211,70000 ,宮之原町,37.516665,138.976456,0,1
4200,15,211,71000 ,明晶町,37.516609,138.942353,0,1
4201,15,211,72001 ,元町一丁目,37.537653,138.929361,0,3
4202,15,211,72002 ,元町二丁目,37.533689,138.926844,0,3
4203,15,211,73000 ,柳橋町,37.542121,138.900428,0,1
4204,15,211,74000 ,山崎興野町,37.530827,138.932307,0,1
4205,15,211,75000 ,山崎町,37.500496,138.921488,0,1
4206,15,211,76000 ,山吉町,37.527025,138.880138,0,1
4207,15,211,77000 ,青木町,37.517677,138.885922,0,1
4208,15,211,78000 ,石地町,37.547074,138.973528,0,1
4209,15,211,79000 ,庄川町,37.532748,138.954931,0,1
4210,15,211,80001 ,細越一丁目,37.524596,138.930857,0,3
4211,15,211,80002 ,細越二丁目,37.52369,138.935134,0,3
4212,15,211,81000 ,庄川新田町,37.521328,138.934013,0,1
4213,15,211,82000 ,美里町,37.546172,138.901703,0,1
4214,15,212,1000 ,赤沢,38.195919,139.54413,0,1
4215,15,212,2000 ,あけぼの,38.244984,139.50992,0,1
4216,15,212,3000 ,芦谷,38.458115,139.497974,0,1
4217,15,212,4000 ,荒川,38.458514,139.599007,0,1
4218,15,212,5000 ,荒川口,38.484673,139.568832,0,1
4219,15,212,6000 ,荒川縁新田,38.141255,139.431426,0,1
4220,15,212,7000 ,荒沢,38.341969,139.575565,0,1
4221,15,212,8000 ,安良町,38.223411,139.47684,0,1
4222,15,212,9000 ,荒屋,38.129612,139.41017,0,1
4223,15,212,10000 ,新屋,38.261997,139.570007,0,1
4224,15,212,11000 ,有明,38.179102,139.478982,0,1
4225,15,212,12000 ,飯岡,38.170393,139.471862,0,1
4226,15,212,13001 ,飯野一丁目,38.220244,139.475511,0,3
4227,15,212,13002 ,飯野二丁目,38.221902,139.474479,0,3
4228,15,212,13003 ,飯野三丁目,38.219525,139.471304,0,3
4229,15,212,14000 ,飯野桜ケ丘,38.221994,139.471097,0,1
4230,15,212,15000 ,飯野西,38.222896,139.465489,0,1
4231,15,212,16000 ,雷,38.499192,139.676429,0,1
4232,15,212,17000 ,伊呉野,38.552385,139.549303,0,1
4233,15,212,18000 ,石住,38.254374,139.546855,0,1
4234,15,212,19000 ,石原,38.226317,139.492967,0,1
4235,15,212,20000 ,泉町,38.229034,139.477623,0,1
4236,15,212,21000 ,板貝,38.399416,139.462127,0,1
4237,15,212,22000 ,板屋越,38.304081,139.539608,0,1
4238,15,212,23000 ,板屋沢,38.474914,139.540324,0,1
4239,15,212,24000 ,今川,38.411719,139.468089,0,1
4240,15,212,25000 ,今宿,38.182112,139.463853,0,1
4241,15,212,26000 ,鋳物師,38.204596,139.530815,0,1
4242,15,212,27000 ,岩ケ崎,38.247773,139.443628,0,1
4243,15,212,28000 ,岩崩,38.24258,139.614864,0,1
4244,15,212,29000 ,岩崎,38.521414,139.537589,0,1
4245,15,212,30000 ,岩野沢,38.16017,139.4687,0,1
4246,15,212,31000 ,岩船,38.205413,139.445279,0,1
4247,15,212,32000 ,船,38.185258,139.458659,0,1
4248,15,212,33000 ,岩船上大町,38.193468,139.437183,0,1
4249,15,212,34000 ,岩船上浜町,38.191789,139.434105,0,1
4250,15,212,35000 ,岩船岸見寺町,38.19325,139.432401,0,1
4251,15,212,36000 ,岩船上町,38.189758,139.437802,0,1
4252,15,212,37000 ,岩船北浜町,38.194781,139.429507,0,1
4253,15,212,38000 ,岩船地蔵町,38.194214,139.431703,0,1
4254,15,212,39000 ,岩船下大町,38.193989,139.434824,0,1
4255,15,212,40000 ,岩船下浜町,38.19267,139.433624,0,1
4256,15,212,41000 ,岩船新田町,38.188413,139.43646,0,1
4257,15,212,42000 ,岩船縦新町,38.187365,139.434631,0,1
4258,15,212,43000 ,岩船中新町,38.19013,139.434987,0,1
4259,15,212,44000 ,岩船三日市,38.196553,139.431865,0,1
4260,15,212,45000 ,岩船港町,38.190461,139.431905,0,1
4261,15,212,46000 ,岩船横新町,38.190834,139.434875,0,1
4262,15,212,47000 ,上野,38.275994,139.513857,0,1
4263,15,212,48000 ,牛屋,38.152615,139.442308,0,1
4264,15,212,49000 ,鵜泊,38.481967,139.509011,0,1
4265,15,212,50000 ,鵜渡路,38.269851,139.507188,0,1
4266,15,212,51000 ,海老江,38.141025,139.414182,0,1
4267,15,212,52000 ,大欠,38.227095,139.467041,0,1
4268,15,212,53000 ,大栗田,38.180672,139.606102,0,1
4269,15,212,54000 ,大毎,38.42767,139.588726,0,1
4270,15,212,55000 ,大沢,38.41601,139.580459,0,1
4271,15,212,56000 ,大須戸,38.341566,139.556115,0,1
4272,15,212,57000 ,大関,38.214472,139.519648,0,1
4273,15,212,58000 ,大代,38.498616,139.643024,0,1
4274,15,212,59000 ,大谷沢,38.508553,139.549065,0,1
4275,15,212,60000 ,大津,38.128626,139.441998,0,1
4276,15,212,61000 ,大塚,38.185827,139.469149,0,1
4277,15,212,62000 ,大月,38.259882,139.448979,0,1
4278,15,212,63000 ,大場沢,38.244282,139.52712,0,1
4279,15,212,64000 ,大町,38.224313,139.478413,0,1
4280,15,212,65000 ,小川,38.247239,139.503543,0,1
4281,15,212,66000 ,小国町,38.223895,139.474092,0,1
4282,15,212,67000 ,遅郷,38.517118,139.562653,0,1
4283,15,212,68000 ,小谷,38.21739,139.527355,0,1
4284,15,212,69000 ,小俣,38.511151,139.602813,0,1
4285,15,212,70000 ,加賀町,38.228549,139.480227,0,1
4286,15,212,71000 ,垣之内,38.475581,139.54428,0,1
4287,15,212,72000 ,柏尾,38.295838,139.450345,0,1
4288,15,212,73000 ,鍛冶町,38.224682,139.471104,0,1
4289,15,212,74000 ,潟端,38.190525,139.462344,0,1
4290,15,212,75000 ,片町,38.229731,139.488387,0,1
4291,15,212,76000 ,勝木,38.489355,139.521498,0,1
4292,15,212,77000 ,学校町,38.227519,139.457959,0,1
4293,15,212,78000 ,金屋,38.134464,139.426266,0,1
4294,15,212,79000 ,釜杭,38.228113,139.573426,0,1
4295,15,212,80000 ,上相川,38.217955,139.513611,0,1
4296,15,212,81000 ,上大蔵,38.48068,139.535987,0,1
4297,15,212,82000 ,上大鳥,38.467193,139.561437,0,1
4298,15,212,83000 ,上鍜冶屋,38.110048,139.45702,0,1
4299,15,212,84000 ,上片町,38.228482,139.491517,0,1
4300,15,212,85000 ,上助渕,38.204435,139.477119,0,1
4301,15,212,86000 ,上中島,38.258337,139.549059,0,1
4302,15,212,87000 ,上の山,38.185782,139.440152,0,1
4303,15,212,88000 ,上山田,38.223899,139.556534,0,1
4304,15,212,89000 ,河内,38.162238,139.527685,0,1
4305,15,212,90000 ,川部,38.123771,139.482621,0,1
4306,15,212,91000 ,寒川,38.45134,139.49419,0,1
4307,15,212,92000 ,岩石,38.52176,139.566942,0,1
4308,15,212,93000 ,上町,38.222467,139.478306,0,1
4309,15,212,94000 ,北赤谷,38.471768,139.548283,0,1
4310,15,212,95000 ,北大平,38.321191,139.581673,0,1
4311,15,212,96000 ,北黒川,38.443173,139.594383,0,1
4312,15,212,97000 ,北新保,38.16817,139.437151,0,1
4313,15,212,98000 ,北田中,38.469051,139.554336,0,1
4314,15,212,99000 ,北中,38.439474,139.593404,0,1
4315,15,212,100000 ,切田,38.096495,139.447821,0,1
4316,15,212,101000 ,茎太,38.24705,139.604673,0,1
4317,15,212,102000 ,日下,38.225244,139.515274,0,1
4318,15,212,103000 ,久保多町,38.229572,139.484397,0,1
4319,15,212,104000 ,熊登,38.246292,139.542214,0,1
4320,15,212,105000 ,桑川,38.37292,139.45757,0,1
4321,15,212,106000 ,下渡,38.234816,139.474265,0,1
4322,15,212,107000 ,小揚,38.235556,139.590225,0,1
4323,15,212,108000 ,碁石,38.494121,139.517876,0,1
4324,15,212,109000 ,小出,38.184049,139.481042,0,1
4325,15,212,110000 ,越沢,38.440505,139.526707,0,1
4326,15,212,111000 ,小口川,38.191097,139.455243,0,1
4327,15,212,112000 ,九日市,38.178509,139.456324,0,1
4328,15,212,113000 ,小須戸,38.325615,139.560648,0,1
4329,15,212,114000 ,小町,38.226202,139.478815,0,1
4330,15,212,115000 ,薦川,38.293082,139.601462,0,1
4331,15,212,116000 ,細工町,38.222268,139.476523,0,1
4332,15,212,117000 ,幸町,38.226936,139.464014,0,1
4333,15,212,118000 ,肴町,38.224697,139.465174,0,1
4334,15,212,119000 ,坂町,38.110135,139.443031,0,1
4335,15,212,120000 ,笹川,38.386391,139.458745,0,1
4336,15,212,121000 ,笹平,38.231398,139.562763,0,1
4337,15,212,122000 ,指合,38.182157,139.501831,0,1
4338,15,212,123000 ,里本庄,38.193605,139.492955,0,1
4339,15,212,124000 ,山辺里,38.232,139.492119,0,1
4340,15,212,125001 ,山居町一丁目,38.215611,139.468235,0,3
4341,15,212,125002 ,山居町二丁目,38.213503,139.465846,0,3
4342,15,212,126000 ,三之町,38.223813,139.48019,0,1
4343,15,212,127000 ,塩野町,38.327394,139.55479,0,1
4344,15,212,128000 ,塩町,38.226658,139.475859,0,1
4345,15,212,129000 ,塩谷,38.15945,139.419005,0,1
4346,15,212,130000 ,志田平,38.204704,139.465739,0,1
4347,15,212,131000 ,下相川,38.224934,139.503292,0,1
4348,15,212,132000 ,下大蔵,38.484922,139.532936,0,1
4349,15,212,133000 ,下大鳥,38.474056,139.552429,0,1
4350,15,212,134000 ,下鍜冶屋,38.112038,139.45288,0,1
4351,15,212,135000 ,下新保,38.256364,139.53,0,1
4352,15,212,136000 ,下助渕,38.196514,139.467979,0,1
4353,15,212,137000 ,下中島,38.260668,139.500115,0,1
4354,15,212,138000 ,下山田,38.232466,139.526719,0,1
4355,15,212,139000 ,庄内町,38.228041,139.482471,0,1
4356,15,212,140000 ,新光寺,38.12253,139.413387,0,1
4357,15,212,141000 ,新町,38.224304,139.48901,0,1
4358,15,212,142000 ,菅沼,38.198013,139.53281,0,1
4359,15,212,143000 ,杉平,38.519398,139.557021,0,1
4360,15,212,144000 ,杉原,38.227434,139.488019,0,1
4361,15,212,145000 ,関口,38.304669,139.552926,0,1
4362,15,212,146000 ,瀬波,38.228682,139.450248,0,1
4363,15,212,147001 ,瀬波温泉一丁目,38.223711,139.444308,0,3
4364,15,212,147002 ,瀬波温泉二丁目,38.215097,139.443936,0,3
4365,15,212,147003 ,瀬波温泉三丁目,38.207778,139.434704,0,3
4366,15,212,148000 ,瀬波上町,38.230389,139.457145,0,1
4367,15,212,149000 ,瀬波新田町,38.236448,139.451036,0,1
4368,15,212,150000 ,瀬波中町,38.228373,139.45354,0,1
4369,15,212,151000 ,瀬波浜町,38.231938,139.451558,0,1
4370,15,212,152000 ,瀬波横町,38.233136,139.453639,0,1
4371,15,212,153000 ,十川,38.250706,139.514181,0,1
4372,15,212,154000 ,大工町,38.224034,139.477017,0,1
4373,15,212,155000 ,高根,38.329692,139.607637,0,1
4374,15,212,156000 ,高御堂,38.186468,139.461272,0,1
4375,15,212,157000 ,滝の前,38.241766,139.453397,0,1
4376,15,212,158000 ,立島,38.479537,139.530839,0,1
4377,15,212,159000 ,田端町,38.220753,139.466053,0,1
4378,15,212,160000 ,千縄,38.2485,139.598335,0,1
4379,15,212,161000 ,仲間町,38.221917,139.492174,0,1
4380,15,212,162000 ,葛籠山,38.132292,139.469923,0,1
4381,15,212,163000 ,坪根,38.218253,139.503106,0,1
4382,15,212,164000 ,寺尾,38.251755,139.490782,0,1
4383,15,212,165000 ,寺町,38.224849,139.476577,0,1
4384,15,212,166000 ,天神岡,38.234199,139.506387,0,1
4385,15,212,167000 ,塔下,38.510162,139.558078,0,1
4386,15,212,168000 ,遠矢崎,38.477964,139.537941,0,1
4387,15,212,169000 ,殿岡,38.189053,139.482044,0,1
4388,15,212,170000 ,鳥屋,38.137881,139.437386,0,1
4389,15,212,171000 ,長井町,38.220511,139.478008,0,1
4390,15,212,172000 ,中川原団地,38.227408,139.470728,0,1
4391,15,212,173000 ,中倉,38.124453,139.430645,0,1
4392,15,212,174000 ,長坂,38.478917,139.539371,0,1
4393,15,212,175000 ,中新保,38.260249,139.562128,0,1
4394,15,212,176000 ,中継,38.479282,139.607231,0,1
4395,15,212,177000 ,中津原,38.458786,139.575398,0,1
4396,15,212,178000 ,中野,38.111072,139.423924,0,1
4397,15,212,179000 ,中浜,38.538556,139.548298,0,1
4398,15,212,180000 ,長政,38.103068,139.427453,0,1
4399,15,212,181000 ,長松,38.162625,139.436032,0,1
4400,15,212,182000 ,梨木,38.10498,139.459698,0,1
4401,15,212,183000 ,七湊,38.205209,139.457802,0,1
4402,15,212,184000 ,名割,38.117822,139.424238,0,1
4403,15,212,185000 ,新飯田,38.187475,139.450243,0,1
4404,15,212,186000 ,西興屋,38.2437,139.490819,0,1
4405,15,212,187000 ,二之町,38.223353,139.483562,0,1
4406,15,212,188000 ,温出,38.514184,139.55132,0,1
4407,15,212,189000 ,寝屋,38.486352,139.512633,0,1
4408,15,212,190000 ,野潟,38.268825,139.450041,0,1
4409,15,212,191000 ,羽ヶ榎,38.124883,139.448858,0,1
4410,15,212,192000 ,羽黒口,38.220387,139.481603,0,1
4411,15,212,193000 ,羽黒町,38.218463,139.478976,0,1
4412,15,212,194000 ,羽下ケ渕,38.240276,139.461872,0,1
4413,15,212,195000 ,浜新田,38.219217,139.448352,0,1
4414,15,212,196000 ,浜新保,38.366766,139.455255,0,1
4415,15,212,197000 ,早川,38.325312,139.453893,0,1
4416,15,212,198000 ,春木山,38.109471,139.462499,0,1
4417,15,212,199000 ,東興屋,38.223071,139.498204,0,1
4418,15,212,200000 ,檜原,38.293606,139.535587,0,1
4419,15,212,201000 ,平林,38.14176,139.462419,0,1
4420,15,212,202000 ,福田,38.15357,139.428422,0,1
4421,15,212,203000 ,藤沢,38.120313,139.453474,0,1
4422,15,212,204000 ,蒲萄,38.388836,139.554346,0,1
4423,15,212,205000 ,府屋,38.514323,139.533591,0,1
4424,15,212,206000 ,古渡路,38.243276,139.503771,0,1
4425,15,212,207000 ,朴平,38.479316,139.581723,0,1
4426,15,212,208000 ,堀片,38.225764,139.489852,0,1
4427,15,212,209000 ,堀野,38.256211,139.559039,0,1
4428,15,212,210000 ,堀ノ内,38.514323,139.547218,0,1
4429,15,212,211000 ,馬下,38.346257,139.453185,0,1
4430,15,212,212000 ,牧目,38.173044,139.452068,0,1
4431,15,212,213000 ,間島,38.27589,139.451919,0,1
4432,15,212,214000 ,間瀬,38.485017,139.519925,0,1
4433,15,212,215000 ,松岡,38.320671,139.550536,0,1
4434,15,212,216000 ,松喜和,38.179122,139.441292,0,1
4435,15,212,217000 ,松沢,38.152056,139.475376,0,1
4436,15,212,218000 ,松波町,38.231275,139.449048,0,1
4437,15,212,219001 ,松原町一丁目,38.225739,139.462384,0,3
4438,15,212,219002 ,松原町二丁目,38.225197,139.459231,0,3
4439,15,212,219003 ,松原町三丁目,38.223829,139.461152,0,3
4440,15,212,219004 ,松原町四丁目,38.226098,139.460318,0,3
4441,15,212,220000 ,松山,38.215759,139.456464,0,1
4442,15,212,221000 ,三面,38.248372,139.723198,0,1
4443,15,212,222000 ,三日市,38.207068,139.443208,0,1
4444,15,212,223001 ,緑町一丁目,38.223105,139.459815,0,3
4445,15,212,223002 ,緑町二丁目,38.22082,139.45725,0,3
4446,15,212,223003 ,緑町三丁目,38.220491,139.454347,0,3
4447,15,212,223004 ,緑町四丁目,38.21841,139.45772,0,3
4448,15,212,223005 ,緑町五丁目,38.219628,139.460897,0,3
4449,15,212,224000 ,南大平,38.177009,139.531154,0,1
4450,15,212,225000 ,南新保,38.119002,139.413096,0,1
4451,15,212,226000 ,南田中,38.164414,139.45067,0,1
4452,15,212,227001 ,南町一丁目,38.217577,139.473988,0,3
4453,15,212,227002 ,南町二丁目,38.216358,139.471635,0,3
4454,15,212,228000 ,宮ノ下,38.257002,139.497821,0,1
4455,15,212,229000 ,村上,38.22904,139.464225,0,1
4456,15,212,230000 ,本町,38.220799,139.486737,0,1
4457,15,212,231000 ,桃川,38.163228,139.499839,0,1
4458,15,212,232000 ,門前,38.201362,139.553208,0,1
4459,15,212,233000 ,宿田,38.149108,139.458769,0,1
4460,15,212,234000 ,山口,38.121962,139.444875,0,1
4461,15,212,235000 ,山熊田,38.45702,139.666604,0,1
4462,15,212,236000 ,山田,38.163857,139.46795,0,1
4463,15,212,237000 ,山屋,38.205681,139.486253,0,1
4464,15,212,238000 ,八日市,38.187246,139.444021,0,1
4465,15,212,239000 ,吉浦,38.307815,139.45271,0,1
4466,15,212,240000 ,四日市,38.238506,139.501181,0,1
4467,15,212,241000 ,若葉町,38.227844,139.469106,0,1
4468,15,212,242000 ,脇川,38.435278,139.483114,0,1
4469,15,212,243000 ,早稲田,38.31433,139.547705,0,1
4470,15,212,244000 ,佐々木,38.121665,139.463818,0,1
4471,15,212,245000 ,小岩内,38.114727,139.488996,0,1
4472,15,212,246000 ,花立,38.107894,139.483641,0,1
4473,15,212,247000 ,荒島,38.110639,139.473626,0,1
4474,15,212,248000 ,貝附,38.10711,139.476686,0,1
4475,15,212,249000 ,布部,38.265707,139.568049,0,1
4476,15,212,250000 ,猿沢,38.282297,139.520938,0,1
4477,15,212,251000 ,岩沢,38.266047,139.531913,0,1
4478,15,212,252000 ,川端,38.274361,139.525783,0,1
4479,15,212,253000 ,中原,38.27577,139.541037,0,1
4480,15,212,254000 ,黒田,38.290678,139.550547,0,1
4481,15,212,255000 ,猿田,38.27998,139.568277,0,1
4482,15,212,256000 ,朝日中野,38.278758,139.56104,0,1
4483,15,213,1000 ,粟生津,37.646584,138.866857,0,1
4484,15,213,2001 ,秋葉町一丁目,37.661467,138.922369,0,3
4485,15,213,2002 ,秋葉町二丁目,37.663164,138.919467,0,3
4486,15,213,2003 ,秋葉町三丁目,37.659791,138.918857,0,3
4487,15,213,2004 ,秋葉町四丁目,37.663021,138.914067,0,3
4488,15,213,3000 ,泉新,37.639111,138.832168,0,1
4489,15,213,4001 ,一ノ山一丁目,37.624311,138.846874,0,3
4490,15,213,4002 ,一ノ山二丁目,37.624779,138.847687,0,3
4491,15,213,5000 ,井土巻,37.658777,138.939616,0,1
4492,15,213,6001 ,井土巻一丁目,37.655767,138.932776,0,3
4493,15,213,6002 ,井土巻二丁目,37.652772,138.932001,0,3
4494,15,213,6003 ,井土巻三丁目,37.6504,138.934869,0,3
4495,15,213,6004 ,井土巻四丁目,37.654754,138.935987,0,3
4496,15,213,6005 ,井土巻五丁目,37.65189,138.93769,0,3
4497,15,213,7000 ,笈ケ島,37.618123,138.85506,0,1
4498,15,213,8000 ,大川津,37.607103,138.841981,0,1
4499,15,213,9000 ,大関,37.667259,138.898613,0,1
4500,15,213,10000 ,太田,37.651749,138.820051,0,1
4501,15,213,11000 ,大武新田,37.622272,138.840556,0,1
4502,15,213,12000 ,大船渡,37.699538,138.94753,0,1
4503,15,213,13000 ,大曲,37.649721,138.916227,0,1
4504,15,213,14000 ,庚塚,37.694178,138.915831,0,1
4505,15,213,15000 ,上河原,37.651202,138.878092,0,1
4506,15,213,16000 ,上諏訪,37.631062,138.842184,0,1
4507,15,213,17000 ,上児木,37.681957,138.96469,0,1
4508,15,213,18000 ,勘新,37.693462,138.950983,0,1
4509,15,213,19000 ,国上,37.662758,138.809425,0,1
4510,15,213,20000 ,熊森,37.627906,138.868587,0,1
4511,15,213,21000 ,蔵関,37.654747,138.903071,0,1
4512,15,213,22000 ,源八新田,37.663624,138.840999,0,1
4513,15,213,23000 ,小池,37.640729,138.895462,0,1
4514,15,213,24000 ,小池新町,37.631301,138.905468,0,1
4515,15,213,25000 ,穀町,37.663579,138.928133,0,1
4516,15,213,26000 ,小島,37.712349,138.929856,0,1
4517,15,213,27000 ,小関,37.663532,138.903181,0,1
4518,15,213,28000 ,五千石,37.612537,138.831672,0,1
4519,15,213,29001 ,五千石荒川一丁目,37.618819,138.843418,0,3
4520,15,213,29002 ,五千石荒川二丁目,37.618549,138.842689,0,3
4521,15,213,30000 ,小高,37.668975,138.939712,0,1
4522,15,213,31000 ,寿町,37.665966,138.926497,0,1
4523,15,213,32000 ,小中川,37.701076,138.962955,0,1
4524,15,213,33000 ,小古津新,37.694079,138.956823,0,1
4525,15,213,34000 ,小牧,37.676036,138.948918,0,1
4526,15,213,35000 ,幸町,37.665414,138.932367,0,1
4527,15,213,36000 ,桜町,37.682381,138.906589,0,1
4528,15,213,37000 ,笹曲,37.621734,138.846158,0,1
4529,15,213,38000 ,佐善,37.663976,138.862683,0,1
4530,15,213,39000 ,佐善村新田,37.664674,138.853327,0,1
4531,15,213,40000 ,佐渡山,37.716412,138.917077,0,1
4532,15,213,41000 ,佐渡,37.660754,138.951431,0,1
4533,15,213,42000 ,三王渕,37.683053,138.943196,0,1
4534,15,213,43000 ,地蔵堂,37.632481,138.83803,0,1
4535,15,213,44001 ,地蔵堂本町一丁目,37.625404,138.840934,0,3
4536,15,213,44002 ,地蔵堂本町二丁目,37.626785,138.841843,0,3
4537,15,213,44003 ,地蔵堂本町三丁目,37.628197,138.841765,0,3
4538,15,213,45000 ,下粟生津,37.659697,138.878751,0,1
4539,15,213,46000 ,下諏訪,37.630608,138.837731,0,1
4540,15,213,47000 ,下児木,37.683435,138.970687,0,1
4541,15,213,48000 ,新栄町,37.670279,138.928501,0,1
4542,15,213,49000 ,新興野,37.626035,138.855142,0,1
4543,15,213,50000 ,新生町,37.688721,138.957028,0,1
4544,15,213,51001 ,新生町一丁目,37.690392,138.956872,0,3
4545,15,213,51002 ,新生町二丁目,37.688223,138.953209,0,3
4546,15,213,52000 ,新長,37.633484,138.828542,0,1
4547,15,213,53000 ,新町,37.66349,138.932121,0,1
4548,15,213,54001 ,水道町一丁目,37.656049,138.918975,0,3
4549,15,213,54002 ,水道町二丁目,37.657165,138.914989,0,3
4550,15,213,54003 ,水道町三丁目,37.655927,138.909676,0,3
4551,15,213,54004 ,水道町四丁目,37.659701,138.911005,0,3
4552,15,213,55000 ,杉名,37.642526,138.905004,0,1
4553,15,213,56000 ,杉柳,37.647075,138.90703,0,1
4554,15,213,57000 ,雀森,37.701228,138.91829,0,1
4555,15,213,58000 ,砂子塚,37.634912,138.850843,0,1
4556,15,213,59000 ,関崎,37.694258,138.938809,0,1
4557,15,213,60000 ,杣木,37.673785,138.903888,0,1
4558,15,213,61000 ,大保,37.692464,138.903791,0,1
4559,15,213,62000 ,高木,37.639307,138.858217,0,1
4560,15,213,63000 ,舘野,37.704479,138.934285,0,1
4561,15,213,64000 ,田中新,37.654564,138.89228,0,1
4562,15,213,65001 ,中央通り一丁目,37.663846,138.929701,0,3
4563,15,213,65002 ,中央通り二丁目,37.665521,138.930127,0,3
4564,15,213,65003 ,中央通り三丁目,37.667213,138.931314,0,3
4565,15,213,66000 ,中条新田,37.605588,138.84488,0,1
4566,15,213,67000 ,長所,37.714025,138.938563,0,1
4567,15,213,68000 ,長辰,37.665157,138.834655,0,1
4568,15,213,69000 ,次新,37.687637,138.965154,0,1
4569,15,213,70000 ,燕,37.665579,138.931084,0,1
4570,15,213,71000 ,道金,37.636448,138.91354,0,1
4571,15,213,72001 ,殿島一丁目,37.656358,138.92486,0,3
4572,15,213,72002 ,殿島二丁目,37.657081,138.927999,0,3
4573,15,213,73000 ,富永,37.693549,138.893777,0,1
4574,15,213,74000 ,富永十兵衛新田,37.688153,138.902049,0,1
4575,15,213,75000 ,中川,37.678238,138.950609,0,1
4576,15,213,76000 ,中島,37.649625,138.835768,0,1
4577,15,213,77000 ,中諏訪,37.631409,138.839879,0,1
4578,15,213,78000 ,仲町,37.66276,138.924794,0,1
4579,15,213,79000 ,長渡,37.693289,138.931265,0,1
4580,15,213,80000 ,新堀,37.641086,138.838538,0,1
4581,15,213,81000 ,二階堂,37.697891,138.943329,0,1
4582,15,213,82000 ,西槙,37.727744,138.928758,0,1
4583,15,213,83000 ,野中才,37.629841,138.832935,0,1
4584,15,213,84000 ,野本,37.6582,138.888001,0,1
4585,15,213,85000 ,灰方,37.682619,138.931324,0,1
4586,15,213,86001 ,白山町一丁目,37.66444,138.922059,0,3
4587,15,213,86002 ,白山町二丁目,37.666543,138.92516,0,3
4588,15,213,86003 ,白山町三丁目,37.669712,138.921571,0,3
4589,15,213,87000 ,八王寺,37.640013,138.922813,0,1
4590,15,213,88000 ,花園町,37.684991,138.953824,0,1
4591,15,213,89000 ,花見,37.679301,138.913794,0,1
4592,15,213,90000 ,東太田,37.669082,138.914598,0,1
4593,15,213,91000 ,日之出町,37.660695,138.942054,0,1
4594,15,213,92001 ,物流センター一丁目,37.650557,138.900655,0,3
4595,15,213,92002 ,物流センター二丁目,37.649302,138.900856,0,3
4596,15,213,92003 ,物流センター三丁目,37.64768,138.901113,0,3
4597,15,213,92004 ,物流センター四丁目,37.648514,138.904698,0,3
4598,15,213,93001 ,分水あけぼの一丁目,37.638535,138.839262,0,3
4599,15,213,94001 ,分水旭町一丁目,37.627377,138.843019,0,3
4600,15,213,94002 ,分水旭町二丁目,37.627952,138.844579,0,3
4601,15,213,94003 ,分水旭町三丁目,37.628569,138.843468,0,3
4602,15,213,94004 ,分水旭町四丁目,37.629666,138.844293,0,3
4603,15,213,94005 ,分水旭町五丁目,37.631534,138.84449,0,3
4604,15,213,95001 ,分水大武一丁目,37.625765,138.842978,0,3
4605,15,213,95002 ,分水大武二丁目,37.626122,138.843324,0,3
4606,15,213,95003 ,分水大武三丁目,37.626226,138.844207,0,3
4607,15,213,95004 ,分水大武四丁目,37.627265,138.843769,0,3
4608,15,213,95005 ,分水大武五丁目,37.624936,138.843822,0,3
4609,15,213,96001 ,分水学校町一丁目,37.628057,138.848122,0,3
4610,15,213,96002 ,分水学校町二丁目,37.626505,138.847766,0,3
4611,15,213,97000 ,分水向陽,37.635623,138.839866,0,1
4612,15,213,98000 ,分水栄町,37.625342,138.842557,0,1
4613,15,213,99001 ,分水桜町一丁目,37.628289,138.840375,0,3
4614,15,213,99002 ,分水桜町二丁目,37.627695,138.838459,0,3
4615,15,213,99003 ,分水桜町三丁目,37.625466,138.838905,0,3
4616,15,213,100001 ,分水新町一丁目,37.621159,138.842631,0,3
4617,15,213,100002 ,分水新町二丁目,37.622757,138.843463,0,3
4618,15,213,100003 ,分水新町三丁目,37.623929,138.842931,0,3
4619,15,213,100004 ,分水新町四丁目,37.624397,138.842245,0,3
4620,15,213,101001 ,分水東学校町一丁目,37.629675,138.846419,0,3
4621,15,213,101002 ,分水東学校町二丁目,37.631007,138.846389,0,3
4622,15,213,101003 ,分水東学校町三丁目,37.632409,138.846727,0,3
4623,15,213,102000 ,分水文京町,37.634814,138.842435,0,1
4624,15,213,103001 ,分水向山一丁目,37.624714,138.845418,0,3
4625,15,213,103002 ,分水向山二丁目,37.626166,138.845258,0,3
4626,15,213,104000 ,分水弥生町,37.633637,138.845362,0,1
4627,15,213,105001 ,本町一丁目,37.665378,138.92811,0,3
4628,15,213,105002 ,本町二丁目,37.666874,138.928334,0,3
4629,15,213,106000 ,牧ケ花,37.651812,138.853797,0,1
4630,15,213,107000 ,牧ケ花村新田,37.655351,138.843606,0,1
4631,15,213,108000 ,真木山,37.64169,138.810446,0,1
4632,15,213,109000 ,幕島,37.640778,138.804572,0,1
4633,15,213,110000 ,又新,37.68744,138.947356,0,1
4634,15,213,111000 ,松橋,37.694821,138.925501,0,1
4635,15,213,112000 ,溝,37.657385,138.864138,0,1
4636,15,213,113000 ,溝古新,37.663699,138.866791,0,1
4637,15,213,114000 ,溝古新村新田,37.670115,138.853893,0,1
4638,15,213,115000 ,溝村新田,37.661765,138.852896,0,1
4639,15,213,116001 ,南一丁目,37.657837,138.922479,0,3
4640,15,213,116002 ,南二丁目,37.660202,138.925365,0,3
4641,15,213,116003 ,南三丁目,37.660286,138.926956,0,3
4642,15,213,116004 ,南四丁目,37.66026,138.92831,0,3
4643,15,213,116005 ,南五丁目,37.659241,138.930092,0,3
4644,15,213,116006 ,南六丁目,37.659303,138.931637,0,3
4645,15,213,116007 ,南七丁目,37.659239,138.934703,0,3
4646,15,213,117000 ,宮町,37.663722,138.926721,0,1
4647,15,213,118000 ,柳山,37.639478,138.902662,0,1
4648,15,213,119000 ,横田,37.635908,138.88425,0,1
4649,15,213,120000 ,吉田,37.69432,138.885549,0,1
4650,15,213,121000 ,吉田曙町,37.685628,138.886477,0,1
4651,15,213,122001 ,吉田旭町一丁目,37.687451,138.876359,0,3
4652,15,213,122002 ,吉田旭町二丁目,37.686796,138.875183,0,3
4653,15,213,122003 ,吉田旭町三丁目,37.686438,138.873281,0,3
4654,15,213,122004 ,吉田旭町四丁目,37.685223,138.874053,0,3
4655,15,213,123000 ,吉田東町,37.695625,138.881447,0,1
4656,15,213,124000 ,吉田春日町,37.683614,138.882229,0,1
4657,15,213,125000 ,吉田学校町,37.69461,138.878571,0,1
4658,15,213,126000 ,吉田神田町,37.691282,138.882026,0,1
4659,15,213,127000 ,吉田上町,37.689568,138.875896,0,1
4660,15,213,128000 ,吉田鴻巣,37.706293,138.889782,0,1
4661,15,213,129000 ,吉田寿町,37.697302,138.873705,0,1
4662,15,213,130000 ,吉田幸町,37.695669,138.874636,0,1
4663,15,213,131000 ,吉田栄町,37.680775,138.871335,0,1
4664,15,213,132000 ,吉田下中野,37.674229,138.888378,0,1
4665,15,213,133000 ,吉田下町,37.69234,138.879173,0,1
4666,15,213,134000 ,吉田新田町,37.688151,138.871955,0,1
4667,15,213,135000 ,吉田新町,37.686882,138.872556,0,1
4668,15,213,136000 ,吉田神明町,37.694194,138.876109,0,1
4669,15,213,137000 ,吉田水道町,37.680614,138.87024,0,1
4670,15,213,138000 ,吉田大保町,37.688209,138.883805,0,1
4671,15,213,139000 ,吉田堤町,37.687628,138.878538,0,1
4672,15,213,140000 ,吉田中町,37.690584,138.877134,0,1
4673,15,213,141000 ,吉田西太田,37.670843,138.878112,0,1
4674,15,213,142000 ,吉田浜首,37.689782,138.869297,0,1
4675,15,213,143000 ,吉田浜首町,37.689738,138.870965,0,1
4676,15,213,144000 ,吉田東栄町,37.681995,138.876213,0,1
4677,15,213,145000 ,吉田日之出町,37.686257,138.879902,0,1
4678,15,213,146000 ,吉田文京町,37.703668,138.880106,0,1
4679,15,213,147000 ,吉田法花堂,37.679961,138.891238,0,1
4680,15,213,148000 ,吉田本所,37.697729,138.87851,0,1
4681,15,213,149000 ,吉田松岡新田,37.679689,138.876917,0,1
4682,15,213,150000 ,吉田松岡町,37.689227,138.87765,0,1
4683,15,213,151000 ,吉田宮小路,37.701591,138.873925,0,1
4684,15,213,152000 ,吉田本町,37.708316,138.874288,0,1
4685,15,213,153000 ,吉田矢作,37.691126,138.868657,0,1
4686,15,213,154000 ,吉田弥生町,37.69367,138.871845,0,1
4687,15,213,155000 ,吉田吉栄,37.685429,138.895987,0,1
4688,15,213,156000 ,吉田若生町,37.701454,138.88594,0,1
4689,15,213,157000 ,四ツ屋,37.683557,138.958686,0,1
4690,15,213,158000 ,米納津,37.699866,138.905143,0,1
4691,15,213,159000 ,渡部,37.651227,138.797658,0,1
4692,15,213,160000 ,桜橋,37.691777,138.918546,1,1
4693,15,213,161000 ,柚木,37.683156,138.920239,1,1
4694,15,216,1001 ,一の宮一丁目,37.039692,137.86368,0,3
4695,15,216,1002 ,一の宮二丁目,37.039191,137.867406,0,3
4696,15,216,1003 ,一の宮三丁目,37.036847,137.864687,0,3
4697,15,216,1004 ,一の宮四丁目,37.036075,137.863195,0,3
4698,15,216,1005 ,一の宮五丁目,37.034729,137.861452,0,3
4699,15,216,2001 ,上刈一丁目,37.039993,137.855249,0,3
4700,15,216,2002 ,上刈二丁目,37.036411,137.857396,0,3
4701,15,216,2003 ,上刈三丁目,37.034134,137.854705,0,3
4702,15,216,2004 ,上刈四丁目,37.031797,137.858603,0,3
4703,15,216,2005 ,上刈五丁目,37.027507,137.853745,0,3
4704,15,216,2006 ,上刈六丁目,37.037294,137.85112,0,3
4705,15,216,2007 ,上刈七丁目,37.031053,137.851283,0,3
4706,15,216,3000 ,大字上路,36.964085,137.688425,0,1
4707,15,216,4000 ,大字厚田,37.044795,137.888842,0,1
4708,15,216,5000 ,大字新町,37.037421,137.926469,0,1
4709,15,216,6000 ,大字粟倉,36.982569,137.952783,0,1
4710,15,216,7000 ,大字五十原,37.026833,137.966329,0,1
4711,15,216,8000 ,大字和泉,36.955843,137.889971,0,1
4712,15,216,9000 ,大字市野々,36.986292,137.90308,0,1
4713,15,216,10000 ,大字一ノ宮,37.025248,137.869604,0,1
4714,15,216,11000 ,大字市振,36.977179,137.652757,0,1
4715,15,216,12000 ,大字今村新田,37.025208,137.825939,0,1
4716,15,216,13000 ,大字岩木,37.019506,137.842816,0,1
4717,15,216,14000 ,大字上刈,37.026771,137.856588,0,1
4718,15,216,15000 ,大字上野,36.953509,137.916423,0,1
4719,15,216,16000 ,大字上野山,36.947977,137.89235,0,1
4720,15,216,17000 ,大字上横,36.940219,137.895231,0,1
4721,15,216,18000 ,大字鶉石,37.084715,137.997182,0,1
4722,15,216,19000 ,大字歌,36.997712,137.747089,0,1
4723,15,216,20000 ,大字青海,37.006401,137.783142,0,1
4724,15,216,21000 ,大字大久保,36.922946,137.916916,0,1
4725,15,216,22000 ,大字大沢,37.081053,138.027425,0,1
4726,15,216,23000 ,大字大平,36.962287,138.014349,0,1
4727,15,216,24000 ,大字大所,36.834143,137.789278,0,1
4728,15,216,25000 ,大字大野,37.000281,137.876854,0,1
4729,15,216,26000 ,大字大洞,37.109666,138.049191,0,1
4730,15,216,27000 ,大字大谷内,36.974051,137.843816,0,1
4731,15,216,28000 ,大字鬼伏,37.067261,137.958429,0,1
4732,15,216,29000 ,大字小見,37.075281,138.006107,0,1
4733,15,216,30000 ,大字角間,37.006849,137.97402,0,1
4734,15,216,31000 ,大字梶屋敷,37.053337,137.9187,0,1
4735,15,216,32000 ,大字梶山,36.923203,137.948895,0,1
4736,15,216,33000 ,大字桂,37.082199,137.99095,0,1
4737,15,216,34000 ,大字蒲池,36.944434,137.885673,0,1
4738,15,216,35000 ,大字釜沢,37.004724,137.925347,0,1
4739,15,216,36000 ,大字上出,37.016035,137.934981,0,1
4740,15,216,37000 ,大字上沢,36.946888,137.923384,0,1
4741,15,216,38000 ,大字川島,37.00663,137.906873,0,1
4742,15,216,39000 ,大字川詰,37.063403,138.076789,0,1
4743,15,216,40000 ,大字北山,36.996159,137.981274,0,1
4744,15,216,41000 ,大字鬼舞,37.082485,137.963322,0,1
4745,15,216,42000 ,大字崩,37.043061,138.073527,0,1
4746,15,216,43000 ,大字栗山,36.956863,137.880182,0,1
4747,15,216,44000 ,大字来海沢,36.948573,137.961099,0,1
4748,15,216,45000 ,大字越,37.034647,137.948709,0,1
4749,15,216,46000 ,大字御前山,36.961687,137.918045,0,1
4750,15,216,47000 ,大字小滝,36.899448,137.764571,0,1
4751,15,216,48000 ,大字木浦,37.069017,137.977378,0,1
4752,15,216,49000 ,大字指塩,37.086487,138.026495,0,1
4753,15,216,50000 ,大字猿倉,37.034519,137.990043,0,1
4754,15,216,51000 ,大字下倉,37.08077,138.050039,0,1
4755,15,216,52000 ,大字島道,37.050662,138.019184,0,1
4756,15,216,53000 ,大字清水山,37.023179,137.929673,0,1
4757,15,216,54000 ,大字下出,37.025456,137.935608,0,1
4758,15,216,55000 ,大字上覚,37.031212,137.917038,0,1
4759,15,216,56000 ,大字真光寺,37.023089,137.906018,0,1
4760,15,216,57000 ,大字須川,37.054483,138.067175,0,1
4761,15,216,58000 ,大字杉之当,36.923397,137.886023,0,1
4762,15,216,59000 ,大字須沢,37.025815,137.83719,0,1
4763,15,216,60000 ,大字砂場,36.992371,137.995499,0,1
4764,15,216,61000 ,大字仙納,37.107967,138.069143,0,1
4765,15,216,62000 ,大字大王,37.099166,138.003516,0,1
4766,15,216,63000 ,大字大工屋敷,36.952618,137.893208,0,1
4767,15,216,64000 ,大字大神堂,36.944684,137.9061,0,1
4768,15,216,65000 ,大字大道寺,37.093376,138.020452,0,1
4769,15,216,66000 ,大字大平寺,37.09093,137.982722,0,1
4770,15,216,67000 ,大字平,37.077564,138.022441,0,1
4771,15,216,68000 ,大字高倉,37.087066,138.063596,0,1
4772,15,216,69000 ,大字滝川原,37.025913,137.943494,0,1
4773,15,216,70000 ,大字竹ケ花,37.049783,137.887354,0,1
4774,15,216,71000 ,大字田中,37.008704,137.898708,0,1
4775,15,216,72000 ,大字田伏,37.05179,137.905723,0,1
4776,15,216,73000 ,大字田麦平,37.029248,138.079865,0,1
4777,15,216,74000 ,大字田屋,37.044491,137.914963,0,1
4778,15,216,75000 ,大字谷根,37.013225,137.944423,0,1
4779,15,216,76000 ,大字土倉,37.01679,138.017704,0,1
4780,15,216,77000 ,大字土塩,37.025908,137.983557,0,1
4781,15,216,78000 ,大字筒石,37.128216,138.057659,0,1
4782,15,216,79000 ,大字坪野,37.035462,137.984116,0,1
4783,15,216,80000 ,大字頭山,37.016463,137.847069,0,1
4784,15,216,81000 ,大字寺地,37.01671,137.808604,0,1
4785,15,216,82000 ,大字寺島,37.037173,137.837892,0,1
4786,15,216,83000 ,大字寺山,37.08499,137.984037,0,1
4787,15,216,84000 ,大字藤後,37.075659,138.033253,0,1
4788,15,216,85000 ,大字藤崎,37.112458,138.033597,0,1
4789,15,216,86000 ,大字道平,36.999992,137.915225,0,1
4790,15,216,87000 ,大字田海,36.990663,137.811634,0,1
4791,15,216,88000 ,大字道明,37.042386,137.919217,0,1
4792,15,216,89000 ,大字徳合,37.13478,138.068413,0,1
4793,15,216,90000 ,大字外波,36.98915,137.709825,0,1
4794,15,216,91000 ,大字中川原新田,37.011252,138.029153,0,1
4795,15,216,92000 ,大字中宿,37.059191,137.922556,0,1
4796,15,216,93000 ,大字中野,37.031515,137.969638,0,1
4797,15,216,94000 ,大字中野口,37.085287,138.038574,0,1
4798,15,216,95000 ,大字中浜,37.059727,137.941104,0,1
4799,15,216,96000 ,大字中林,37.037111,137.979291,0,1
4800,15,216,97000 ,大字中谷内,37.001806,137.851724,0,1
4801,15,216,98000 ,大字成沢,37.025215,137.894243,0,1
4802,15,216,99000 ,大字西川原,36.996035,137.864514,0,1
4803,15,216,100000 ,大字西塚,37.01547,137.965964,0,1
4804,15,216,101000 ,大字西中,37.0065,137.844061,0,1
4805,15,216,102000 ,大字西飛山,36.980952,138.072994,0,1
4806,15,216,103000 ,大字西谷内,37.036359,137.91381,0,1
4807,15,216,104000 ,大字西山,36.940155,137.868153,0,1
4808,15,216,105000 ,大字日光寺,37.031146,137.936217,0,1
4809,15,216,106000 ,大字根小屋,36.961861,137.868019,0,1
4810,15,216,107000 ,大字能生,37.10176,137.988086,0,1
4811,15,216,108000 ,大字能生小泊,37.106399,138.005816,0,1
4812,15,216,109000 ,大字橋立,36.955592,137.753004,0,1
4813,15,216,110000 ,大字柱道,37.091053,138.025317,0,1
4814,15,216,111000 ,大字羽生,37.027052,137.88756,0,1
4815,15,216,112000 ,大字東海,37.043518,137.943169,0,1
4816,15,216,113000 ,大字東川原,37.020747,137.920128,0,1
4817,15,216,114000 ,大字東谷内,37.079665,138.079483,0,1
4818,15,216,115000 ,大字東塚,37.020126,137.975889,0,1
4819,15,216,116000 ,大字東中,36.969957,137.887439,0,1
4820,15,216,117000 ,大字平牛,37.034316,137.883555,0,1
4821,15,216,118000 ,大字吹原,37.032634,137.994266,0,1
4822,15,216,119000 ,大字別所,36.923518,137.904149,0,1
4823,15,216,120000 ,大字堀切,37.041815,137.922461,0,1
4824,15,216,121000 ,大字真木,36.993497,137.916946,0,1
4825,15,216,122000 ,大字槙,37.068419,138.042601,0,1
4826,15,216,123000 ,大字柵口,37.034888,138.048572,0,1
4827,15,216,124000 ,大字間脇,37.069991,137.94427,0,1
4828,15,216,125000 ,大字水保,37.008662,137.887735,0,1
4829,15,216,126000 ,大字溝尾,37.054282,138.046067,0,1
4830,15,216,127000 ,大字見滝,37.001241,137.958992,0,1
4831,15,216,128000 ,大字宮平,37.038274,137.967755,0,1
4832,15,216,129000 ,大字物出,37.046474,138.051994,0,1
4833,15,216,130000 ,大字百川,37.102324,138.025499,0,1
4834,15,216,131000 ,大字山口,36.937325,137.899569,0,1
4835,15,216,132000 ,大字山寺,36.937975,137.913259,0,1
4836,15,216,133000 ,大字大和川,37.046463,137.896625,0,1
4837,15,216,134000 ,大字山之坊,36.903421,137.857856,0,1
4838,15,216,135000 ,大字山本,36.970342,137.859505,0,1
4839,15,216,136000 ,大字横町,37.025314,137.849295,0,1
4840,15,216,137000 ,大字余所,36.935478,137.882053,0,1
4841,15,216,138000 ,大字四ツ屋,37.029508,137.922774,0,1
4842,15,216,139000 ,大字蓮台寺,37.03319,137.873738,0,1
4843,15,216,140000 ,大字鷲尾,37.09212,138.014959,0,1
4844,15,216,141001 ,大町一丁目,37.04377,137.861871,0,3
4845,15,216,141002 ,大町二丁目,37.045953,137.860261,0,3
4846,15,216,142001 ,押上一丁目,37.048975,137.876006,0,3
4847,15,216,142002 ,押上二丁目,37.050226,137.881326,0,3
4848,15,216,143001 ,京ケ峰一丁目,37.039857,137.875211,0,3
4849,15,216,143002 ,京ケ峰二丁目,37.042244,137.8774,0,3
4850,15,216,144000 ,清崎,37.038052,137.860199,0,1
4851,15,216,145000 ,栄,37.09988,137.98403,0,1
4852,15,216,146000 ,桜木,37.09719,137.98425,0,1
4853,15,216,147001 ,新鉄一丁目,37.042782,137.856652,0,3
4854,15,216,147002 ,新鉄二丁目,37.040206,137.85867,0,3
4855,15,216,148001 ,中央一丁目,37.042009,137.860947,0,3
4856,15,216,148002 ,中央二丁目,37.041018,137.862804,0,3
4857,15,216,149001 ,寺島一丁目,37.04167,137.844219,0,3
4858,15,216,149002 ,寺島二丁目,37.037582,137.844816,0,3
4859,15,216,149003 ,寺島三丁目,37.034929,137.842276,0,3
4860,15,216,150001 ,寺町一丁目,37.046119,137.863208,0,3
4861,15,216,150002 ,寺町二丁目,37.046406,137.86549,0,3
4862,15,216,150003 ,寺町三丁目,37.047065,137.867975,0,3
4863,15,216,150004 ,寺町四丁目,37.047706,137.870485,0,3
4864,15,216,150005 ,寺町五丁目,37.048289,137.872914,0,3
4865,15,216,151001 ,東寺町一丁目,37.04406,137.871859,0,3
4866,15,216,151002 ,東寺町二丁目,37.044672,137.873825,0,3
4867,15,216,151003 ,東寺町三丁目,37.045448,137.875847,0,3
4868,15,216,152000 ,本町,37.044605,137.857789,0,1
4869,15,216,153001 ,南押上一丁目,37.0458,137.878089,0,3
4870,15,216,153002 ,南押上二丁目,37.048303,137.882288,0,3
4871,15,216,153003 ,南押上三丁目,37.04591,137.881441,0,3
4872,15,216,154001 ,南寺島一丁目,37.032452,137.847487,0,3
4873,15,216,154002 ,南寺島二丁目,37.030518,137.844493,0,3
4874,15,216,155001 ,南寺町一丁目,37.042522,137.866364,0,3
4875,15,216,155002 ,南寺町二丁目,37.043119,137.868175,0,3
4876,15,216,155003 ,南寺町三丁目,37.043591,137.8701,0,3
4877,15,216,156001 ,横町一丁目,37.045077,137.853396,0,3
4878,15,216,156002 ,横町二丁目,37.043346,137.853451,0,3
4879,15,216,156003 ,横町三丁目,37.041335,137.853406,0,3
4880,15,216,156004 ,横町四丁目,37.038953,137.849094,0,3
4881,15,216,156005 ,横町五丁目,37.042902,137.848782,0,3
4882,15,216,157001 ,蓮台寺一丁目,37.038341,137.871897,0,3
4883,15,216,157002 ,蓮台寺二丁目,37.038508,137.87309,0,3
4884,15,216,158000 ,岩野,37.037034,137.895007,1,1
4885,15,216,159000 ,小畑,37.047111,137.894769,1,1
4886,15,216,160000 ,大原,37.036173,137.89725,1,1
4887,15,216,161000 ,中原,37.041668,137.895772,1,1
4888,15,217,1001 ,朝日町一丁目,37.027329,138.253429,0,3
4889,15,217,1002 ,朝日町二丁目,37.026635,138.256474,0,3
4890,15,217,2001 ,石塚町一丁目,37.032207,138.251148,0,3
4891,15,217,2002 ,石塚町二丁目,37.035885,138.253587,0,3
4892,15,217,3001 ,小出雲一丁目,37.017844,138.253196,0,3
4893,15,217,3002 ,小出雲二丁目,37.013402,138.251242,0,3
4894,15,217,3003 ,小出雲三丁目,37.018533,138.25609,0,3
4895,15,217,4000 ,大字青田,37.061179,138.208562,0,1
4896,15,217,5000 ,大字赤倉,36.892584,138.178534,0,1
4897,15,217,6000 ,大字新井,36.99641,138.225441,0,1
4898,15,217,7000 ,大字五日市,37.035474,138.244446,0,1
4899,15,217,8000 ,大字猪野山,37.027854,138.210822,0,1
4900,15,217,9000 ,大字今府,36.959889,138.246149,0,1
4901,15,217,10000 ,大字小出雲,37.005903,138.252136,0,1
4902,15,217,11000 ,大字大貝,36.965935,138.283633,0,1
4903,15,217,12000 ,大字大沢新田,36.96276,138.269282,0,1
4904,15,217,13000 ,大字大鹿,36.931862,138.264728,0,1
4905,15,217,14000 ,大字大谷,36.899945,138.22766,0,1
4906,15,217,15000 ,大字大濁,36.983896,138.31404,0,1
4907,15,217,16000 ,大字大原新田,36.965405,138.263694,0,1
4908,15,217,17000 ,大字岡崎新田,37.056158,138.249253,0,1
4909,15,217,18000 ,大字岡新田,36.949756,138.250549,0,1
4910,15,217,19000 ,大字桶海,36.8888,138.249498,0,1
4911,15,217,20000 ,大字乙吉,37.049242,138.24349,0,1
4912,15,217,21000 ,大字籠町,37.047071,138.210428,0,1
4913,15,217,22000 ,大字兼俣,36.87114,138.226802,0,1
4914,15,217,23000 ,大字上大塚新田,36.956869,138.262112,0,1
4915,15,217,24000 ,大字上小沢,36.975841,138.335932,0,1
4916,15,217,25000 ,大字上新保,37.015998,138.269524,0,1
4917,15,217,26000 ,大字上百々,37.062516,138.264474,0,1
4918,15,217,27000 ,大字上中,37.014705,138.230903,0,1
4919,15,217,28000 ,大字上中村新田,36.923724,138.232835,0,1
4920,15,217,29000 ,大字上濁川,36.975236,138.28638,0,1
4921,15,217,30000 ,大字上八幡新田,37.039734,138.24083,0,1
4922,15,217,31000 ,大字上馬場,36.97765,138.298381,0,1
4923,15,217,32000 ,大字上平丸,36.94074,138.338974,0,1
4924,15,217,33000 ,大字上堀之内,36.991058,138.268277,0,1
4925,15,217,34000 ,大字上四ツ屋,37.036406,138.251609,0,1
4926,15,217,35000 ,大字川上,37.005656,138.276281,0,1
4927,15,217,36000 ,大字北条,37.038335,138.272729,0,1
4928,15,217,37000 ,大字北田屋新田,36.961754,138.261924,0,1
4929,15,217,38000 ,大字窪田新田,36.956081,138.251639,0,1
4930,15,217,39000 ,大字窪松原,37.009189,138.207439,0,1
4931,15,217,40000 ,大字栗原,37.044481,138.25566,0,1
4932,15,217,41000 ,大字毛祝坂,36.874976,138.194187,0,1
4933,15,217,42000 ,大字国賀,37.044729,138.266021,0,1
4934,15,217,43000 ,大字小局,36.967481,138.302814,0,1
4935,15,217,44000 ,大字木成,36.983786,138.292371,0,1
4936,15,217,45000 ,大字小濁,36.993994,138.295196,0,1
4937,15,217,46000 ,大字小原新田,36.972209,138.266355,0,1
4938,15,217,47000 ,大字小丸山新田,37.026429,138.236444,0,1
4939,15,217,48000 ,大字坂井新田,37.037099,138.23822,0,1
4940,15,217,49000 ,大字坂口新田,36.908585,138.218724,0,1
4941,15,217,50000 ,大字坂下新田,36.963292,138.258351,0,1
4942,15,217,51000 ,大字猿橋,36.952329,138.273109,0,1
4943,15,217,52000 ,大字三本木新田,37.005747,138.227183,0,1
4944,15,217,53000 ,大字志,37.007467,138.216557,0,1
4945,15,217,54000 ,大字下濁川,36.988193,138.282181,0,1
4946,15,217,55000 ,大字下平丸,36.957843,138.311438,0,1
4947,15,217,56000 ,大字神宮寺,37.052366,138.240685,0,1
4948,15,217,57000 ,大字新保新田,37.040182,138.230572,0,1
4949,15,217,58000 ,大字菅沼,36.999665,138.204662,0,1
4950,15,217,59000 ,大字杉野沢,36.858725,138.153111,0,1
4951,15,217,60000 ,大字住吉,36.920139,138.241699,0,1
4952,15,217,61000 ,大字関川,36.865855,138.190019,0,1
4953,15,217,62000 ,大字関山,36.928405,138.148727,0,1
4954,15,217,63000 ,大字蔵々,36.883066,138.22286,0,1
4955,15,217,64000 ,大字祖父竹,36.961748,138.253991,0,1
4956,15,217,65000 ,大字高柳,37.042767,138.267536,0,1
4957,15,217,66000 ,大字田切,36.885692,138.200502,0,1
4958,15,217,67000 ,大字田口,36.879608,138.198164,0,1
4959,15,217,68000 ,大字田中村新田,36.952181,138.246042,0,1
4960,15,217,69000 ,大字樽本,36.878631,138.273562,0,1
4961,15,217,70000 ,大字月岡,37.050036,138.266875,0,1
4962,15,217,71000 ,大字坪山,36.989849,138.306826,0,1
4963,15,217,72000 ,大字寺尾,36.967828,138.257004,0,1
4964,15,217,73000 ,大字十日市,37.04698,138.252022,0,1
4965,15,217,74000 ,大字土田,37.030182,138.231931,0,1
4966,15,217,75000 ,大字土路,36.917141,138.277745,0,1
4967,15,217,76000 ,大字長沢,36.92686,138.304783,0,1
4968,15,217,77000 ,大字長沢原,36.950012,138.282802,0,1
4969,15,217,78000 ,大字中宿,37.003181,138.263834,0,1
4970,15,217,79000 ,大字中島新田,36.950132,138.260956,0,1
4971,15,217,80000 ,大字中原新田,36.959031,138.258362,0,1
4972,15,217,81000 ,大字長森,37.021704,138.227283,0,1
4973,15,217,82000 ,大字中横山,36.970413,138.275235,0,1
4974,15,217,83000 ,大字梨木,37.033997,138.234702,0,1
4975,15,217,84000 ,大字西条,37.018867,138.278694,0,1
4976,15,217,85000 ,大字西菅沼新田,36.984078,138.181421,0,1
4977,15,217,86000 ,大字西田屋新田,36.95408,138.254669,0,1
4978,15,217,87000 ,大字西野谷,37.024424,138.16364,0,1
4979,15,217,88000 ,大字西野谷新田,37.007191,138.185868,0,1
4980,15,217,89000 ,大字楡島,36.960029,138.271281,0,1
4981,15,217,90000 ,大字除戸,36.980277,138.268654,0,1
4982,15,217,91000 ,大字橋本新田,36.947929,138.255003,0,1
4983,15,217,92000 ,大字花房,36.948705,138.23862,0,1
4984,15,217,93000 ,大字原通,36.946093,138.249176,0,1
4985,15,217,94000 ,大字東志,37.00791,138.223964,0,1
4986,15,217,95000 ,大字東菅沼,36.970179,138.290235,0,1
4987,15,217,96000 ,大字東関,36.959796,138.276905,0,1
4988,15,217,97000 ,大字東田屋新田,36.953155,138.257163,0,1
4989,15,217,98000 ,大字東福田新田,36.945475,138.244587,0,1
4990,15,217,99000 ,大字東四ツ屋新田,36.942703,138.245985,0,1
4991,15,217,100000 ,大字飛田,37.060675,138.243454,0,1
4992,15,217,101000 ,大字飛田新田,37.064914,138.25077,0,1
4993,15,217,102000 ,大字美守,37.018648,138.261909,0,1
4994,15,217,103000 ,大字姫川原,36.990659,138.254757,0,1
4995,15,217,104000 ,大字広島,37.058601,138.275992,0,1
4996,15,217,105000 ,大字藤塚新田,37.030735,138.240148,0,1
4997,15,217,106000 ,大字二俣,36.899705,138.203297,0,1
4998,15,217,107000 ,大字巻淵,36.994503,138.273308,0,1
4999,15,217,108000 ,大字三ツ俣,37.020382,138.201054,0,1
5000,15,217,109000 ,大字宮内,37.05464,138.235911,0,1
5001,15,217,110000 ,大字葎生,36.936544,138.239756,0,1
5002,15,217,111000 ,大字谷内林新田,37.039218,138.243222,0,1
5003,15,217,112000 ,大字柳井田,37.054613,138.252332,0,1
5004,15,217,113000 ,大字雪森,37.061216,138.237069,0,1
5005,15,217,114000 ,大字吉木,37.031785,138.277833,0,1
5006,15,217,115000 ,大字米島新田,36.941623,138.235618,0,1
5007,15,217,116000 ,大字両善寺,36.988454,138.157959,0,1
5008,15,217,117000 ,大字和屋,36.975358,138.280566,0,1
5009,15,217,118000 ,大崎町,37.039724,138.256593,0,1
5010,15,217,119000 ,学校町,37.019171,138.249148,0,1
5011,15,217,120001 ,上百々一丁目,37.05731,138.265526,0,3
5012,15,217,120002 ,上百々二丁目,37.061684,138.267086,0,3
5013,15,217,121000 ,上町,37.024313,138.251181,0,1
5014,15,217,122000 ,経塚町,37.016344,138.254366,0,1
5015,15,217,123001 ,栗原一丁目,37.043876,138.257335,0,3
5016,15,217,123002 ,栗原二丁目,37.043296,138.260329,0,3
5017,15,217,123003 ,栗原三丁目,37.047965,138.260314,0,3
5018,15,217,123004 ,栗原四丁目,37.052435,138.262272,0,3
5019,15,217,123005 ,栗原五丁目,37.056763,138.262299,0,3
5020,15,217,124000 ,工団町,37.032367,138.258162,0,1
5021,15,217,125001 ,国賀一丁目,37.042908,138.26292,0,3
5022,15,217,125002 ,国賀二丁目,37.045652,138.263686,0,3
5023,15,217,126000 ,栄町,37.025915,138.253982,0,1
5024,15,217,127000 ,東雲町,37.028754,138.253018,0,1
5025,15,217,128000 ,渋江町,37.015332,138.248946,0,1
5026,15,217,129000 ,下町,37.02824,138.24779,0,1
5027,15,217,130000 ,新工町,37.033415,138.255158,0,1
5028,15,217,131000 ,末広町,37.017274,138.244829,0,1
5029,15,217,132001 ,諏訪町一丁目,37.029411,138.258292,0,3
5030,15,217,132002 ,諏訪町二丁目,37.026981,138.259137,0,3
5031,15,217,133001 ,関川町一丁目,37.029652,138.262707,0,3
5032,15,217,133002 ,関川町二丁目,37.026312,138.262775,0,3
5033,15,217,134001 ,高柳一丁目,37.033994,138.261776,0,3
5034,15,217,134002 ,高柳二丁目,37.033359,138.264718,0,3
5035,15,217,135001 ,田町一丁目,37.022784,138.253154,0,3
5036,15,217,135002 ,田町二丁目,37.02109,138.252733,0,3
5037,15,217,136000 ,中央町,37.022538,138.255173,0,1
5038,15,217,137001 ,月岡一丁目,37.048367,138.264713,0,3
5039,15,217,137002 ,月岡二丁目,37.052754,138.265285,0,3
5040,15,217,138000 ,東陽町,37.038067,138.265929,0,1
5041,15,217,139000 ,中川,37.038923,138.260571,0,1
5042,15,217,140000 ,中町,37.026574,138.251077,0,1
5043,15,217,141001 ,錦町一丁目,37.016382,138.240687,0,3
5044,15,217,141002 ,錦町二丁目,37.017106,138.236993,0,3
5045,15,217,142001 ,白山町一丁目,37.025387,138.248112,0,3
5046,15,217,142002 ,白山町二丁目,37.024529,138.243746,0,3
5047,15,217,142003 ,白山町三丁目,37.022135,138.239622,0,3
5048,15,217,142004 ,白山町四丁目,37.021632,138.246299,0,3
5049,15,217,143001 ,美守一丁目,37.024103,138.25834,0,3
5050,15,217,143002 ,美守二丁目,37.02,138.258826,0,3
5051,15,217,143003 ,美守三丁目,37.023366,138.261604,0,3
5052,15,217,144001 ,広島一丁目,37.057026,138.269513,0,3
5053,15,217,144002 ,広島二丁目,37.059699,138.272214,0,3
5054,15,217,144003 ,広島三丁目,37.052416,138.273581,0,3
5055,15,217,145000 ,広田町,37.014993,138.25646,0,1
5056,15,217,146001 ,柳井田町一丁目,37.050744,138.257098,0,3
5057,15,217,146002 ,柳井田町二丁目,37.050803,138.258901,0,3
5058,15,217,146003 ,柳井田町三丁目,37.055528,138.255793,0,3
5059,15,217,146004 ,柳井田町四丁目,37.056406,138.258829,0,3
5060,15,217,146005 ,柳井田町五丁目,37.058802,138.255593,0,3
5061,15,217,147000 ,高柳,37.042701,138.267975,1,1
5062,15,218,1000 ,青橋,37.685349,139.15247,0,1
5063,15,218,2000 ,赤羽,37.730039,139.207349,0,1
5064,15,218,3000 ,曙町,37.735399,139.198604,0,1
5065,15,218,4000 ,赤海,37.741668,139.193078,0,1
5066,15,218,5001 ,赤海一丁目,37.735402,139.18789,0,3
5067,15,218,5002 ,赤海二丁目,37.735871,139.192396,0,3
5068,15,218,5003 ,赤海三丁目,37.739387,139.19004,0,3
5069,15,218,6000 ,旭町,37.745875,139.180611,0,1
5070,15,218,7000 ,愛宕,37.692021,139.191332,0,1
5071,15,218,8000 ,阿弥陀瀬,37.665079,139.199218,0,1
5072,15,218,9000 ,新屋,37.6606,139.172843,0,1
5073,15,218,10000 ,粟島,37.748011,139.179203,0,1
5074,15,218,11000 ,五十嵐新田,37.720524,139.201913,0,1
5075,15,218,12000 ,石倉,37.740764,139.154981,0,1
5076,15,218,13000 ,石曽根,37.694507,139.197514,0,1
5077,15,218,14001 ,泉町一丁目,37.742679,139.171947,0,3
5078,15,218,14002 ,泉町二丁目,37.742139,139.168825,0,3
5079,15,218,15000 ,伊勢の川,37.747615,139.173886,0,1
5080,15,218,16000 ,今泉,37.727817,139.171151,0,1
5081,15,218,17000 ,上野,37.668549,139.146679,0,1
5082,15,218,18001 ,駅前一丁目,37.735402,139.178994,0,3
5083,15,218,18002 ,駅前二丁目,37.7351,139.182355,0,3
5084,15,218,19000 ,大川前,37.746908,139.17679,0,1
5085,15,218,20000 ,大口,37.679905,139.179834,0,1
5086,15,218,21000 ,大蔵,37.690917,139.252319,0,1
5087,15,218,22000 ,大沢,37.716014,139.146688,0,1
5088,15,218,23000 ,大須郷,37.716944,139.239236,0,1
5089,15,218,24000 ,太田,37.746192,139.186761,0,1
5090,15,218,25001 ,太田一丁目,37.741072,139.18455,0,3
5091,15,218,25002 ,太田二丁目,37.74178,139.187681,0,3
5092,15,218,26000 ,大谷,37.72656,139.258705,0,1
5093,15,218,27000 ,大原,37.661044,139.181992,0,1
5094,15,218,28000 ,荻曽根,37.740765,139.16611,0,1
5095,15,218,29000 ,小熊,37.750032,139.149893,0,1
5096,15,218,30000 ,尾白,37.734721,139.231908,0,1
5097,15,218,31000 ,小山田,37.716929,139.258337,0,1
5098,15,218,32000 ,学校町,37.744084,139.177678,0,1
5099,15,218,33000 ,上大蒲原,37.645494,139.151035,0,1
5100,15,218,34000 ,上木越,37.708398,139.205681,0,1
5101,15,218,35000 ,上杉川,37.593099,139.255364,0,1
5102,15,218,36000 ,上戸倉,37.620123,139.163937,0,1
5103,15,218,37000 ,柄沢,37.691383,139.226572,0,1
5104,15,218,38000 ,刈羽,37.683535,139.122,0,1
5105,15,218,39000 ,川瀬,37.726278,139.194081,0,1
5106,15,218,40000 ,川内,37.677925,139.213795,0,1
5107,15,218,41000 ,木越,37.717277,139.183201,0,1
5108,15,218,42000 ,木越荒屋,37.711999,139.197581,0,1
5109,15,218,43000 ,北五泉駅前,37.747426,139.170493,0,1
5110,15,218,44000 ,清瀬,37.750898,139.220127,0,1
5111,15,218,45000 ,切畑,37.722033,139.237188,0,1
5112,15,218,46000 ,熊沢,37.67275,139.210525,0,1
5113,15,218,47000 ,熊野堂,37.702352,139.198494,0,1
5114,15,218,48000 ,暮坪,37.664476,139.233501,0,1
5115,15,218,49001 ,郷屋川一丁目,37.740383,139.178281,0,3
5116,15,218,49002 ,郷屋川二丁目,37.739776,139.181328,0,3
5117,15,218,50000 ,小搦,37.740941,139.248703,0,1
5118,15,218,51000 ,小栗山,37.732348,139.240453,0,1
5119,15,218,52000 ,五泉,37.750753,139.166953,0,1
5120,15,218,53000 ,小面谷,37.605032,139.312685,0,1
5121,15,218,54000 ,小流,37.743105,139.253957,0,1
5122,15,218,55000 ,笹野町,37.69804,139.155554,0,1
5123,15,218,56000 ,笹堀,37.739018,139.237831,0,1
5124,15,218,57000 ,笹目,37.661103,139.253823,0,1
5125,15,218,58000 ,佐取,37.72504,139.286712,0,1
5126,15,218,59000 ,猿橋,37.764318,139.159436,0,1
5127,15,218,60000 ,猿和田,37.73191,139.226428,0,1
5128,15,218,61000 ,三本木,37.754308,139.184171,0,1
5129,15,218,62001 ,三本木一丁目,37.750869,139.174503,0,3
5130,15,218,62002 ,三本木二丁目,37.754815,139.174521,0,3
5131,15,218,62003 ,三本木三丁目,37.757958,139.175979,0,3
5132,15,218,63000 ,下阿弥陀瀬,37.67683,139.200165,0,1
5133,15,218,64000 ,下大蒲原,37.658112,139.154215,0,1
5134,15,218,65000 ,下新,37.776212,139.175823,0,1
5135,15,218,66000 ,下杉川,37.654578,139.246362,0,1
5136,15,218,67000 ,下戸倉,37.627855,139.183213,0,1
5137,15,218,68000 ,尻上,37.711274,139.132684,0,1
5138,15,218,69001 ,城下一丁目,37.696699,139.16563,0,3
5139,15,218,69002 ,城下二丁目,37.691747,139.163971,0,3
5140,15,218,70000 ,新田町,37.695732,139.180137,0,1
5141,15,218,71000 ,菅出,37.707396,139.228394,0,1
5142,15,218,72000 ,菅沢,37.711131,139.101278,0,1
5143,15,218,73000 ,仙見谷,37.608723,139.219764,0,1
5144,15,218,74000 ,高松,37.642195,139.139474,0,1
5145,15,218,75000 ,高山,37.762482,139.209482,0,1
5146,15,218,76000 ,田屋,37.76718,139.170614,0,1
5147,15,218,77000 ,中名沢,37.70721,139.14764,0,1
5148,15,218,78000 ,千原,37.70679,139.159831,0,1
5149,15,218,79000 ,次屋,37.770434,139.171604,0,1
5150,15,218,80000 ,土堀,37.731857,139.218395,0,1
5151,15,218,81001 ,寺沢一丁目,37.733069,139.182121,0,3
5152,15,218,81002 ,寺沢二丁目,37.730547,139.180194,0,3
5153,15,218,81003 ,寺沢三丁目,37.730661,139.18355,0,3
5154,15,218,81004 ,寺沢四丁目,37.731051,139.188067,0,3
5155,15,218,81005 ,寺沢五丁目,37.728719,139.187123,0,3
5156,15,218,82000 ,寺田,37.669438,139.159576,0,1
5157,15,218,83000 ,土深,37.746264,139.15988,0,1
5158,15,218,84000 ,土渕,37.677154,139.225362,0,1
5159,15,218,85000 ,中川新,37.71232,139.234431,0,1
5160,15,218,86000 ,中島,37.676491,139.180349,0,1
5161,15,218,87000 ,中野橋,37.689155,139.148225,0,1
5162,15,218,88000 ,長橋,37.698422,139.141576,0,1
5163,15,218,89000 ,夏針,37.656325,139.212531,0,1
5164,15,218,90000 ,錦町,37.739401,139.173716,0,1
5165,15,218,91000 ,西四ツ屋,37.719808,139.146429,0,1
5166,15,218,92000 ,能代,37.733822,139.158403,0,1
5167,15,218,93000 ,白山,37.745101,139.171286,0,1
5168,15,218,94000 ,橋田,37.716451,139.128043,0,1
5169,15,218,95001 ,馬場町一丁目,37.74045,139.173409,0,3
5170,15,218,95002 ,馬場町二丁目,37.739584,139.170442,0,3
5171,15,218,96000 ,番坂,37.6831,139.193957,0,1
5172,15,218,97000 ,東石曽根,37.706751,139.191006,0,1
5173,15,218,98001 ,東本町一丁目,37.742644,139.17807,0,3
5174,15,218,98002 ,東本町二丁目,37.742405,139.181069,0,3
5175,15,218,99000 ,東四ツ屋,37.724684,139.217765,0,1
5176,15,218,100000 ,蛭野,37.635195,139.199514,0,1
5177,15,218,101000 ,二ツ柳,37.735321,139.164795,0,1
5178,15,218,102000 ,不動堂,37.68969,139.217099,0,1
5179,15,218,103000 ,船越,37.761879,139.164609,0,1
5180,15,218,104000 ,別所,37.672176,139.171034,0,1
5181,15,218,105001 ,本町一丁目,37.736928,139.176093,0,3
5182,15,218,105002 ,本町二丁目,37.73957,139.176082,0,3
5183,15,218,105003 ,本町三丁目,37.741291,139.176044,0,3
5184,15,218,105004 ,本町四丁目,37.742616,139.175716,0,3
5185,15,218,105005 ,本町五丁目,37.74445,139.174291,0,3
5186,15,218,105006 ,本町六丁目,37.74542,139.175618,0,3
5187,15,218,106000 ,馬下,37.728031,139.27029,0,1
5188,15,218,107000 ,牧,37.664959,139.124655,0,1
5189,15,218,108000 ,町屋,37.720047,139.156684,0,1
5190,15,218,109000 ,松野,37.677382,139.255829,0,1
5191,15,218,110000 ,丸田,37.744691,139.145051,0,1
5192,15,218,111000 ,美郷,37.686441,139.163831,0,1
5193,15,218,112000 ,水島町,37.751216,139.17698,0,1
5194,15,218,113000 ,水戸野,37.668863,139.226009,0,1
5195,15,218,114000 ,緑町,37.734389,139.185824,0,1
5196,15,218,115000 ,南田中,37.677024,139.149471,0,1
5197,15,218,116001 ,南本町一丁目,37.7349,139.175745,0,3
5198,15,218,116002 ,南本町二丁目,37.732322,139.175955,0,3
5199,15,218,116003 ,南本町三丁目,37.72968,139.175589,0,3
5200,15,218,117000 ,宮町,37.74269,139.173798,0,1
5201,15,218,118000 ,宮野下,37.702086,139.19181,0,1
5202,15,218,119000 ,村松,37.687382,139.178981,0,1
5203,15,218,120001 ,村松工業団地一丁目,37.679667,139.158876,0,3
5204,15,218,120002 ,村松工業団地二丁目,37.678791,139.163164,0,3
5205,15,218,120003 ,村松工業団地三丁目,37.675407,139.15932,0,3
5206,15,218,121000 ,本田屋,37.709383,139.175287,0,1
5207,15,218,122000 ,安出,37.6606,139.191624,0,1
5208,15,218,123000 ,矢津,37.689752,139.20518,0,1
5209,15,218,124000 ,山崎,37.753956,139.151927,0,1
5210,15,218,125000 ,山谷,37.647653,139.172231,0,1
5211,15,218,126001 ,横町一丁目,37.737469,139.173954,0,3
5212,15,218,126002 ,横町二丁目,37.736022,139.172316,0,3
5213,15,218,126003 ,横町三丁目,37.736756,139.169531,0,3
5214,15,218,127000 ,横渡,37.665085,139.243165,0,1
5215,15,218,128000 ,吉沢,37.726792,139.183207,0,1
5216,15,218,129001 ,吉沢一丁目,37.737798,139.178738,0,3
5217,15,218,129002 ,吉沢二丁目,37.737995,139.181782,0,3
5218,15,218,129003 ,吉沢三丁目,37.737852,139.184344,0,3
5219,15,218,130000 ,四ツ屋新,37.734307,139.21632,0,1
5220,15,218,131000 ,羽下,37.773075,139.177264,0,1
5221,15,218,132000 ,一本杉,37.76259,139.190797,0,1
5222,15,218,133000 ,下条,37.76452,139.174476,0,1
5223,15,218,134000 ,下条川向,37.767441,139.179613,0,1
5224,15,218,135000 ,論瀬,37.745371,139.211683,0,1
5225,15,218,136000 ,荻野島,37.742313,139.226757,0,1
5226,15,218,137000 ,天神浦,37.771197,139.187574,1,1
5227,15,218,138000 ,別所東,37.680987,139.168407,1,1
5228,15,222,1000 ,東町,37.170515,138.243006,0,1
5229,15,222,2000 ,石橋,37.158568,138.236817,0,1
5230,15,222,3001 ,石橋一丁目,37.164518,138.238298,0,3
5231,15,222,3002 ,石橋二丁目,37.163787,138.234515,0,3
5232,15,222,4000 ,板倉区青葉,37.073913,138.287936,0,1
5233,15,222,5000 ,板倉区稲増,37.07972,138.284161,0,1
5234,15,222,6000 ,板倉区大池新田,37.002373,138.306043,0,1
5235,15,222,7000 ,板倉区大野新田,37.020689,138.324537,0,1
5236,15,222,8000 ,板倉区釜塚,37.026232,138.316173,0,1
5237,15,222,9000 ,板倉区上中島新田,37.058571,138.280337,0,1
5238,15,222,10000 ,板倉区上福田新田,37.07667,138.301762,0,1
5239,15,222,11000 ,板倉区久々野,36.994344,138.343741,0,1
5240,15,222,12000 ,板倉区熊川,37.042811,138.292763,0,1
5241,15,222,13000 ,板倉区熊川新田,37.038993,138.289332,0,1
5242,15,222,14000 ,板倉区栗澤,37.031572,138.33015,0,1
5243,15,222,15000 ,板倉区玄藤寺新田,37.040072,138.352884,0,1
5244,15,222,16000 ,板倉区小石原,37.047417,138.271454,0,1
5245,15,222,17000 ,板倉区国川,37.042635,138.312817,0,1
5246,15,222,18000 ,板倉区菰立,37.011386,138.296655,0,1
5247,15,222,19000 ,板倉区坂井,37.058488,138.302943,0,1
5248,15,222,20000 ,板倉区猿供養寺,37.013075,138.3285,0,1
5249,15,222,21000 ,板倉区沢田,37.057224,138.309944,1,1
5250,15,222,22000 ,板倉区下田屋,37.058714,138.285346,0,1
5251,15,222,23000 ,板倉区下米沢,37.0475,138.2845,0,1
5252,15,222,24000 ,板倉区関田,37.007956,138.373524,0,1
5253,15,222,25000 ,板倉区関根,37.058068,138.292679,1,1
5254,15,222,26000 ,板倉区曽根田,37.045925,138.306656,0,1
5255,15,222,27000 ,板倉区田井,37.067997,138.286042,0,1
5256,15,222,28000 ,板倉区高野,37.060342,138.296891,1,1
5257,15,222,29000 ,板倉区達野,37.03774,138.34108,0,1
5258,15,222,30000 ,板倉区田屋,37.053736,138.313988,0,1
5259,15,222,31000 ,板倉区筒方,37.020508,138.34502,0,1
5260,15,222,32000 ,板倉区戸狩,37.073419,138.293044,1,1
5261,15,222,33000 ,板倉区長塚,37.064107,138.309706,0,1
5262,15,222,34000 ,板倉区中之宮,37.031312,138.296501,0,1
5263,15,222,35000 ,板倉区長嶺,37.064153,138.303862,1,1
5264,15,222,36000 ,板倉区中四ツ屋,37.049645,138.315885,0,1
5265,15,222,37000 ,板倉区機織,37.011604,138.311063,0,1
5266,15,222,38000 ,板倉区針,37.05309,138.297982,1,1
5267,15,222,39000 ,板倉区東山寺,37.00773,138.345304,0,1
5268,15,222,40000 ,板倉区福王寺,37.039177,138.308023,0,1
5269,15,222,41000 ,板倉区不動新田,37.022328,138.308391,0,1
5270,15,222,42000 ,板倉区別所,37.044713,138.326574,0,1
5271,15,222,43000 ,板倉区緑ケ丘,37.07057,138.288613,0,1
5272,15,222,44000 ,板倉区南中島,37.051849,138.28126,0,1
5273,15,222,45000 ,板倉区南四ツ屋新田,37.075343,138.305216,0,1
5274,15,222,46000 ,板倉区宮島,37.049892,138.308999,1,1
5275,15,222,47000 ,板倉区山越,37.033317,138.286587,0,1
5276,15,222,48000 ,板倉区山部,37.037031,138.300051,0,1
5277,15,222,49000 ,板倉区横町,37.052167,138.288307,0,1
5278,15,222,50000 ,板倉区吉増,37.037585,138.283755,0,1
5279,15,222,51000 ,板倉区米増,37.035731,138.293078,0,1
5280,15,222,52001 ,稲田一丁目,37.117118,138.268746,0,3
5281,15,222,52002 ,稲田二丁目,37.120182,138.26639,0,3
5282,15,222,52003 ,稲田三丁目,37.121548,138.267624,0,3
5283,15,222,52004 ,稲田四丁目,37.11964,138.27095,0,3
5284,15,222,53000 ,浦川原区有島,37.151725,138.427831,0,1
5285,15,222,54000 ,浦川原区飯室,37.165443,138.380094,0,1
5286,15,222,55000 ,浦川原区飯室新田,37.159538,138.380523,0,1
5287,15,222,56000 ,浦川原区今熊,37.152788,138.379666,0,1
5288,15,222,57000 ,浦川原区岩室,37.137774,138.40409,0,1
5289,15,222,58000 ,浦川原区印内,37.16164,138.395934,0,1
5290,15,222,59000 ,浦川原区大栃山,37.170977,138.438033,0,1
5291,15,222,60000 ,浦川原区釜淵,37.161409,138.434595,0,1
5292,15,222,61000 ,浦川原区上猪子田,37.175539,138.480096,0,1
5293,15,222,62000 ,浦川原区上岡,37.171874,138.393559,0,1
5294,15,222,63000 ,浦川原区上柿野,37.174193,138.428788,0,1
5295,15,222,64000 ,浦川原区熊沢,37.141561,138.423375,0,1
5296,15,222,65000 ,浦川原区顕聖寺,37.15937,138.421883,0,1
5297,15,222,66000 ,浦川原区小蒲生田,37.169835,138.455505,0,1
5298,15,222,67000 ,浦川原区小谷島,37.149514,138.482335,0,1
5299,15,222,68000 ,浦川原区桜島,37.150583,138.396648,0,1
5300,15,222,69000 ,浦川原区下猪子田,37.154381,138.466358,0,1
5301,15,222,70000 ,浦川原区下柿野,37.165423,138.424072,0,1
5302,15,222,71000 ,浦川原区真光寺,37.115058,138.426181,0,1
5303,15,222,72000 ,浦川原区杉坪,37.169281,138.415416,0,1
5304,15,222,73000 ,浦川原区谷,37.101392,138.44006,0,1
5305,15,222,74000 ,浦川原区坪野,37.11386,138.412301,0,1
5306,15,222,75000 ,浦川原区中猪子田,37.154948,138.455908,0,1
5307,15,222,76000 ,浦川原区長走,37.151799,138.405523,0,1
5308,15,222,77000 ,浦川原区東俣,37.175419,138.418301,0,1
5309,15,222,78000 ,浦川原区菱田,37.151494,138.415056,0,1
5310,15,222,79000 ,浦川原区日向,37.16139,138.402671,0,1
5311,15,222,80000 ,浦川原区法定寺,37.131393,138.407554,0,1
5312,15,222,81000 ,浦川原区六日町,37.165606,138.406831,0,1
5313,15,222,82000 ,浦川原区虫川,37.159504,138.446033,0,1
5314,15,222,83000 ,浦川原区山印内,37.163497,138.389134,0,1
5315,15,222,84000 ,浦川原区山本,37.149876,138.388043,0,1
5316,15,222,85000 ,浦川原区横川,37.162261,138.413174,0,1
5317,15,222,86000 ,浦川原区横住,37.125776,138.419436,0,1
5318,15,222,87000 ,大字青木,37.082565,138.238654,0,1
5319,15,222,88000 ,大字青野,37.164162,138.349539,0,1
5320,15,222,89000 ,大字赤塚新田,37.131295,138.26824,0,1
5321,15,222,90000 ,大字朝日,37.078164,138.220242,0,1
5322,15,222,91000 ,大字愛宕国分,37.157124,138.230334,0,1
5323,15,222,92000 ,大字天野原新田,37.092471,138.288905,0,1
5324,15,222,93000 ,大字荒町,37.088406,138.244989,0,1
5325,15,222,94000 ,大字荒屋,37.142852,138.279308,0,1
5326,15,222,95000 ,大字有間川,37.15987,138.147704,0,1
5327,15,222,96000 ,大字飯,37.126103,138.233008,0,1
5328,15,222,97000 ,大字飯田,37.092028,138.32699,1,1
5329,15,222,98000 ,大字飯塚,37.150221,138.302925,0,1
5330,15,222,99000 ,大字池,37.099663,138.293177,0,1
5331,15,222,100000 ,大字石川,37.16279,138.335124,0,1
5332,15,222,101000 ,大字石沢,37.072199,138.254638,0,1
5333,15,222,102000 ,大字石橋新田,37.191335,138.2836,0,1
5334,15,222,103000 ,大字市野江,37.136696,138.278246,0,1
5335,15,222,104000 ,大字稲,37.099669,138.307195,0,1
5336,15,222,105000 ,大字稲谷,37.087134,138.321225,1,1
5337,15,222,106000 ,大字稲荷,37.069019,138.245241,0,1
5338,15,222,107000 ,大字茨沢,37.113079,138.279812,0,1
5339,15,222,108000 ,大字今池,37.096699,138.272343,0,1
5340,15,222,109000 ,大字今泉,37.075615,138.245849,0,1
5341,15,222,110000 ,大字岩木,37.133022,138.215841,0,1
5342,15,222,111000 ,大字牛池新田,37.153137,138.195221,0,1
5343,15,222,112000 ,大字後谷,37.083574,138.192258,0,1
5344,15,222,113000 ,大字宇津尾,37.125045,138.197316,0,1
5345,15,222,114000 ,大字夷浜,37.203722,138.29008,0,1
5346,15,222,115000 ,大字夷浜新田,37.197409,138.287814,0,1
5347,15,222,116000 ,大字小池,37.134798,138.12562,0,1
5348,15,222,117000 ,大字大口,37.079902,138.346719,0,1
5349,15,222,118000 ,大字大貫,37.108009,138.224893,0,1
5350,15,222,119000 ,大字大場,37.161593,138.215114,0,1
5351,15,222,120000 ,大字大渕,37.109295,138.126781,0,1
5352,15,222,121000 ,大字岡崎新田,37.177694,138.337995,0,1
5353,15,222,122000 ,大字岡原,37.082795,138.262343,0,1
5354,15,222,123000 ,大字鍛冶免分,37.155917,138.145521,0,1
5355,15,222,124000 ,大字春日,37.152115,138.219557,0,1
5356,15,222,125000 ,大字春日新田,37.169716,138.257201,0,1
5357,15,222,126000 ,大字上荒浜,37.196053,138.274672,0,1
5358,15,222,127000 ,大字上池部,37.115201,138.299895,0,1
5359,15,222,128000 ,大字上稲田,37.122362,138.263602,0,1
5360,15,222,129000 ,大字上源入,37.159807,138.259588,0,1
5361,15,222,130000 ,大字上五貫野,37.171402,138.303213,0,1
5362,15,222,131000 ,大字上島,37.131552,138.258265,0,1
5363,15,222,132000 ,大字上正善寺,37.133326,138.180559,0,1
5364,15,222,133000 ,大字上新町,37.099286,138.28732,0,1
5365,15,222,134000 ,大字上曽根,37.091305,138.320008,0,1
5366,15,222,135000 ,大字上千原,37.165313,138.288317,0,1
5367,15,222,136000 ,大字上綱子,37.106824,138.17553,0,1
5368,15,222,137000 ,大字上富川,37.091644,138.301288,0,1
5369,15,222,138000 ,大字上中田,37.089908,138.237725,0,1
5370,15,222,139000 ,大字上名柄,37.166926,138.317463,0,1
5371,15,222,140000 ,大字上野田,37.122102,138.298455,0,1
5372,15,222,141000 ,大字上箱井,37.075658,138.261459,0,1
5373,15,222,142000 ,大字上真砂,37.142143,138.304733,0,1
5374,15,222,143000 ,大字上門前,37.068083,138.217245,0,1
5375,15,222,144000 ,大字上湯谷,37.109269,138.186446,0,1
5376,15,222,145000 ,大字上吉野,37.172842,138.332675,0,1
5377,15,222,146000 ,大字鴨島,37.116229,138.274285,0,1
5378,15,222,147000 ,大字川端,37.154322,138.303121,0,1
5379,15,222,148000 ,大字木島,37.068498,138.274125,0,1
5380,15,222,149000 ,大字木田,37.148987,138.244809,0,1
5381,15,222,150000 ,大字北方,37.084602,138.357567,0,1
5382,15,222,151000 ,大字北新保,37.147793,138.295631,0,1
5383,15,222,152000 ,大字北田中,37.134312,138.307681,0,1
5384,15,222,153000 ,大字北谷,37.098674,138.135561,0,1
5385,15,222,154000 ,大字北田屋新田,37.143192,138.248743,0,1
5386,15,222,155000 ,大字儀明,37.114629,138.193566,0,1
5387,15,222,156000 ,大字京田,37.097358,138.231352,0,1
5388,15,222,157000 ,大字桐原,37.135541,138.288952,0,1
5389,15,222,158000 ,大字熊塚,37.093357,138.303173,0,1
5390,15,222,159000 ,大字黒井,37.189972,138.269526,0,1
5391,15,222,160000 ,大字黒田,37.081302,138.225512,0,1
5392,15,222,161000 ,大字小泉,37.157773,138.31442,0,1
5393,15,222,162000 ,大字高和町,37.106206,138.324783,0,1
5394,15,222,163000 ,大字五ケ所新田,37.091349,138.267225,0,1
5395,15,222,164000 ,大字小猿屋,37.148039,138.272794,0,1
5396,15,222,165000 ,大字小猿屋新田,37.141607,138.27271,0,1
5397,15,222,166000 ,大字居多,37.166456,138.213427,0,1
5398,15,222,167000 ,大字小滝,37.070663,138.22061,0,1
5399,15,222,168000 ,大字五智国分,37.161309,138.208818,0,1
5400,15,222,169000 ,大字五野井,37.159954,138.332544,0,1
5401,15,222,170000 ,大字駒林,37.146167,138.321662,0,1
5402,15,222,171000 ,大字子安,37.104732,138.279368,0,1
5403,15,222,172000 ,大字三交,37.15728,138.242291,0,1
5404,15,222,173000 ,大字三田,37.152466,138.26597,0,1
5405,15,222,174000 ,大字三田新田,37.156688,138.267201,0,1
5406,15,222,175000 ,大字塩荷谷,37.106403,138.203462,0,1
5407,15,222,176000 ,大字塩屋,37.158961,138.243275,0,1
5408,15,222,177000 ,大字塩屋新田,37.161577,138.249241,0,1
5409,15,222,178000 ,大字四ケ所,37.120987,138.274497,0,1
5410,15,222,179000 ,大字七ケ所新田,37.084741,138.259014,0,1
5411,15,222,180000 ,大字島田,37.082014,138.275624,0,1
5412,15,222,181000 ,大字島田上新田,37.073818,138.275446,0,1
5413,15,222,182000 ,大字島田下新田,37.091969,138.27021,0,1
5414,15,222,183000 ,大字下荒浜,37.195,138.281484,0,1
5415,15,222,184000 ,大字下池部,37.115836,138.293337,0,1
5416,15,222,185000 ,大字下稲田,37.124601,138.268881,0,1
5417,15,222,186000 ,大字下稲塚,37.084775,138.312998,0,1
5418,15,222,187000 ,大字下源入,37.16438,138.257979,0,1
5419,15,222,188000 ,大字下五貫野,37.174373,138.293292,0,1
5420,15,222,189000 ,大字下正善寺,37.129585,138.206427,0,1
5421,15,222,190000 ,大字下新田,37.089471,138.260652,0,1
5422,15,222,191000 ,大字下新町,37.101419,138.281517,0,1
5423,15,222,192000 ,大字下曽根,37.091472,138.325916,1,1
5424,15,222,193000 ,大字下綱子,37.122445,138.151009,0,1
5425,15,222,194000 ,大字下百々,37.147325,138.314316,0,1
5426,15,222,195000 ,大字下富川,37.099008,138.29816,0,1
5427,15,222,196000 ,大字下中田,37.092793,138.243548,0,1
5428,15,222,197000 ,大字下名柄,37.166186,138.308368,0,1
5429,15,222,198000 ,大字下野田,37.12926,138.294909,0,1
5430,15,222,199000 ,大字下箱井,37.093037,138.263141,0,1
5431,15,222,200000 ,大字下馬場,37.075169,138.220368,0,1
5432,15,222,201000 ,大字下真砂,37.176035,138.287132,0,1
5433,15,222,202000 ,大字下門前,37.159204,138.253922,0,1
5434,15,222,203000 ,大字下吉新田,37.176724,138.282843,0,1
5435,15,222,204000 ,大字下吉野,37.173569,138.320832,0,1
5436,15,222,205000 ,大字下四ツ屋,37.079655,138.304346,0,1
5437,15,222,206000 ,大字十二ノ木,37.089945,138.341432,0,1
5438,15,222,207000 ,大字上雲寺,37.102876,138.297163,0,1
5439,15,222,208000 ,大字新長者原,37.082739,138.287545,0,1
5440,15,222,209000 ,大字新保古新田,37.108021,138.292896,0,1
5441,15,222,210000 ,大字杉野袋,37.146896,138.305516,0,1
5442,15,222,211000 ,大字薄袋,37.143626,138.245236,0,1
5443,15,222,212000 ,大字諏訪,37.134802,138.298377,0,1
5444,15,222,213000 ,大字大豆,37.148361,138.210279,0,1
5445,15,222,214000 ,大字大道新田,37.137192,138.247271,0,1
5446,15,222,215000 ,大字大道福田,37.14743,138.250149,0,1
5447,15,222,216000 ,大字大日,37.134595,138.265161,0,1
5448,15,222,217000 ,大字高崎新田,37.187562,138.259529,0,1
5449,15,222,218000 ,大字高住,37.144658,138.13935,0,1
5450,15,222,219000 ,大字高田新田,37.092909,138.245303,0,1
5451,15,222,220000 ,大字高津,37.094783,138.326601,1,1
5452,15,222,221000 ,大字高森,37.138198,138.294438,0,1
5453,15,222,222000 ,大字滝寺,37.120893,138.215086,0,1
5454,15,222,223000 ,大字田沢新田,37.174587,138.342123,0,1
5455,15,222,224000 ,大字辰尾新田,37.087369,138.298062,0,1
5456,15,222,225000 ,大字丹原,37.151944,138.129416,0,1
5457,15,222,226000 ,大字地頭方,37.073213,138.239283,0,1
5458,15,222,227000 ,大字茶屋ケ原,37.164101,138.110558,0,1
5459,15,222,228000 ,大字長者町,37.088256,138.28517,0,1
5460,15,222,229000 ,大字塚田新田,37.127235,138.228013,0,1
5461,15,222,230000 ,大字劔,37.109759,138.311501,0,1
5462,15,222,231000 ,大字鶴町,37.129153,138.306215,0,1
5463,15,222,232000 ,大字寺,37.128394,138.26528,0,1
5464,15,222,233000 ,大字寺分,37.140263,138.223617,0,1
5465,15,222,234000 ,大字寺町,37.065935,138.259614,0,1
5466,15,222,235000 ,大字土口,37.084739,138.115593,0,1
5467,15,222,236000 ,大字轟木,37.16165,138.242803,0,1
5468,15,222,237000 ,大字戸野目,37.124147,138.273462,0,1
5469,15,222,238000 ,大字戸野目古新田,37.129906,138.272485,0,1
5470,15,222,239000 ,大字富岡,37.145,138.26065,0,1
5471,15,222,240000 ,大字樋場,37.104394,138.273353,0,1
5472,15,222,241000 ,大字直江津,37.18757,138.253313,0,1
5473,15,222,242000 ,大字長岡,37.154959,138.32572,0,1
5474,15,222,243000 ,大字長岡新田,37.162243,138.324538,0,1
5475,15,222,244000 ,大字長面,37.121959,138.287812,0,1
5476,15,222,245000 ,大字中桑取,37.138701,138.157607,0,1
5477,15,222,246000 ,大字中正善寺,37.133509,138.192688,0,1
5478,15,222,247000 ,大字中田新田,37.1364,138.269035,0,1
5479,15,222,248000 ,大字中田原,37.095329,138.235693,0,1
5480,15,222,249000 ,大字中々村新田,37.135977,138.250814,0,1
5481,15,222,250000 ,大字中ノ俣,37.090073,138.158837,0,1
5482,15,222,251000 ,大字中箱井,37.080318,138.259981,0,1
5483,15,222,252000 ,大字長浜,37.153763,138.168261,0,1
5484,15,222,253000 ,大字中真砂,37.154008,138.294933,0,1
5485,15,222,254000 ,大字中門前,37.15314,138.209786,0,1
5486,15,222,255000 ,大字中屋敷,37.14455,138.208226,0,1
5487,15,222,256000 ,大字鍋ケ浦,37.153506,138.121345,0,1
5488,15,222,257000 ,大字西市野口,37.116964,138.279133,0,1
5489,15,222,258000 ,大字西ケ窪浜,37.207063,138.297123,0,1
5490,15,222,259000 ,大字西田中,37.063123,138.254823,0,1
5491,15,222,260000 ,大字西戸野,37.151807,138.139114,0,1
5492,15,222,261000 ,大字西松野木,37.081622,138.295631,0,1
5493,15,222,262000 ,大字西谷内,37.093538,138.135661,0,1
5494,15,222,263000 ,大字西山寺,37.138995,138.13473,0,1
5495,15,222,264000 ,大字西横山,37.123766,138.135376,0,1
5496,15,222,265000 ,大字西吉尾,37.120367,138.126991,0,1
5497,15,222,266000 ,大字野尻,37.099678,138.315864,0,1
5498,15,222,267000 ,大字灰塚,37.082001,138.210908,0,1
5499,15,222,268000 ,大字花立,37.152391,138.149673,0,1
5500,15,222,269000 ,大字東市野口,37.110827,138.298596,0,1
5501,15,222,270000 ,大字東稲塚新田,37.085831,138.305473,0,1
5502,15,222,271000 ,大字東京田,37.087624,138.335102,1,1
5503,15,222,272000 ,大字東中島,37.164249,138.30015,0,1
5504,15,222,273000 ,大字東原,37.133694,138.302451,0,1
5505,15,222,274000 ,大字東吉尾,37.115442,138.133598,0,1
5506,15,222,275000 ,大字平岡,37.139712,138.256088,0,1
5507,15,222,276000 ,大字福岡新田,37.178773,138.332709,0,1
5508,15,222,277000 ,大字福田,37.169903,138.27376,0,1
5509,15,222,278000 ,大字福橋,37.169016,138.280339,0,1
5510,15,222,279000 ,大字藤新田,37.137529,138.232899,0,1
5511,15,222,280000 ,大字藤塚,37.113205,138.285487,0,1
5512,15,222,281000 ,大字藤野新田,37.154009,138.247922,0,1
5513,15,222,282000 ,大字藤巻,37.135086,138.234998,0,1
5514,15,222,283000 ,大字本新保,37.105772,138.300416,0,1
5515,15,222,284000 ,大字本道,37.130721,138.283781,0,1
5516,15,222,285000 ,大字増沢,37.102734,138.118618,0,1
5517,15,222,286000 ,大字松村新田,37.168417,138.258498,0,1
5518,15,222,287000 ,大字丸山新田,37.096499,138.254785,0,1
5519,15,222,288000 ,大字三ツ橋,37.164171,138.271632,0,1
5520,15,222,289000 ,大字三ツ橋新田,37.158189,138.273537,0,1
5521,15,222,290000 ,大字三ツ屋,37.172462,138.267622,0,1
5522,15,222,291000 ,大字皆口,37.088342,138.139423,0,1
5523,15,222,292000 ,大字南方,37.085033,138.34521,0,1
5524,15,222,293000 ,大字南新保,37.1435,138.29441,0,1
5525,15,222,294000 ,大字南田屋新田,37.140662,138.2515,0,1
5526,15,222,295000 ,大字宮野尾,37.155166,138.20214,0,1
5527,15,222,296000 ,大字妙油,37.095901,138.340312,0,1
5528,15,222,297000 ,大字向橋,37.097611,138.218339,0,1
5529,15,222,298000 ,大字虫川,37.142551,138.286939,0,1
5530,15,222,299000 ,大字虫生岩戸,37.164975,138.19519,0,1
5531,15,222,300000 ,大字本長者原,37.092865,138.283935,0,1
5532,15,222,301000 ,大字元屋敷,37.100862,138.320107,0,1
5533,15,222,302000 ,大字森田,37.09301,138.343174,0,1
5534,15,222,303000 ,大字門田新田,37.128552,138.279098,0,1
5535,15,222,304000 ,大字安江,37.164497,138.265143,0,1
5536,15,222,305000 ,大字八幡,37.158687,138.233417,0,1
5537,15,222,306000 ,大字藪野,37.093633,138.29316,0,1
5538,15,222,307000 ,大字遊光寺浜,37.200119,138.282964,0,1
5539,15,222,308000 ,大字横曽根,37.151821,138.285923,0,1
5540,15,222,309000 ,大字横畑,37.060805,138.148623,0,1
5541,15,222,310000 ,大字吉浦,37.16104,138.120414,0,1
5542,15,222,311000 ,大字吉岡,37.111514,138.304454,0,1
5543,15,222,312000 ,大字四辻町,37.118195,138.312212,0,1
5544,15,222,313000 ,大字米岡,37.131254,138.31599,0,1
5545,15,222,314000 ,大字脇野田,37.08958,138.242872,0,1
5546,15,222,315000 ,大潟区和泉新田,37.211761,138.363996,0,1
5547,15,222,316000 ,大潟区岩野,37.219025,138.347309,0,1
5548,15,222,317000 ,大潟区岩野古新田,37.224672,138.3412,0,1
5549,15,222,318000 ,大潟区内雁子,37.233775,138.372368,0,1
5550,15,222,319000 ,大潟区内雁子新田,37.235564,138.365959,0,1
5551,15,222,320000 ,大潟区潟田,37.214384,138.341204,0,1
5552,15,222,321000 ,大潟区潟町,37.230891,138.344973,0,1
5553,15,222,322000 ,大潟区潟守新田,37.201674,138.298194,0,1
5554,15,222,323000 ,大潟区上潟,37.22057,138.360249,0,1
5555,15,222,324000 ,大潟区上小船津浜,37.217818,138.314542,0,1
5556,15,222,325000 ,大潟区川北,37.206341,138.320242,0,1
5557,15,222,326000 ,大潟区雁子浜,37.242099,138.344569,0,1
5558,15,222,327000 ,大潟区九戸浜,37.237593,138.337588,0,1
5559,15,222,328000 ,大潟区蜘ケ池,37.212936,138.324807,0,1
5560,15,222,329000 ,大潟区犀潟,37.211616,138.303436,0,1
5561,15,222,330000 ,大潟区里鵜島新田,37.222381,138.361341,0,1
5562,15,222,331000 ,大潟区渋柿浜,37.212635,138.314126,0,1
5563,15,222,332000 ,大潟区下小船津浜,37.219599,138.318737,0,1
5564,15,222,333000 ,大潟区高橋新田,37.215838,138.363542,0,1
5565,15,222,334000 ,大潟区土底浜,37.225245,138.327942,0,1
5566,15,222,335000 ,大潟区長崎,37.224964,138.350057,0,1
5567,15,222,336000 ,大潟区浜雁子新田,37.224335,138.3618,0,1
5568,15,222,337000 ,大潟区東潟,37.214327,138.357225,0,1
5569,15,222,338000 ,大潟区山鵜島新田,37.227614,138.359836,0,1
5570,15,222,339000 ,大潟区吉崎新田,37.219106,138.354249,0,1
5571,15,222,340000 ,大潟区四ツ屋浜,37.231052,138.329949,0,1
5572,15,222,341000 ,大潟区米倉新田,37.2212,138.363906,0,1
5573,15,222,342000 ,大島区板山,37.179243,138.513666,0,1
5574,15,222,343000 ,大島区牛ケ鼻,37.088517,138.531085,0,1
5575,15,222,344000 ,大島区大島,37.123451,138.500087,0,1
5576,15,222,345000 ,大島区大平,37.15198,138.510508,0,1
5577,15,222,346000 ,大島区岡,37.165044,138.505617,0,1
5578,15,222,347000 ,大島区上達,37.136827,138.501644,0,1
5579,15,222,348000 ,大島区下達,37.144859,138.5361,0,1
5580,15,222,349000 ,大島区菖蒲,37.061837,138.520737,0,1
5581,15,222,350000 ,大島区棚岡,37.119574,138.506034,0,1
5582,15,222,351000 ,大島区田麦,37.169295,138.539309,0,1
5583,15,222,352000 ,大島区中野,37.124487,138.517862,0,1
5584,15,222,353000 ,大島区仁上,37.099118,138.506105,0,1
5585,15,222,354000 ,大島区嶺,37.175341,138.556972,0,1
5586,15,222,355000 ,大手町,37.108012,138.248559,0,1
5587,15,222,356001 ,大貫一丁目,37.101816,138.233121,0,3
5588,15,222,356002 ,大貫二丁目,37.105907,138.232681,0,3
5589,15,222,356003 ,大貫三丁目,37.110512,138.235218,0,3
5590,15,222,356004 ,大貫四丁目,37.112029,138.230482,0,3
5591,15,222,357001 ,大町一丁目,37.104,138.245173,0,3
5592,15,222,357002 ,大町二丁目,37.107314,138.245498,0,3
5593,15,222,357003 ,大町三丁目,37.111247,138.245763,0,3
5594,15,222,357004 ,大町四丁目,37.114293,138.246092,0,3
5595,15,222,357005 ,大町五丁目,37.117132,138.246956,0,3
5596,15,222,358000 ,加賀町,37.157456,138.226857,0,1
5597,15,222,359000 ,柿崎区旭平,37.231142,138.490083,0,1
5598,15,222,360000 ,柿崎区阿弥陀瀬,37.26843,138.40518,0,1
5599,15,222,361000 ,柿崎区芋島,37.243291,138.45661,0,1
5600,15,222,362000 ,柿崎区芋島新田,37.240488,138.449444,0,1
5601,15,222,363000 ,柿崎区岩手,37.247735,138.440751,0,1
5602,15,222,364000 ,柿崎区岩野,37.261497,138.442948,0,1
5603,15,222,365000 ,柿崎区江島新田,37.247465,138.379628,0,1
5604,15,222,366000 ,柿崎区小萱,37.288294,138.460314,0,1
5605,15,222,367000 ,柿崎区荻谷,37.264376,138.405612,0,1
5606,15,222,368000 ,柿崎区落合,37.25391,138.397351,0,1
5607,15,222,369000 ,柿崎区柿崎,37.279008,138.394283,0,1
5608,15,222,370000 ,柿崎区金谷,37.284861,138.409945,0,1
5609,15,222,371000 ,柿崎区上小野,37.25339,138.421557,0,1
5610,15,222,372000 ,柿崎区上金原,37.244469,138.397351,0,1
5611,15,222,373000 ,柿崎区上中山,37.244016,138.47312,0,1
5612,15,222,374000 ,柿崎区上直海,37.241914,138.389218,0,1
5613,15,222,375000 ,柿崎区川井,37.265304,138.391542,0,1
5614,15,222,376000 ,柿崎区川田,37.265705,138.423613,0,1
5615,15,222,377000 ,柿崎区雁海,37.277696,138.424932,0,1
5616,15,222,378000 ,柿崎区行法,37.259687,138.393932,0,1
5617,15,222,379000 ,柿崎区黒岩,37.255031,138.510007,0,1
5618,15,222,380000 ,柿崎区下条,37.253323,138.388682,0,1
5619,15,222,381000 ,柿崎区犀ケ池新田,37.239537,138.368253,0,1
5620,15,222,382000 ,柿崎区坂田新田,37.250144,138.368509,0,1
5621,15,222,383000 ,柿崎区桜町新田,37.239089,138.398847,0,1
5622,15,222,384000 ,柿崎区猿毛,37.26095,138.476416,0,1
5623,15,222,385000 ,柿崎区猿毛新田,37.254563,138.471966,0,1
5624,15,222,386000 ,柿崎区下小野,37.252448,138.409984,0,1
5625,15,222,387000 ,柿崎区下金原,37.252201,138.393668,0,1
5626,15,222,388000 ,柿崎区下中山,37.288159,138.426565,0,1
5627,15,222,389000 ,柿崎区下灰庭新田,37.244371,138.440529,0,1
5628,15,222,390000 ,柿崎区下牧,37.276473,138.461089,0,1
5629,15,222,391000 ,柿崎区上下浜,37.245629,138.355666,0,1
5630,15,222,392000 ,柿崎区上下浜新田,37.250961,138.374179,0,1
5631,15,222,393000 ,柿崎区城腰,37.256594,138.489802,0,1
5632,15,222,394000 ,柿崎区高寺,37.26264,138.401009,0,1
5633,15,222,395000 ,柿崎区高畑,37.249594,138.428238,0,1
5634,15,222,396000 ,柿崎区竹鼻,37.298185,138.413915,0,1
5635,15,222,397000 ,柿崎区角取,37.253936,138.401387,0,1
5636,15,222,398000 ,柿崎区角取新田,37.256513,138.400606,0,1
5637,15,222,399000 ,柿崎区栃窪,37.277085,138.437876,0,1
5638,15,222,400000 ,柿崎区直海浜,37.265046,138.373259,0,1
5639,15,222,401000 ,柿崎区馬正面,37.25938,138.381242,0,1
5640,15,222,402000 ,柿崎区東谷内,37.280245,138.418817,0,1
5641,15,222,403000 ,柿崎区東横山,37.223942,138.482477,0,1
5642,15,222,404000 ,柿崎区平沢,37.273707,138.44731,0,1
5643,15,222,405000 ,柿崎区米山寺,37.258137,138.45368,0,1
5644,15,222,406000 ,柿崎区法音寺,37.283338,138.402511,0,1
5645,15,222,407000 ,柿崎区松留,37.236706,138.47092,0,1
5646,15,222,408000 ,柿崎区水野,37.274133,138.486408,0,1
5647,15,222,409000 ,柿崎区三ツ屋浜,37.25714,138.362339,0,1
5648,15,222,410000 ,柿崎区百木,37.244189,138.413122,0,1
5649,15,222,411000 ,柿崎区柳ケ崎,37.259486,138.40619,0,1
5650,15,222,412000 ,柿崎区山谷,37.275828,138.409382,0,1
5651,15,222,413001 ,春日新田一丁目,37.171229,138.252357,0,3
5652,15,222,413002 ,春日新田二丁目,37.173928,138.259904,0,3
5653,15,222,413003 ,春日新田三丁目,37.176039,138.251451,0,3
5654,15,222,413004 ,春日新田四丁目,37.17755,138.259006,0,3
5655,15,222,413005 ,春日新田五丁目,37.166756,138.25127,0,3
5656,15,222,414001 ,春日野一丁目,37.150449,138.231504,0,3
5657,15,222,414002 ,春日野二丁目,37.156114,138.231606,0,3
5658,15,222,415001 ,春日山町一丁目,37.143646,138.222283,0,3
5659,15,222,415002 ,春日山町二丁目,37.144457,138.227419,0,3
5660,15,222,415003 ,春日山町三丁目,37.144146,138.231884,0,3
5661,15,222,416000 ,上昭和町,37.120669,138.227803,0,1
5662,15,222,417000 ,鴨島,37.111228,138.27553,0,1
5663,15,222,418001 ,鴨島一丁目,37.113178,138.272626,0,3
5664,15,222,418002 ,鴨島二丁目,37.111379,138.268292,0,3
5665,15,222,418003 ,鴨島三丁目,37.109245,138.269443,0,3
5666,15,222,419000 ,川原町,37.177195,138.252674,0,1
5667,15,222,420001 ,木田一丁目,37.144769,138.237519,0,3
5668,15,222,420002 ,木田二丁目,37.144895,138.243364,0,3
5669,15,222,420003 ,木田三丁目,37.139833,138.241071,0,3
5670,15,222,421001 ,北城町一丁目,37.116187,138.262884,0,3
5671,15,222,421002 ,北城町二丁目,37.115705,138.257551,0,3
5672,15,222,421003 ,北城町三丁目,37.117701,138.253398,0,3
5673,15,222,421004 ,北城町四丁目,37.118431,138.257782,0,3
5674,15,222,422001 ,木田新田一丁目,37.138657,138.23855,0,3
5675,15,222,422002 ,木田新田二丁目,37.139506,138.236098,0,3
5676,15,222,423001 ,北本町一丁目,37.120498,138.242089,0,3
5677,15,222,423002 ,北本町二丁目,37.121978,138.243716,0,3
5678,15,222,423003 ,北本町三丁目,37.127175,138.242762,1,3
5679,15,222,423004 ,北本町四丁目,37.127583,138.24102,0,3
5680,15,222,424000 ,清里区,37.01155,138.410317,0,1
5681,15,222,425000 ,清里区青柳,37.021956,138.381914,0,1
5682,15,222,426000 ,清里区赤池,37.030503,138.388488,0,1
5683,15,222,427000 ,清里区荒牧,37.077094,138.34196,0,1
5684,15,222,428000 ,清里区今曽根,37.071704,138.313233,0,1
5685,15,222,429000 ,清里区鶯澤,37.051419,138.362484,0,1
5686,15,222,430000 ,清里区岡野町,37.086596,138.329485,1,1
5687,15,222,431000 ,清里区岡嶺新田,37.07661,138.328779,0,1
5688,15,222,432000 ,清里区上稲塚,37.082698,138.321934,0,1
5689,15,222,433000 ,清里区上田島,37.062466,138.341378,0,1
5690,15,222,434000 ,清里区上中條,37.058861,138.366565,0,1
5691,15,222,435000 ,清里区上深澤,37.069435,138.337693,0,1
5692,15,222,436000 ,清里区北野,37.055028,138.381231,0,1
5693,15,222,437000 ,清里区塩曽根,37.057151,138.331313,0,1
5694,15,222,438000 ,清里区菅原,37.07308,138.326873,0,1
5695,15,222,439000 ,清里区鈴倉,37.072448,138.351586,0,1
5696,15,222,440000 ,清里区棚田,37.061163,138.378499,0,1
5697,15,222,441000 ,清里区寺脇,37.075178,138.360472,0,1
5698,15,222,442000 ,清里区梨窪,37.050396,138.374516,0,1
5699,15,222,443000 ,清里区梨平,37.037272,138.394422,0,1
5700,15,222,444000 ,清里区東戸野,37.066482,138.363596,0,1
5701,15,222,445000 ,清里区東福島,37.06338,138.33067,0,1
5702,15,222,446000 ,清里区平成,37.077755,138.326445,0,1
5703,15,222,447000 ,清里区馬屋,37.060778,138.318272,0,1
5704,15,222,448000 ,清里区水草,37.05772,138.379299,0,1
5705,15,222,449000 ,清里区南田中,37.073287,138.320608,0,1
5706,15,222,450000 ,清里区みらい,37.076721,138.311755,0,1
5707,15,222,451000 ,清里区武士,37.07901,138.316814,0,1
5708,15,222,452000 ,清里区弥生,37.080847,138.325766,0,1
5709,15,222,453000 ,頸城区青野,37.190461,138.32631,0,1
5710,15,222,454000 ,頸城区天ケ崎,37.190747,138.351917,0,1
5711,15,222,455000 ,頸城区飯田,37.189095,138.332836,0,1
5712,15,222,456000 ,頸城区五十嵐,37.188378,138.317885,0,1
5713,15,222,457000 ,頸城区石神,37.171046,138.369937,0,1
5714,15,222,458000 ,頸城区市村,37.175418,138.305174,0,1
5715,15,222,459000 ,頸城区浮島,37.1873,138.294325,0,1
5716,15,222,460000 ,頸城区美しが丘,37.172895,138.30545,0,1
5717,15,222,461000 ,頸城区鵜ノ木,37.180237,138.341026,0,1
5718,15,222,462000 ,頸城区榎井,37.19652,138.302597,0,1
5719,15,222,463000 ,頸城区大潟,37.195697,138.353031,0,1
5720,15,222,464000 ,頸城区大蒲生田,37.183693,138.377723,0,1
5721,15,222,465000 ,頸城区大坂井,37.193582,138.338761,0,1
5722,15,222,466000 ,頸城区大谷内,37.202654,138.329321,0,1
5723,15,222,467000 ,頸城区岡田,37.203581,138.34441,0,1
5724,15,222,468000 ,頸城区柿野,37.181948,138.334011,0,1
5725,15,222,469000 ,頸城区潟口,37.190782,138.328973,0,1
5726,15,222,470000 ,頸城区片津,37.19319,138.34412,0,1
5727,15,222,471000 ,頸城区上池田,37.193266,138.353952,0,1
5728,15,222,472000 ,頸城区上神原,37.180364,138.320009,0,1
5729,15,222,473000 ,頸城区上三分一,37.177276,138.289195,0,1
5730,15,222,474000 ,頸城区上増田,37.193401,138.358006,0,1
5731,15,222,475000 ,頸城区上柳町,37.206158,138.339071,0,1
5732,15,222,476000 ,頸城区上吉,37.183001,138.286578,0,1
5733,15,222,477000 ,頸城区川袋,37.184226,138.338271,0,1
5734,15,222,478000 ,頸城区北方,37.191232,138.323216,0,1
5735,15,222,479000 ,頸城区北福崎,37.180634,138.324897,0,1
5736,15,222,480000 ,頸城区北四ツ屋,37.186045,138.304092,0,1
5737,15,222,481000 ,頸城区島田,37.193176,138.311222,0,1
5738,15,222,482000 ,頸城区下池田,37.201512,138.349158,0,1
5739,15,222,483000 ,頸城区下神原,37.178639,138.316249,0,1
5740,15,222,484000 ,頸城区下三分一,37.179715,138.294006,0,1
5741,15,222,485000 ,頸城区下千原,37.187584,138.322335,0,1
5742,15,222,486000 ,頸城区下中島,37.201346,138.301058,0,1
5743,15,222,487000 ,頸城区下中村,37.186335,138.336556,0,1
5744,15,222,488000 ,頸城区下増田,37.208725,138.356848,0,1
5745,15,222,489000 ,頸城区下柳町,37.208778,138.328005,0,1
5746,15,222,490000 ,頸城区下吉,37.184559,138.280735,0,1
5747,15,222,491000 ,頸城区下米岡,37.197023,138.292993,0,1
5748,15,222,492000 ,頸城区城野腰,37.206722,138.309074,0,1
5749,15,222,493000 ,頸城区諏訪,37.186236,138.325104,0,1
5750,15,222,494000 ,頸城区立崎,37.178219,138.344513,0,1
5751,15,222,495000 ,頸城区田中,37.189771,138.340753,0,1
5752,15,222,496000 ,頸城区千原,37.186477,138.323536,0,1
5753,15,222,497000 ,頸城区手島,37.200498,138.369293,0,1
5754,15,222,498000 ,頸城区手宮,37.201623,138.313272,0,1
5755,15,222,499000 ,頸城区寺田,37.20319,138.33658,0,1
5756,15,222,500000 ,頸城区塔ケ崎,37.176878,138.372981,0,1
5757,15,222,501000 ,頸城区戸口野,37.190972,138.332153,0,1
5758,15,222,502000 ,頸城区富田,37.201653,138.336551,0,1
5759,15,222,503000 ,頸城区中城,37.185947,138.343231,0,1
5760,15,222,504000 ,頸城区中増田,37.203207,138.359691,0,1
5761,15,222,505000 ,頸城区中柳町,37.201837,138.338374,0,1
5762,15,222,506000 ,頸城区西福島,37.181915,138.275597,0,1
5763,15,222,507000 ,頸城区西湊,37.19435,138.341022,0,1
5764,15,222,508000 ,頸城区仁野分,37.18277,138.352688,0,1
5765,15,222,509000 ,頸城区望ケ丘,37.172005,138.308798,0,1
5766,15,222,510000 ,頸城区花ケ崎,37.174311,138.362288,0,1
5767,15,222,511000 ,頸城区姥谷内,37.192602,138.347434,0,1
5768,15,222,512000 ,頸城区東俣,37.189249,138.33501,0,1
5769,15,222,513000 ,頸城区日根津,37.185306,138.36508,0,1
5770,15,222,514000 ,頸城区百間町,37.184536,138.329679,0,1
5771,15,222,515000 ,頸城区舟津,37.199949,138.31772,0,1
5772,15,222,516000 ,頸城区松橋,37.202027,138.307803,0,1
5773,15,222,517000 ,頸城区松橋新田,37.203717,138.303348,0,1
5774,15,222,518000 ,頸城区松本,37.181431,138.289843,0,1
5775,15,222,519000 ,頸城区宮原,37.194879,138.329328,0,1
5776,15,222,520000 ,頸城区宮本,37.192925,138.318676,0,1
5777,15,222,521000 ,頸城区森下,37.199333,138.321234,0,1
5778,15,222,522000 ,頸城区森本,37.175658,138.3503,0,1
5779,15,222,523000 ,頸城区矢住,37.195789,138.381697,0,1
5780,15,222,524000 ,頸城区柳町新田,37.203004,138.336892,0,1
5781,15,222,525001 ,高土町一丁目,37.123334,138.25271,0,3
5782,15,222,525002 ,高土町二丁目,37.123572,138.258189,0,3
5783,15,222,525003 ,高土町三丁目,37.126036,138.254302,0,3
5784,15,222,526000 ,高土町受地,37.125874,138.257507,0,1
5785,15,222,527001 ,国府一丁目,37.163891,138.225799,0,3
5786,15,222,527002 ,国府二丁目,37.159494,138.218819,0,3
5787,15,222,527003 ,国府三丁目,37.158457,138.223274,0,3
5788,15,222,527004 ,国府四丁目,37.16247,138.229757,0,3
5789,15,222,528001 ,五智一丁目,37.168441,138.234682,0,3
5790,15,222,528002 ,五智二丁目,37.172078,138.231503,0,3
5791,15,222,528003 ,五智三丁目,37.167473,138.228442,0,3
5792,15,222,528004 ,五智四丁目,37.170974,138.226698,0,3
5793,15,222,528005 ,五智五丁目,37.169036,138.223484,0,3
5794,15,222,528006 ,五智六丁目,37.165678,138.218044,0,3
5795,15,222,529000 ,五智新町,37.165759,138.231221,0,1
5796,15,222,530000 ,御殿山町,37.116999,138.229077,0,1
5797,15,222,531000 ,子安,37.107794,138.276407,0,1
5798,15,222,532000 ,子安新田,37.10962,138.272642,0,1
5799,15,222,533000 ,幸町,37.122035,138.246881,0,1
5800,15,222,534001 ,栄町一丁目,37.163897,138.244089,0,3
5801,15,222,534002 ,栄町二丁目,37.163575,138.240571,0,3
5802,15,222,535000 ,栄町,37.124917,138.248159,0,1
5803,15,222,536000 ,桜町,37.097032,138.279926,0,1
5804,15,222,537000 ,佐内町,37.177426,138.266426,0,1
5805,15,222,538000 ,三和区今保,37.121064,138.365755,0,1
5806,15,222,539000 ,三和区大,37.113313,138.37097,0,1
5807,15,222,540000 ,三和区岡田,37.125788,138.380468,0,1
5808,15,222,541000 ,三和区沖柳,37.159257,138.339597,0,1
5809,15,222,542000 ,三和区鴨井,37.108489,138.345925,0,1
5810,15,222,543000 ,三和区川浦,37.112994,138.329866,0,1
5811,15,222,544000 ,三和区神田,37.1479,138.3644,0,1
5812,15,222,545000 ,三和区北代,37.139052,138.3732,0,1
5813,15,222,546000 ,三和区窪,37.101849,138.33969,0,1
5814,15,222,547000 ,三和区桑曽根,37.124928,138.392846,0,1
5815,15,222,548000 ,三和区越柳,37.157024,138.349379,0,1
5816,15,222,549000 ,三和区米子,37.144782,138.328902,0,1
5817,15,222,550000 ,三和区下新保,37.130483,138.369299,0,1
5818,15,222,551000 ,三和区下田島,37.126576,138.368211,0,1
5819,15,222,552000 ,三和区所山田,37.119947,138.378871,0,1
5820,15,222,553000 ,三和区神明町,37.115355,138.321737,0,1
5821,15,222,554000 ,三和区末野,37.160217,138.370229,0,1
5822,15,222,555000 ,三和区末野新田,37.163356,138.364588,0,1
5823,15,222,556000 ,三和区塔ノ輪,37.140677,138.361005,0,1
5824,15,222,557000 ,三和区中野,37.10496,138.338699,0,1
5825,15,222,558000 ,三和区払沢,37.140795,138.389188,0,1
5826,15,222,559000 ,三和区番町,37.117129,138.319665,0,1
5827,15,222,560000 ,三和区日和町,37.119484,138.320624,0,1
5828,15,222,561000 ,三和区広井,37.15258,138.330293,0,1
5829,15,222,562000 ,三和区法花寺,37.102861,138.344545,0,1
5830,15,222,563000 ,三和区水科,37.096865,138.34945,0,1
5831,15,222,564000 ,三和区水吉,37.102604,138.357859,0,1
5832,15,222,565000 ,三和区三村新田,37.123922,138.359974,0,1
5833,15,222,566000 ,三和区宮崎新田,37.100702,138.372374,0,1
5834,15,222,567000 ,三和区山高津,37.132607,138.384635,0,1
5835,15,222,568000 ,三和区山腰新田,37.153582,138.371843,0,1
5836,15,222,569000 ,下門前,37.155374,138.255063,0,1
5837,15,222,570001 ,昭和町一丁目,37.118288,138.235387,0,3
5838,15,222,570002 ,昭和町二丁目,37.122492,138.235842,0,3
5839,15,222,571001 ,新光町一丁目,37.152448,138.236959,0,3
5840,15,222,571002 ,新光町二丁目,37.151591,138.240464,0,3
5841,15,222,571003 ,新光町三丁目,37.157963,138.239896,0,3
5842,15,222,572000 ,新南町,37.104926,138.269228,0,1
5843,15,222,573000 ,新町,37.129992,138.250224,0,1
5844,15,222,574000 ,住吉町,37.176306,138.246182,0,1
5845,15,222,575000 ,大学前,37.134779,138.229856,0,1
5846,15,222,576001 ,大豆一丁目,37.149963,138.225054,0,3
5847,15,222,576002 ,大豆二丁目,37.153265,138.224829,0,3
5848,15,222,577001 ,中央一丁目,37.173652,138.244527,0,3
5849,15,222,577002 ,中央二丁目,37.176636,138.243008,0,3
5850,15,222,577003 ,中央三丁目,37.18017,138.245619,0,3
5851,15,222,577004 ,中央四丁目,37.178512,138.240973,0,3
5852,15,222,577005 ,中央五丁目,37.176611,138.238462,0,3
5853,15,222,578001 ,寺町一丁目,37.101327,138.238064,0,3
5854,15,222,578002 ,寺町二丁目,37.108951,138.239135,0,3
5855,15,222,578003 ,寺町三丁目,37.116337,138.23921,0,3
5856,15,222,579000 ,田園,37.150357,138.279913,0,1
5857,15,222,580001 ,東雲町一丁目,37.169266,138.247385,0,3
5858,15,222,580002 ,東雲町二丁目,37.168097,138.24219,0,3
5859,15,222,581000 ,富岡,37.151652,138.258138,0,1
5860,15,222,582000 ,中郷区板橋,37.004216,138.240324,0,1
5861,15,222,583000 ,中郷区市屋,36.962778,138.22642,0,1
5862,15,222,584000 ,中郷区稲荷山,36.9461,138.22032,0,1
5863,15,222,585000 ,中郷区江口,36.952804,138.216055,0,1
5864,15,222,586000 ,中郷区岡川,36.958666,138.206379,0,1
5865,15,222,587000 ,中郷区岡沢,36.976591,138.192487,0,1
5866,15,222,588000 ,中郷区片貝,36.964808,138.233425,0,1
5867,15,222,589000 ,中郷区坂本,36.988393,138.234257,0,1
5868,15,222,590000 ,中郷区二本木,36.978297,138.236264,0,1
5869,15,222,591000 ,中郷区八斗蒔,36.976293,138.217529,0,1
5870,15,222,592000 ,中郷区福崎,36.95216,138.225448,0,1
5871,15,222,593000 ,中郷区福田,36.993926,138.213762,0,1
5872,15,222,594000 ,中郷区藤沢,36.996207,138.237488,0,1
5873,15,222,595000 ,中郷区松崎,36.969961,138.225318,0,1
5874,15,222,596000 ,中郷区宮野原,36.956168,138.233814,0,1
5875,15,222,597000 ,中郷区四ツ屋,36.96606,138.137412,0,1
5876,15,222,598000 ,中通町,37.096654,138.241745,0,1
5877,15,222,599001 ,仲町一丁目,37.102776,138.241206,0,3
5878,15,222,599002 ,仲町二丁目,37.107442,138.242074,0,3
5879,15,222,599003 ,仲町三丁目,37.111315,138.242624,0,3
5880,15,222,599004 ,仲町四丁目,37.114598,138.242957,0,3
5881,15,222,599005 ,仲町五丁目,37.116518,138.242795,0,3
5882,15,222,599006 ,仲町六丁目,37.118256,138.243533,0,3
5883,15,222,600001 ,中門前一丁目,37.15023,138.213442,0,3
5884,15,222,600002 ,中門前二丁目,37.153321,138.216791,0,3
5885,15,222,600003 ,中門前三丁目,37.156165,138.218732,0,3
5886,15,222,601000 ,名立区赤野俣,37.147916,138.092101,0,1
5887,15,222,602000 ,名立区池田,37.115781,138.110574,0,1
5888,15,222,603000 ,名立区大菅,37.14915,138.105045,0,1
5889,15,222,604000 ,名立区小田島,37.087857,138.091843,0,1
5890,15,222,605000 ,名立区折居,37.119696,138.094757,0,1
5891,15,222,606000 ,名立区折戸,37.103587,138.102535,0,1
5892,15,222,607000 ,名立区桂谷,37.108945,138.097486,0,1
5893,15,222,608000 ,名立区車路,37.142474,138.110505,0,1
5894,15,222,609000 ,名立区杉野瀬,37.13195,138.114393,0,1
5895,15,222,610000 ,名立区瀬戸,37.053657,138.10226,0,1
5896,15,222,611000 ,名立区躰畑,37.13458,138.095554,0,1
5897,15,222,612000 ,名立区谷口,37.140799,138.093827,0,1
5898,15,222,613000 ,名立区田野上,37.133035,138.103451,0,1
5899,15,222,614000 ,名立区坪山,37.152264,138.087222,0,1
5900,15,222,615000 ,名立区峠,37.120485,138.111872,0,1
5901,15,222,616000 ,名立区名立大町,37.144787,138.080359,0,1
5902,15,222,617000 ,名立区名立小泊,37.164451,138.09239,0,1
5903,15,222,618000 ,名立区濁沢,37.124907,138.11457,0,1
5904,15,222,619000 ,名立区西蒲生田,37.075827,138.093377,0,1
5905,15,222,620000 ,名立区東蒲生田,37.087923,138.104392,0,1
5906,15,222,621000 ,名立区東飛山,37.023767,138.112558,0,1
5907,15,222,622000 ,名立区平谷,37.099467,138.086964,0,1
5908,15,222,623000 ,名立区丸田,37.126588,138.094005,0,1
5909,15,222,624000 ,名立区森,37.111915,138.097516,0,1
5910,15,222,625001 ,西城町一丁目,37.112512,138.252677,0,3
5911,15,222,625002 ,西城町二丁目,37.112147,138.250405,0,3
5912,15,222,625003 ,西城町三丁目,37.113248,138.248386,0,3
5913,15,222,625004 ,西城町四丁目,37.117088,138.249678,0,3
5914,15,222,626001 ,西本町一丁目,37.170718,138.240333,0,3
5915,15,222,626002 ,西本町二丁目,37.168575,138.237961,0,3
5916,15,222,626003 ,西本町三丁目,37.171516,138.236516,0,3
5917,15,222,626004 ,西本町四丁目,37.173909,138.237702,0,3
5918,15,222,627001 ,東城町一丁目,37.101678,138.259828,0,3
5919,15,222,627002 ,東城町二丁目,37.105069,138.263493,0,3
5920,15,222,627003 ,東城町三丁目,37.111151,138.263902,0,3
5921,15,222,628001 ,東本町一丁目,37.119868,138.247302,0,3
5922,15,222,628002 ,東本町二丁目,37.120426,138.250574,0,3
5923,15,222,628003 ,東本町三丁目,37.120921,138.253757,0,3
5924,15,222,628004 ,東本町四丁目,37.120708,138.258623,0,3
5925,15,222,628005 ,東本町五丁目,37.119513,138.262585,0,3
5926,15,222,629000 ,日之出町,37.181016,138.270935,0,1
5927,15,222,630000 ,福田町,37.174388,138.2721,0,1
5928,15,222,631001 ,藤新田一丁目,37.139254,138.232276,0,3
5929,15,222,631002 ,藤新田二丁目,37.13883,138.226984,0,3
5930,15,222,632000 ,藤野新田,37.151018,138.255698,0,1
5931,15,222,633000 ,藤巻,37.135801,138.242236,0,1
5932,15,222,634000 ,平成町,37.120829,138.28249,0,1
5933,15,222,635001 ,本町一丁目,37.103421,138.243406,0,3
5934,15,222,635002 ,本町二丁目,37.106819,138.243789,0,3
5935,15,222,635003 ,本町三丁目,37.109971,138.244291,0,3
5936,15,222,635004 ,本町四丁目,37.112065,138.244601,0,3
5937,15,222,635005 ,本町五丁目,37.114369,138.244914,0,3
5938,15,222,635006 ,本町六丁目,37.116836,138.245255,0,3
5939,15,222,635007 ,本町七丁目,37.119442,138.245663,0,3
5940,15,222,636000 ,牧区荒井,37.077777,138.374308,0,1
5941,15,222,637000 ,牧区池舟,37.09802,138.379751,0,1
5942,15,222,638000 ,牧区泉,37.09125,138.407324,0,1
5943,15,222,639000 ,牧区今清水,37.084492,138.413416,0,1
5944,15,222,640000 ,牧区岩神,37.07036,138.403291,0,1
5945,15,222,641000 ,牧区宇津俣,37.027649,138.449199,0,1
5946,15,222,642000 ,牧区大月,37.104881,138.399446,0,1
5947,15,222,643000 ,牧区小川,37.079821,138.40304,0,1
5948,15,222,644000 ,牧区落田,37.085984,138.386,0,1
5949,15,222,645000 ,牧区樫谷,37.089339,138.395787,0,1
5950,15,222,646000 ,牧区片町,37.104365,138.426204,0,1
5951,15,222,647000 ,牧区上昆子,37.06164,138.388514,0,1
5952,15,222,648000 ,牧区上牧,37.029397,138.409226,0,1
5953,15,222,649000 ,牧区神谷,37.102648,138.408853,0,1
5954,15,222,650000 ,牧区川井沢,37.102611,138.388882,0,1
5955,15,222,651000 ,牧区倉下,37.047698,138.397141,0,1
5956,15,222,652000 ,牧区国川,37.079491,138.389465,0,1
5957,15,222,653000 ,牧区桜滝,37.060658,138.399672,0,1
5958,15,222,654000 ,牧区下昆子,37.066938,138.385099,0,1
5959,15,222,655000 ,牧区下湯谷,37.055107,138.389818,0,1
5960,15,222,656000 ,牧区切光,37.082844,138.422096,0,1
5961,15,222,657000 ,牧区平山,37.10713,138.41869,0,1
5962,15,222,658000 ,牧区高尾,37.065628,138.422321,0,1
5963,15,222,659000 ,牧区高谷,37.083302,138.435124,0,1
5964,15,222,660000 ,牧区田島,37.069076,138.391349,0,1
5965,15,222,661000 ,牧区棚広,37.050269,138.410916,0,1
5966,15,222,662000 ,牧区棚広新田,37.052798,138.425903,0,1
5967,15,222,663000 ,牧区坪山,37.120259,138.398437,0,1
5968,15,222,664000 ,牧区七森,37.097195,138.417811,0,1
5969,15,222,665000 ,牧区原,37.053512,138.396466,0,1
5970,15,222,666000 ,牧区東松ノ木,37.072593,138.380626,0,1
5971,15,222,667000 ,牧区平方,37.116143,138.406523,0,1
5972,15,222,668000 ,牧区府殿,37.036157,138.416516,0,1
5973,15,222,669000 ,牧区宮口,37.09113,138.360692,0,1
5974,15,222,670000 ,牧区柳島,37.078066,138.384335,0,1
5975,15,222,671000 ,牧区山口,37.087051,138.374972,0,1
5976,15,222,672000 ,牧区吉坪,37.09575,138.429954,0,1
5977,15,222,673000 ,三ツ橋,37.165683,138.275289,0,1
5978,15,222,674000 ,三ツ屋町,37.17277,138.265821,0,1
5979,15,222,675001 ,港町一丁目,37.183406,138.247986,0,3
5980,15,222,675002 ,港町二丁目,37.184521,138.258593,0,3
5981,15,222,676001 ,南城町一丁目,37.103794,138.248782,0,3
5982,15,222,676002 ,南城町二丁目,37.102818,138.254589,0,3
5983,15,222,676003 ,南城町三丁目,37.105485,138.256553,0,3
5984,15,222,676004 ,南城町四丁目,37.106945,138.260456,0,3
5985,15,222,677000 ,南新町,37.098918,138.246377,0,1
5986,15,222,678000 ,南高田町,37.095405,138.246223,0,1
5987,15,222,679001 ,南本町一丁目,37.095138,138.252364,0,3
5988,15,222,679002 ,南本町二丁目,37.099233,138.252913,0,3
5989,15,222,679003 ,南本町三丁目,37.099836,138.242474,0,3
5990,15,222,680000 ,本城町,37.110108,138.256478,0,1
5991,15,222,681001 ,安江一丁目,37.172078,138.262564,0,3
5992,15,222,681002 ,安江二丁目,37.168933,138.26281,0,3
5993,15,222,681003 ,安江三丁目,37.166715,138.263255,0,3
5994,15,222,682000 ,安塚区石橋,37.117725,138.443464,0,1
5995,15,222,683000 ,安塚区板尾,37.140918,138.436167,0,1
5996,15,222,684000 ,安塚区円平坊,37.080959,138.469363,0,1
5997,15,222,685000 ,安塚区大原,37.10139,138.464843,0,1
5998,15,222,686000 ,安塚区上方,37.123974,138.452324,0,1
5999,15,222,687000 ,安塚区上船倉,37.084262,138.496474,0,1
6000,15,222,688000 ,安塚区切越,37.089221,138.448816,0,1
6001,15,222,689000 ,安塚区小黒,37.097927,138.452926,0,1
6002,15,222,690000 ,安塚区信濃坂,37.069742,138.481057,0,1
6003,15,222,691000 ,安塚区下船倉,37.077511,138.489299,0,1
6004,15,222,692000 ,安塚区菅沼,37.076535,138.451379,0,1
6005,15,222,693000 ,安塚区須川,37.048077,138.489387,0,1
6006,15,222,694000 ,安塚区芹田,37.109083,138.449974,0,1
6007,15,222,695000 ,安塚区袖山,37.148586,138.436491,0,1
6008,15,222,696000 ,安塚区高沢,37.087777,138.480597,0,1
6009,15,222,697000 ,安塚区樽田,37.099204,138.479681,0,1
6010,15,222,698000 ,安塚区戸沢,37.090038,138.462132,0,1
6011,15,222,699000 ,安塚区二本木,37.080278,138.479197,0,1
6012,15,222,700000 ,安塚区坊金,37.132989,138.46857,0,1
6013,15,222,701000 ,安塚区朴の木,37.061008,138.44106,0,1
6014,15,222,702000 ,安塚区細野,37.123135,138.48223,0,1
6015,15,222,703000 ,安塚区本郷,37.117581,138.456232,0,1
6016,15,222,704000 ,安塚区牧野,37.133214,138.437672,0,1
6017,15,222,705000 ,安塚区松崎,37.146199,138.445741,0,1
6018,15,222,706000 ,安塚区真荻平,37.046579,138.458879,0,1
6019,15,222,707000 ,安塚区安塚,37.137479,138.448995,0,1
6020,15,222,708000 ,安塚区行野,37.108345,138.480316,0,1
6021,15,222,709000 ,安塚区和田,37.111776,138.461719,0,1
6022,15,222,710000 ,八千浦,37.205301,138.276478,0,1
6023,15,222,711001 ,大和一丁目,37.081536,138.253483,0,3
6024,15,222,711002 ,大和二丁目,37.084225,138.250262,0,3
6025,15,222,711003 ,大和三丁目,37.090178,138.250071,0,3
6026,15,222,711004 ,大和四丁目,37.08943,138.25557,0,3
6027,15,222,711005 ,大和五丁目,37.080237,138.245701,0,3
6028,15,222,711006 ,大和六丁目,37.084823,138.242942,0,3
6029,15,222,712000 ,山屋敷町,37.135447,138.223875,0,1
6030,15,222,713000 ,吉川区赤沢,37.236216,138.437362,0,1
6031,15,222,714000 ,吉川区石谷,37.197841,138.503059,0,1
6032,15,222,715000 ,吉川区泉,37.227334,138.445373,0,1
6033,15,222,716000 ,吉川区泉谷,37.212681,138.436067,0,1
6034,15,222,717000 ,吉川区入河沢,37.199831,138.436597,0,1
6035,15,222,718000 ,吉川区岩沢,37.193286,138.45174,0,1
6036,15,222,719000 ,吉川区大賀,37.183752,138.471892,0,1
6037,15,222,720000 ,吉川区大滝,37.219953,138.378852,0,1
6038,15,222,721000 ,吉川区尾神,37.207202,138.495855,0,1
6039,15,222,722000 ,吉川区小苗代,37.228209,138.416737,0,1
6040,15,222,723000 ,吉川区伯母ケ沢,37.22418,138.464613,0,1
6041,15,222,724000 ,吉川区梶,37.223979,138.371855,0,1
6042,15,222,725000 ,吉川区片田,37.216326,138.412519,0,1
6043,15,222,726000 ,吉川区上名木,37.190184,138.499543,0,1
6044,15,222,727000 ,吉川区川崎,37.220768,138.428886,0,1
6045,15,222,728000 ,吉川区川谷,37.203206,138.521662,0,1
6046,15,222,729000 ,吉川区神田町,37.226589,138.383875,0,1
6047,15,222,730000 ,吉川区顕法寺,37.204668,138.406342,0,1
6048,15,222,731000 ,吉川区河沢,37.204376,138.418125,0,1
6049,15,222,732000 ,吉川区国田,37.185087,138.436953,0,1
6050,15,222,733000 ,吉川区後生寺,37.225543,138.455242,0,1
6051,15,222,734000 ,吉川区米山,37.19963,138.447992,0,1
6052,15,222,735000 ,吉川区下町,37.222401,138.408313,0,1
6053,15,222,736000 ,吉川区十町歩,37.203227,138.412984,0,1
6054,15,222,737000 ,吉川区下小沢,37.215192,138.445081,0,1
6055,15,222,738000 ,吉川区下中条,37.236967,138.420145,0,1
6056,15,222,739000 ,吉川区下八幡,37.221107,138.3727,0,1
6057,15,222,740000 ,吉川区下深沢,37.214171,138.408703,0,1
6058,15,222,741000 ,吉川区代石,37.237022,138.406761,0,1
6059,15,222,742000 ,吉川区大乗寺,37.231251,138.399462,0,1
6060,15,222,743000 ,吉川区高沢入,37.201652,138.471193,0,1
6061,15,222,744000 ,吉川区竹直,37.236471,138.384827,0,1
6062,15,222,745000 ,吉川区田尻,37.216307,138.387877,0,1
6063,15,222,746000 ,吉川区坪野,37.212462,138.480477,0,1
6064,15,222,747000 ,吉川区坪野内,37.217591,138.367212,0,1
6065,15,222,748000 ,吉川区天林寺,37.209417,138.424311,0,1
6066,15,222,749000 ,吉川区東寺,37.216517,138.462053,0,1
6067,15,222,750000 ,吉川区杜氏の郷,37.241567,138.37674,0,1
6068,15,222,751000 ,吉川区土尻,37.214785,138.42818,0,1
6069,15,222,752000 ,吉川区長沢,37.229849,138.377942,0,1
6070,15,222,753000 ,吉川区長峰,37.244596,138.369313,0,1
6071,15,222,754000 ,吉川区中谷内,37.209279,138.409318,0,1
6072,15,222,755000 ,吉川区名木山,37.187815,138.491076,0,1
6073,15,222,756000 ,吉川区西野島,37.212955,138.374958,0,1
6074,15,222,757000 ,吉川区原之町,37.228286,138.393839,0,1
6075,15,222,758000 ,吉川区東田中,37.196152,138.423762,0,1
6076,15,222,759000 ,吉川区東鳥越,37.21943,138.417261,0,1
6077,15,222,760000 ,吉川区平等寺,37.213155,138.473401,0,1
6078,15,222,761000 ,吉川区町田,37.20116,138.389919,0,1
6079,15,222,762000 ,吉川区山方,37.214526,138.398555,0,1
6080,15,222,763000 ,吉川区山口,37.205674,138.413245,0,1
6081,15,222,764000 ,吉川区山直海,37.189208,138.45685,0,1
6082,15,222,765000 ,吉川区山中,37.201476,138.459302,0,1
6083,15,222,766000 ,吉川区吉井,37.206603,138.449426,0,1
6084,15,222,767000 ,吉川区六万部,37.209323,138.388813,0,1
6085,15,222,768000 ,米町,37.138285,138.315374,0,1
6086,15,222,769000 ,三和区浮島,37.131909,138.351628,0,1
6087,15,222,770000 ,三和区島倉,37.135236,138.354034,0,1
6088,15,222,771000 ,三和区井ノ口,37.124868,138.351139,0,1
6089,15,222,772000 ,三和区田,37.115739,138.342406,0,1
6090,15,222,773000 ,三和区野,37.119551,138.327781,0,1
6091,15,222,774000 ,三和区下中,37.126804,138.33647,0,1
6092,15,222,775000 ,三和区稲原,37.132031,138.329568,0,1
6093,15,222,776000 ,三和区岡木,37.137035,138.326527,0,1
6094,15,222,777000 ,三和区下広田,37.150513,138.334353,0,1
6095,15,222,778000 ,三和区本郷,37.147656,138.347548,0,1
6096,15,222,779000 ,三和区錦,37.139638,138.342779,0,1
6097,15,222,780000 ,三和区柳林,37.133853,138.339603,0,1
6098,15,222,781000 ,三和区上広田,37.143325,138.33603,0,1
6099,15,222,782000 ,大字土橋,37.130962,138.2427,1,1
6100,15,222,783000 ,土橋,37.128048,138.242189,1,1
6101,15,222,784000 ,吉川区長坂,37.182988,138.418822,0,1
6102,15,222,785000 ,頸城区玄僧,37.185673,138.398392,0,1
6103,15,222,786000 ,吉川区福平,37.190691,138.420759,0,1
6104,15,222,787000 ,吉川区道之下,37.194537,138.408578,0,1
6105,15,222,788000 ,上中田,37.090207,138.23515,1,1
6106,15,222,789000 ,小猿屋,37.153504,138.28275,1,1
6107,15,222,790000 ,大字元道,37.13001,138.285342,1,1
6108,15,222,791000 ,大字上野田L,37.124444,138.29554,1,1
6109,15,222,792000 ,大字池部,37.114625,138.302963,1,1
6110,15,222,793000 ,二,37.130357,138.305147,1,1
6111,15,222,794000 ,大字上曾根,37.090222,138.317015,1,1
6112,15,222,795000 ,島田,37.074521,138.268208,1,1
6113,15,222,796000 ,島田上新田,37.072483,138.276881,1,1
6114,15,222,797000 ,木島,37.069246,138.271833,1,1
6115,15,223,1000 ,荒屋,37.825658,139.229986,0,1
6116,15,223,2000 ,安野町,37.842668,139.221317,0,1
6117,15,223,3000 ,飯森杉,37.836977,139.189619,0,1
6118,15,223,4000 ,泉,37.848375,139.248232,0,1
6119,15,223,5000 ,市野山,37.822064,139.2245,0,1
6120,15,223,6000 ,稲荷町,37.830987,139.215639,0,1
6121,15,223,7000 ,姥ヶ橋,37.840421,139.183833,0,1
6122,15,223,8000 ,大室,37.80353,139.264231,0,1
6123,15,223,9000 ,大野地,37.825981,139.251976,0,1
6124,15,223,10000 ,岡山町,37.834601,139.224329,0,1
6125,15,223,11000 ,沖,37.861816,139.255209,0,1
6126,15,223,12000 ,沖ノ館,37.860429,139.236556,0,1
6127,15,223,13000 ,小里,37.839215,139.197114,0,1
6128,15,223,14000 ,折居,37.856151,139.318276,0,1
6129,15,223,15000 ,女堂,37.848487,139.30175,0,1
6130,15,223,16000 ,籠田,37.78256,139.261157,0,1
6131,15,223,17000 ,嘉瀬島,37.809748,139.172864,0,1
6132,15,223,18000 ,学校町,37.830555,139.224287,0,1
6133,15,223,19000 ,勝屋,37.833459,139.307384,0,1
6134,15,223,20000 ,金沢,37.819546,139.247878,0,1
6135,15,223,21000 ,金田町,37.829477,139.229661,0,1
6136,15,223,22000 ,金渕,37.855591,139.189094,0,1
6137,15,223,23000 ,上飯塚,37.869147,139.242853,0,1
6138,15,223,24000 ,上蔵野,37.870743,139.261572,0,1
6139,15,223,25000 ,上黒瀬,37.841683,139.169988,0,1
6140,15,223,26000 ,上小中山,37.81235,139.258892,0,1
6141,15,223,27000 ,上坂町,37.822912,139.274941,0,1
6142,15,223,28000 ,上関口,37.874103,139.258852,0,1
6143,15,223,29000 ,上中,37.821114,139.228456,0,1
6144,15,223,30000 ,上中野目,37.820833,139.214731,0,1
6145,15,223,31000 ,上西野,37.875004,139.263434,0,1
6146,15,223,32000 ,上西山,37.8589,139.30452,0,1
6147,15,223,33000 ,上牧野,37.870718,139.273362,0,1
6148,15,223,34000 ,上山田,37.813534,139.261859,0,1
6149,15,223,35000 ,川岡,37.853583,139.263179,0,1
6150,15,223,36000 ,北園町,37.845874,139.230613,0,1
6151,15,223,37000 ,北本町,37.84323,139.231287,0,1
6152,15,223,38000 ,京ヶ島,37.829339,139.182235,0,1
6153,15,223,39000 ,京ヶ瀬工業団地,37.816745,139.158656,0,1
6154,15,223,40000 ,切梅新田,37.803757,139.218168,0,1
6155,15,223,41000 ,草水,37.756526,139.275273,0,1
6156,15,223,42000 ,久保,37.763456,139.249565,0,1
6157,15,223,43000 ,窪川原,37.835679,139.170183,0,1
6158,15,223,44000 ,熊堂,37.868343,139.275505,0,1
6159,15,223,45000 ,熊堂村新田,37.885519,139.26111,0,1
6160,15,223,46000 ,下条町,37.835833,139.2195,0,1
6161,15,223,47000 ,小河原,37.817643,139.179308,0,1
6162,15,223,48000 ,小栗山,37.842344,139.284871,0,1
6163,15,223,49000 ,小境,37.812379,139.216576,0,1
6164,15,223,50000 ,小島,37.808549,139.186382,0,1
6165,15,223,51000 ,越御堂,37.804378,139.239157,0,1
6166,15,223,52000 ,五分市,37.807135,139.234983,0,1
6167,15,223,53000 ,小松,37.743737,139.27602,0,1
6168,15,223,54000 ,五郎巻,37.853448,139.200644,0,1
6169,15,223,55000 ,境新,37.809259,139.239206,1,1
6170,15,223,56000 ,境新田,37.829591,139.238917,0,1
6171,15,223,57000 ,下里,37.814077,139.167886,0,1
6172,15,223,58000 ,笹岡,37.836916,139.287094,0,1
6173,15,223,59000 ,里,37.786887,139.291509,0,1
6174,15,223,60000 ,沢口,37.85189,139.290646,0,1
6175,15,223,61000 ,沢田,37.770245,139.246518,0,1
6176,15,223,62000 ,七石,37.813429,139.240343,1,1
6177,15,223,63000 ,島田,37.857168,139.254108,0,1
6178,15,223,64000 ,下一分,37.857607,139.290644,0,1
6179,15,223,65000 ,下黒瀬,37.847138,139.1619,0,1
6180,15,223,66000 ,下ノ橋,37.833446,139.193669,0,1
6181,15,223,67000 ,下福岡,37.851246,139.250753,0,1
6182,15,223,68000 ,下山屋,37.849225,139.269505,0,1
6183,15,223,69000 ,十二神,37.801714,139.25423,0,1
6184,15,223,70000 ,城,37.846431,139.177295,0,1
6185,15,223,71000 ,庄ケ宮,37.818238,139.232324,1,1
6186,15,223,72000 ,新保,37.754892,139.231282,0,1
6187,15,223,73000 ,水原,37.85317,139.230421,0,1
6188,15,223,74000 ,関屋,37.824253,139.185455,0,1
6189,15,223,75000 ,曽郷,37.847932,139.188497,0,1
6190,15,223,76000 ,滝沢,37.866039,139.283897,0,1
6191,15,223,77000 ,田中,37.810786,139.239816,0,1
6192,15,223,78000 ,田山,37.84145,139.174698,0,1
6193,15,223,79000 ,千原,37.855132,139.244088,0,1
6194,15,223,80001 ,中央町一丁目,37.839004,139.228945,0,3
6195,15,223,80002 ,中央町二丁目,37.8389,139.22429,0,3
6196,15,223,81000 ,塚田,37.856691,139.262703,0,1
6197,15,223,82000 ,月崎,37.829729,139.203119,0,1
6198,15,223,83000 ,天神堂,37.849122,139.240152,0,1
6199,15,223,84000 ,外城,37.847795,139.233149,0,1
6200,15,223,85000 ,外城町,37.838513,139.233258,0,1
6201,15,223,86000 ,土橋,37.820993,139.218496,0,1
6202,15,223,87000 ,長起,37.863199,139.266741,0,1
6203,15,223,88000 ,中島,37.832185,139.236419,0,1
6204,15,223,89000 ,中島町,37.833898,139.230001,0,1
6205,15,223,90000 ,中野,37.811391,139.24259,0,1
6206,15,223,91000 ,七浦,37.816601,139.263754,0,1
6207,15,223,92000 ,七島,37.822623,139.202737,0,1
6208,15,223,93000 ,新飯田,37.814076,139.224147,0,1
6209,15,223,94000 ,猫山,37.844895,139.195826,0,1
6210,15,223,95000 ,羽黒,37.820592,139.28313,0,1
6211,15,223,96000 ,羽多屋,37.789518,139.26293,0,1
6212,15,223,97000 ,日の出町,37.835078,139.238246,0,1
6213,15,223,98000 ,深堀,37.849133,139.16895,0,1
6214,15,223,99000 ,深町,37.815695,139.242515,0,1
6215,15,223,100000 ,福井,37.79883,139.246321,0,1
6216,15,223,101000 ,福田,37.81662,139.218749,0,1
6217,15,223,102000 ,福永,37.775247,139.248855,0,1
6218,15,223,103000 ,藤屋,37.880521,139.263924,0,1
6219,15,223,104000 ,船居,37.866413,139.236616,0,1
6220,15,223,105000 ,法柳,37.857117,139.17544,0,1
6221,15,223,106000 ,法柳新田,37.859423,139.184188,0,1
6222,15,223,107000 ,発久,37.847241,139.25809,0,1
6223,15,223,108000 ,堀越,37.77639,139.303929,0,1
6224,15,223,109000 ,本明,37.857373,139.247761,0,1
6225,15,223,110000 ,蒔田,37.84263,139.256023,0,1
6226,15,223,111000 ,前山,37.822545,139.191045,0,1
6227,15,223,112000 ,牧島,37.810558,139.232709,1,1
6228,15,223,113000 ,丸山,37.776533,139.270191,0,1
6229,15,223,114000 ,みそら野町,37.842396,139.204139,0,1
6230,15,223,115000 ,緑岡,37.842769,139.189839,0,1
6231,15,223,116000 ,緑町,37.830797,139.218797,0,1
6232,15,223,117000 ,南安野町,37.836608,139.214387,0,1
6233,15,223,118000 ,宮島,37.819836,139.252679,0,1
6234,15,223,119000 ,宮下,37.820466,139.259258,0,1
6235,15,223,120000 ,六日野,37.826648,139.209268,0,1
6236,15,223,121000 ,村岡,37.863835,139.281193,0,1
6237,15,223,122000 ,村杉,37.799848,139.286097,0,1
6238,15,223,123000 ,百津,37.827364,139.212846,0,1
6239,15,223,124000 ,百津町,37.828809,139.220915,0,1
6240,15,223,125000 ,保田,37.769495,139.225574,1,1
6241,15,223,126000 ,野地城,37.816892,139.227812,1,1
6242,15,223,127000 ,山岸新,37.805485,139.243889,0,1
6243,15,223,128001 ,山口町一丁目,37.840399,139.21487,0,3
6244,15,223,128002 ,山口町二丁目,37.839914,139.20973,0,3
6245,15,223,129000 ,山倉新田,37.878578,139.25574,0,1
6246,15,223,130000 ,湯沢,37.844724,139.310002,0,1
6247,15,223,131000 ,横山,37.839383,139.240685,0,1
6248,15,223,132000 ,六野瀬,37.754609,139.250321,0,1
6249,15,223,133000 ,若葉町,37.833418,139.217418,0,1
6250,15,223,134000 ,渡場,37.747709,139.238851,0,1
6251,15,223,135000 ,榎,37.879055,139.24034,0,1
6252,15,223,136000 ,飯田新田,37.790872,139.17816,0,1
6253,15,223,137000 ,七浦村新田,37.81276,139.273115,0,1
6254,15,223,138000 ,宮島村新田,37.812911,139.271737,0,1
6255,15,223,139000 ,宮下村新田,37.812892,139.270314,0,1
6256,15,223,140000 ,飯山秣,37.88629,139.265335,0,1
6257,15,223,141000 ,山倉村新田地先,37.882605,139.257871,0,1
6258,15,223,142000 ,島田新村新田,37.883106,139.260632,0,1
6259,15,223,143000 ,東沖村新田,37.882675,139.2598,0,1
6260,15,223,144000 ,本田,37.891032,139.261959,0,1
6261,15,223,145000 ,飯山,37.887577,139.260997,0,1
6262,15,223,146000 ,向中ノ通,37.888222,139.262644,0,1
6263,15,223,147000 ,中牧野新村新田,37.883488,139.26968,0,1
6264,15,223,148000 ,中ノ通,37.886891,139.26639,0,1
6265,15,223,149000 ,上高関,37.871363,139.268328,0,1
6266,15,223,150000 ,飯山新,37.880826,139.268972,0,1
6267,15,223,151000 ,荻島,37.860017,139.24342,0,1
6268,15,223,152000 ,榎船渡,37.868243,139.246781,0,1
6269,15,223,153000 ,山倉,37.874597,139.253552,0,1
6270,15,223,154000 ,上高田,37.873286,139.250744,0,1
6271,15,223,155000 ,南沖山,37.86645,139.255878,0,1
6272,15,223,156000 ,高田村ノ内,37.876313,139.237647,0,1
6273,15,223,157000 ,小浮,37.774046,139.208167,3,1
6274,15,223,158000 ,大和,37.781303,139.198649,0,1
6275,15,223,159000 ,千唐仁,37.780619,139.19313,0,1
6276,15,223,160000 ,布目,37.782904,139.198032,0,1
6277,15,223,161000 ,山口村新田,37.860304,139.219959,0,1
6278,15,223,162000 ,下条,37.854716,139.221486,0,1
6279,15,223,163000 ,駒林,37.85543,139.214375,0,1
6280,15,223,164000 ,山口,37.847194,139.213835,0,1
6281,15,223,165000 ,西岡,37.802335,139.190298,0,1
6282,15,223,166000 ,上福岡,37.799492,139.192111,0,1
6283,15,223,167000 ,長池,37.787716,139.190152,0,1
6284,15,223,168000 ,熊居新田,37.797724,139.21989,0,1
6285,15,223,169000 ,野田,37.781022,139.21439,0,1
6286,15,223,170000 ,寺社,37.792564,139.22539,0,1
6287,15,223,171000 ,山本新,37.7979,139.23865,0,1
6288,15,223,172000 ,かがやき,37.789491,139.244841,0,1
6289,15,223,173000 ,粕島,37.810711,139.184323,0,1
6290,15,223,174000 ,水ケ曽根,37.801599,139.18252,0,1
6291,15,223,175000 ,箸木免,37.818267,139.195427,0,1
6292,15,223,176000 ,寺社新,37.811468,139.190206,0,1
6293,15,223,177000 ,清野,37.808982,139.192304,0,1
6294,15,223,178000 ,川前,37.808453,139.194415,0,1
6295,15,223,179000 ,百津潟新田,37.819016,139.202144,0,1
6296,15,223,180000 ,七島村古新田,37.821723,139.212266,0,1
6297,15,223,181000 ,中潟,37.813818,139.198403,0,1
6298,15,223,182000 ,中村新村新田,37.885587,139.267917,0,1
6299,15,223,183000 ,折居村新田,37.885032,139.267743,0,1
6300,15,223,184000 ,畑江,37.823557,139.303915,0,1
6301,15,223,185000 ,出湯,37.813045,139.310827,0,1
6302,15,223,186000 ,大宮,37.804768,139.284008,0,1
6303,15,223,187000 ,押切,37.8183,139.272002,0,1
6304,15,223,188000 ,今板,37.808722,139.292164,0,1
6305,15,223,189000 ,山寺,37.806904,139.274464,0,1
6306,15,223,190000 ,小中山村新田,37.812043,139.277436,0,1
6307,15,223,191000 ,山崎,37.835466,139.273556,0,1
6308,15,223,192000 ,川崎,37.836217,139.264811,0,1
6309,15,223,193000 ,次郎丸,37.828429,139.275659,0,1
6310,15,223,194000 ,金屋,37.827941,139.262694,0,1
6311,15,223,195000 ,須走,37.836261,139.248444,0,1
6312,15,223,196000 ,野村,37.842576,139.250178,0,1
6313,15,223,197000 ,上山屋,37.835686,139.260561,0,1
6314,15,223,198000 ,赤水,37.838383,139.255412,0,1
6315,15,223,199000 ,高田,37.883365,139.250269,0,1
6316,15,223,200000 ,堤,37.846257,139.27693,0,1
6317,15,223,201000 ,上一分,37.848073,139.282928,0,1
6318,15,223,202000 ,外山王,37.789799,139.201867,0,1
6319,15,223,203000 ,新座下,37.788342,139.204119,0,1
6320,15,223,204000 ,新座,37.78696,139.212496,3,1
6321,15,223,205000 ,上江端,37.797162,139.210732,1,1
6322,15,223,206000 ,嶋瀬,37.787898,139.198075,0,1
6323,15,223,207000 ,東町,37.800249,139.206672,1,1
6324,15,223,208000 ,分田,37.794452,139.193986,3,1
6325,15,223,209000 ,砂山,37.768776,139.227659,1,2
6326,15,223,210000 ,堀越東,37.814261,139.232173,1,2
6327,15,223,211000 ,堀耕東,37.814238,139.232153,1,1
6328,15,224,1000 ,相川会津町,38.034294,138.242337,0,1
6329,15,224,2000 ,相川四十物町,38.03566,138.242806,0,1
6330,15,224,3000 ,相川海士町,38.025186,138.238815,0,1
6331,15,224,4000 ,相川石扣町,38.034756,138.238544,0,1
6332,15,224,5000 ,相川板町,38.036501,138.237325,0,1
6333,15,224,6000 ,相川市町,38.028909,138.240248,0,1
6334,15,224,7000 ,相川一町目,38.031807,138.241368,0,1
6335,15,224,8000 ,相川一町目裏町,38.031586,138.242534,0,1
6336,15,224,9000 ,相川一町目浜町,38.031674,138.24059,0,1
6337,15,224,10000 ,相川馬町,38.027639,138.24099,0,1
6338,15,224,11000 ,相川江戸沢町,38.032886,138.242508,0,1
6339,15,224,12000 ,相川大浦,38.009837,138.238665,0,1
6340,15,224,13000 ,相川大床屋町,38.034028,138.244954,0,1
6341,15,224,14000 ,相川大間町,38.037454,138.236829,0,1
6342,15,224,15000 ,相川下戸炭屋裏町,38.025797,138.238762,0,1
6343,15,224,16000 ,相川下戸炭屋浜町,38.025893,138.237146,0,1
6344,15,224,17000 ,相川下戸炭屋町,38.026064,138.238436,0,1
6345,15,224,18000 ,相川下戸浜町,38.027832,138.239316,0,1
6346,15,224,19000 ,相川下戸町,38.02737,138.2397,0,1
6347,15,224,20000 ,相川下戸村,38.025219,138.251431,0,1
6348,15,224,21000 ,相川嘉左衛門町,38.038403,138.253501,0,1
6349,15,224,22000 ,相川鹿伏,38.018642,138.233613,0,1
6350,15,224,23000 ,相川上京町,38.035149,138.245081,0,1
6351,15,224,24000 ,相川上寺町,38.034379,138.252675,0,1
6352,15,224,25000 ,相川紙屋町,38.037743,138.237568,0,1
6353,15,224,26000 ,相川勘四郎町,38.036328,138.247665,0,1
6354,15,224,27000 ,相川北沢町,38.036715,138.241098,0,1
6355,15,224,28000 ,相川銀山町,38.046159,138.270563,0,1
6356,15,224,29000 ,相川小右衛門町,38.039623,138.257243,0,1
6357,15,224,30000 ,相川米屋町,38.035308,138.242397,0,1
6358,15,224,31000 ,相川五郎右衛門町,38.038298,138.252012,0,1
6359,15,224,32000 ,相川五郎左衛門町,38.029848,138.241935,0,1
6360,15,224,33000 ,相川小六町,38.036018,138.237964,0,1
6361,15,224,34000 ,相川材木町,38.034807,138.238072,0,1
6362,15,224,35000 ,相川栄町,38.03388,138.237528,0,1
6363,15,224,36000 ,相川坂下町,38.037518,138.239964,0,1
6364,15,224,37000 ,相川左門町,38.034548,138.244791,0,1
6365,15,224,38000 ,相川三町目,38.029647,138.241649,0,1
6366,15,224,39000 ,相川三町目新浜町,38.029733,138.239955,0,1
6367,15,224,40000 ,相川三町目浜町,38.029691,138.240798,0,1
6368,15,224,41000 ,相川塩屋町,38.033943,138.239407,0,1
6369,15,224,42000 ,相川次助町,38.034307,138.258996,0,1
6370,15,224,43000 ,相川柴町,38.04008,138.236182,0,1
6371,15,224,44000 ,相川下京町,38.034903,138.242246,0,1
6372,15,224,45000 ,相川下寺町,38.031185,138.244811,0,1
6373,15,224,46000 ,相川下山之神町,38.039114,138.241874,0,1
6374,15,224,47000 ,相川庄右衛門町,38.036134,138.256482,0,1
6375,15,224,48000 ,相川新五郎町,38.035268,138.246536,0,1
6376,15,224,49000 ,相川新材木町,38.033546,138.23912,0,1
6377,15,224,50000 ,相川新西坂町,38.034847,138.239306,0,1
6378,15,224,51000 ,相川新浜町,38.028972,138.23958,0,1
6379,15,224,52000 ,相川炭屋町,38.037986,138.238122,0,1
6380,15,224,53000 ,相川諏訪町,38.036302,138.251342,0,1
6381,15,224,54000 ,相川清右衛門町,38.037782,138.253194,0,1
6382,15,224,55000 ,相川宗徳町,38.041401,138.256322,0,1
6383,15,224,56000 ,相川大工町,38.035209,138.248977,0,1
6384,15,224,57000 ,相川中京町,38.034722,138.243424,0,1
6385,15,224,58000 ,相川長坂町,38.034422,138.240159,0,1
6386,15,224,59000 ,相川中寺町,38.033835,138.249911,0,1
6387,15,224,60000 ,相川奈良町,38.038385,138.255053,0,1
6388,15,224,61000 ,相川濁川町,38.037032,138.238154,0,1
6389,15,224,62000 ,相川西坂町,38.034752,138.239799,0,1
6390,15,224,63000 ,相川二町目,38.030604,138.241717,0,1
6391,15,224,64000 ,相川二町目新浜町,38.030662,138.240231,0,1
6392,15,224,65000 ,相川二町目浜町,38.030605,138.240902,0,1
6393,15,224,66000 ,相川羽田町,38.033033,138.240863,0,1
6394,15,224,67000 ,相川羽田村,38.028039,138.241684,0,1
6395,15,224,68000 ,相川柄杓町,38.037967,138.257161,0,1
6396,15,224,69000 ,相川広間町,38.036045,138.239534,0,1
6397,15,224,70000 ,相川水金町,38.041417,138.237158,0,1
6398,15,224,71000 ,相川味噌屋町,38.034703,138.240938,0,1
6399,15,224,72000 ,相川南沢町,38.033659,138.247129,0,1
6400,15,224,73000 ,相川八百屋町,38.034179,138.241257,0,1
6401,15,224,74000 ,相川弥十郎町,38.036331,138.242762,0,1
6402,15,224,75000 ,相川夕白町,38.035689,138.244662,0,1
6403,15,224,76000 ,相川四町目,38.028517,138.240998,0,1
6404,15,224,77000 ,相川四町目浜町,38.028647,138.240371,0,1
6405,15,224,78000 ,相川六右衛門町,38.03438,138.246635,0,1
6406,15,224,79000 ,青野,38.017703,138.303041,0,1
6407,15,224,80000 ,吾潟,38.053017,138.451651,0,1
6408,15,224,81000 ,赤玉,37.999021,138.51807,0,1
6409,15,224,82000 ,赤泊,37.878562,138.390512,0,1
6410,15,224,83000 ,秋津,38.068897,138.42133,0,1
6411,15,224,84000 ,旭,38.042026,138.417106,0,1
6412,15,224,85000 ,阿佛坊,37.971791,138.373136,0,1
6413,15,224,86000 ,蚫,38.001583,138.533513,0,1
6414,15,224,87000 ,安養寺,38.060426,138.382568,0,1
6415,15,224,88000 ,飯持,37.97624,138.398404,0,1
6416,15,224,89000 ,五十浦,38.241171,138.436597,0,1
6417,15,224,90000 ,石花,38.148722,138.326098,0,1
6418,15,224,91000 ,石田,38.010694,138.322978,0,1
6419,15,224,92000 ,石名,38.202953,138.393469,0,1
6420,15,224,93000 ,泉,38.061475,138.330969,0,1
6421,15,224,94000 ,市野沢,38.018623,138.332174,0,1
6422,15,224,95000 ,井坪,37.83414,138.260941,0,1
6423,15,224,96000 ,稲鯨,37.975466,138.240232,0,1
6424,15,224,97000 ,犬神平,37.814581,138.221534,0,1
6425,15,224,98000 ,岩首,37.946534,138.48973,0,1
6426,15,224,99000 ,岩谷口,38.254354,138.459369,0,1
6427,15,224,100000 ,後尾,38.157579,138.337117,0,1
6428,15,224,101000 ,歌見,38.214847,138.472089,0,1
6429,15,224,102000 ,馬首,38.190774,138.446144,0,1
6430,15,224,103000 ,梅津,38.117062,138.380239,0,1
6431,15,224,104000 ,浦川,38.201031,138.472085,0,1
6432,15,224,105000 ,江積,37.830306,138.221282,0,1
6433,15,224,106000 ,大久保,37.961814,138.402915,0,1
6434,15,224,107000 ,大倉,38.223325,138.409997,0,1
6435,15,224,108000 ,大倉谷,37.919091,138.301086,1,1
6436,15,224,109000 ,大須,37.934514,138.32611,0,1
6437,15,224,110000 ,大杉,37.839692,138.361117,0,1
6438,15,224,111000 ,多田,37.911298,138.478218,1,1
6439,15,224,112000 ,小川,38.061631,138.249165,0,1
6440,15,224,113000 ,小木,37.815219,138.256388,0,1
6441,15,224,114000 ,小木大浦,37.830748,138.250325,0,1
6442,15,224,115000 ,小木金田新田,37.821102,138.245685,0,1
6443,15,224,116000 ,小木木野浦,37.827992,138.281625,0,1
6444,15,224,117000 ,小木強清水,37.813151,138.230343,0,1
6445,15,224,118000 ,小木堂釜,37.838584,138.271752,0,1
6446,15,224,119000 ,小木町,37.819813,138.269629,0,1
6447,15,224,120000 ,小倉,37.954451,138.451022,0,1
6448,15,224,121000 ,小野見,38.202031,138.371286,0,1
6449,15,224,122000 ,貝塚,38.033563,138.381323,0,1
6450,15,224,123000 ,柿野浦,37.965582,138.504276,0,1
6451,15,224,124000 ,鍛冶町,38.005259,138.32627,0,1
6452,15,224,125000 ,春日,38.090963,138.432816,0,1
6453,15,224,126000 ,片野尾,38.054238,138.554478,0,1
6454,15,224,127000 ,潟端,38.052089,138.426687,0,1
6455,15,224,128000 ,金井新保,38.073846,138.346154,0,1
6456,15,224,129000 ,金丸,37.994774,138.360419,0,1
6457,15,224,130000 ,上相川町,38.039151,138.259062,0,1
6458,15,224,131000 ,上川茂,37.906535,138.403444,0,1
6459,15,224,132000 ,上長木,38.007964,138.333669,0,1
6460,15,224,133000 ,上新穂,37.994032,138.475779,0,1
6461,15,224,134000 ,上矢馳,38.011466,138.332141,0,1
6462,15,224,135000 ,上横山,38.066083,138.398778,0,1
6463,15,224,136000 ,加茂歌代,38.091534,138.405171,0,1
6464,15,224,137000 ,河崎,38.047303,138.488167,0,1
6465,15,224,138000 ,河原田諏訪町,38.002526,138.315575,0,1
6466,15,224,139000 ,河原田本町,37.999098,138.32187,0,1
6467,15,224,140000 ,北五十里,38.136508,138.434055,0,1
6468,15,224,141000 ,北鵜島,38.297753,138.473799,0,1
6469,15,224,142000 ,北狄,38.087136,138.277607,0,1
6470,15,224,143000 ,北片辺,38.130975,138.343883,0,1
6471,15,224,144000 ,北川内,38.168307,138.322097,0,1
6472,15,224,145000 ,北小浦,38.273428,138.497738,0,1
6473,15,224,146000 ,北立島,38.172996,138.332732,0,1
6474,15,224,147000 ,北田野浦,38.183743,138.382573,0,1
6475,15,224,148000 ,北松ケ崎,38.185482,138.469772,0,1
6476,15,224,149000 ,久知河内,38.027571,138.505406,0,1
6477,15,224,150000 ,窪田,38.009788,138.302379,0,1
6478,15,224,151000 ,栗野江,37.993491,138.416971,0,1
6479,15,224,152000 ,黒姫,38.233621,138.477917,0,1
6480,15,224,153000 ,国分寺,37.961961,138.371878,0,1
6481,15,224,154000 ,小田,38.209491,138.416891,0,1
6482,15,224,155000 ,琴浦,37.810518,138.255528,0,1
6483,15,224,156000 ,木流,37.83147,138.241195,0,1
6484,15,224,157000 ,小比叡,37.838115,138.284638,0,1
6485,15,224,158000 ,猿八,37.937897,138.418087,0,1
6486,15,224,159000 ,沢崎,37.824626,138.214736,0,1
6487,15,224,160000 ,沢根,38.006958,138.263506,0,1
6488,15,224,161000 ,三宮,37.985177,138.362618,0,1
6489,15,224,162000 ,三瀬川,38.052916,138.398843,0,1
6490,15,224,163000 ,椎泊,38.052272,138.503406,0,1
6491,15,224,164000 ,静平,37.91979,138.353836,0,1
6492,15,224,165000 ,下相川,38.045214,138.247838,0,1
6493,15,224,166000 ,下川茂,37.901088,138.372932,0,1
6494,15,224,167000 ,下久知,38.056944,138.469817,0,1
6495,15,224,168000 ,下黒山,37.904605,138.337573,0,1
6496,15,224,169000 ,下長木,38.008739,138.336091,0,1
6497,15,224,170000 ,下新穂,38.016226,138.395809,0,1
6498,15,224,171000 ,下横山,38.05927,138.406181,0,1
6499,15,224,172000 ,宿根木,37.810919,138.24501,0,1
6500,15,224,173000 ,城腰,38.056448,138.462977,0,1
6501,15,224,174000 ,白瀬,38.155339,138.41636,0,1
6502,15,224,175000 ,真光寺,38.052138,138.314917,0,1
6503,15,224,176000 ,水津,38.070327,138.565415,0,1
6504,15,224,177000 ,杉野浦,37.847696,138.37299,0,1
6505,15,224,178000 ,住吉,38.064029,138.454099,0,1
6506,15,224,179000 ,関,38.231132,138.4327,0,1
6507,15,224,180000 ,背合,37.941006,138.322628,0,1
6508,15,224,181000 ,大小,37.926872,138.319276,1,1
6509,15,224,182000 ,高千,38.176817,138.360674,0,1
6510,15,224,183000 ,田切須,37.908952,138.287737,0,1
6511,15,224,184000 ,滝脇,37.942476,138.332509,0,1
6512,15,224,185000 ,竹田,37.955653,138.387334,0,1
6513,15,224,186000 ,高瀬,37.996126,138.242984,0,1
6514,15,224,187000 ,橘,37.983262,138.242236,0,1
6515,15,224,188000 ,達者,38.073813,138.263302,0,1
6516,15,224,189000 ,立間,37.988708,138.515302,0,1
6517,15,224,190000 ,立野,38.066202,138.387769,0,1
6518,15,224,191000 ,田野浦,37.830968,138.232279,0,1
6519,15,224,192000 ,玉崎,38.161014,138.445733,0,1
6520,15,224,193000 ,千種,38.041521,138.3643,0,1
6521,15,224,194000 ,月布施,38.036181,138.543851,0,1
6522,15,224,195000 ,椿,38.137369,138.408495,0,1
6523,15,224,196000 ,椿尾,37.89297,138.316216,0,1
6524,15,224,197000 ,寺田,37.994424,138.392744,0,1
6525,15,224,198000 ,徳和,37.886596,138.41185,0,1
6526,15,224,199000 ,戸地,38.096825,138.312412,0,1
6527,15,224,200000 ,戸中,38.126842,138.30136,0,1
6528,15,224,201000 ,外山,37.92068,138.409875,0,1
6529,15,224,202000 ,豊岡,37.97525,138.511469,0,1
6530,15,224,203000 ,豊田,37.941965,138.342983,0,1
6531,15,224,204000 ,長石,37.973123,138.346802,0,1
6532,15,224,205000 ,長江,38.086679,138.374582,0,1
6533,15,224,206000 ,中興,38.045485,138.351287,0,1
6534,15,224,207000 ,長木,38.003302,138.340252,0,1
6535,15,224,208000 ,中原,38.007546,138.317324,0,1
6536,15,224,209000 ,名古屋,37.971628,138.350979,0,1
6537,15,224,210000 ,新穂,38.014637,138.422643,0,1
6538,15,224,211000 ,新穂青木,38.005573,138.47523,0,1
6539,15,224,212000 ,新穂井内,38.010786,138.430854,0,1
6540,15,224,213000 ,新穂瓜生屋,38.013241,138.445451,0,1
6541,15,224,214000 ,新穂大野,37.986648,138.436486,0,1
6542,15,224,215000 ,新穂潟上,38.041557,138.436075,0,1
6543,15,224,216000 ,新穂北方,38.017646,138.414932,0,1
6544,15,224,217000 ,新穂正明寺,38.021752,138.448633,0,1
6545,15,224,218000 ,新穂武井,38.006307,138.404438,0,1
6546,15,224,219000 ,新穂田野沢,38.022199,138.48026,0,1
6547,15,224,220000 ,新穂長畝,38.034656,138.412007,0,1
6548,15,224,221000 ,新穂舟下,38.009796,138.397739,0,1
6549,15,224,222000 ,新穂皆川,38.013511,138.384681,0,1
6550,15,224,223000 ,二宮,38.054691,138.304851,0,1
6551,15,224,224000 ,西三川,37.910598,138.323062,0,1
6552,15,224,225000 ,入川,38.16578,138.356307,0,1
6553,15,224,226000 ,願,38.316057,138.476248,0,1
6554,15,224,227000 ,野浦,38.025762,138.537808,0,1
6555,15,224,228000 ,長谷,37.975764,138.417811,0,1
6556,15,224,229000 ,畑野,38.00155,138.376552,0,1
6557,15,224,230000 ,羽二生,38.065897,138.532334,0,1
6558,15,224,231000 ,浜河内,37.926037,138.453728,0,1
6559,15,224,232000 ,浜田,38.08771,138.430409,0,1
6560,15,224,233000 ,羽茂飯岡,37.856201,138.326852,0,1
6561,15,224,234000 ,羽茂大石,37.831287,138.321681,0,1
6562,15,224,235000 ,羽茂大崎,37.879215,138.332855,0,1
6563,15,224,236000 ,羽茂大橋,37.836155,138.301544,0,1
6564,15,224,237000 ,羽茂上山田,37.864623,138.316592,0,1
6565,15,224,238000 ,羽茂亀脇,37.870929,138.290121,0,1
6566,15,224,239000 ,羽茂小泊,37.879646,138.300493,0,1
6567,15,224,240000 ,羽茂三瀬,37.832172,138.34531,0,1
6568,15,224,241000 ,羽茂滝平,37.889544,138.349713,0,1
6569,15,224,242000 ,羽茂本郷,37.858579,138.351632,0,1
6570,15,224,243000 ,羽茂村山,37.85776,138.291241,0,1
6571,15,224,244000 ,羽吉,38.117859,138.418254,0,1
6572,15,224,245000 ,原黒,38.069745,138.44193,0,1
6573,15,224,246000 ,東鵜島,37.95388,138.502354,0,1
6574,15,224,247000 ,東大通,38.003714,138.33098,0,1
6575,15,224,248000 ,東強清水,38.01243,138.544114,0,1
6576,15,224,249000 ,東立島,38.012462,138.530818,0,1
6577,15,224,250000 ,姫津,38.08364,138.242782,0,1
6578,15,224,251000 ,平清水,38.041084,138.336363,0,1
6579,15,224,252000 ,平松,38.191354,138.477329,0,1
6580,15,224,253000 ,深浦,37.816589,138.220306,0,1
6581,15,224,254000 ,畉田,37.985999,138.371865,0,1
6582,15,224,255000 ,二見,37.978449,138.253939,0,1
6583,15,224,256000 ,坊ケ浦,37.985779,138.407296,0,1
6584,15,224,257000 ,真浦,37.866865,138.393609,0,1
6585,15,224,258000 ,真木,38.063658,138.489106,0,1
6586,15,224,259000 ,真更川,38.28279,138.461945,0,1
6587,15,224,260000 ,真野,37.946428,138.363602,0,1
6588,15,224,261000 ,真野大川,37.973738,138.378765,0,1
6589,15,224,262000 ,真野新町,37.965037,138.346807,0,1
6590,15,224,263000 ,丸山,37.910576,138.460269,0,1
6591,15,224,264000 ,三川,37.904604,138.435172,0,1
6592,15,224,265000 ,見立,38.294495,138.502878,0,1
6593,15,224,266000 ,水渡田,38.047465,138.408954,0,1
6594,15,224,267000 ,南片辺,38.139231,138.309326,0,1
6595,15,224,268000 ,南新保,37.856628,138.384091,0,1
6596,15,224,269000 ,宮川,37.987498,138.380429,0,1
6597,15,224,270000 ,虫崎,38.252299,138.492942,0,1
6598,15,224,271000 ,莚場,37.894099,138.451697,0,1
6599,15,224,272000 ,目黒町,38.002929,138.38991,0,1
6600,15,224,273000 ,両尾,38.055704,138.517306,0,1
6601,15,224,274000 ,矢柄,38.229366,138.417072,0,1
6602,15,224,275000 ,柳沢,37.862864,138.385581,0,1
6603,15,224,276000 ,八幡,37.990633,138.33922,0,1
6604,15,224,277000 ,八幡新町,37.994208,138.329611,0,1
6605,15,224,278000 ,八幡町,37.996399,138.326847,0,1
6606,15,224,279000 ,山田,38.043473,138.290969,0,1
6607,15,224,280000 ,大和,38.037314,138.394752,0,1
6608,15,224,281000 ,吉井,38.047799,138.395416,0,1
6609,15,224,282000 ,吉井本郷,38.062969,138.373377,0,1
6610,15,224,283000 ,吉岡,37.963013,138.360305,0,1
6611,15,224,284000 ,四日町,37.98237,138.350153,0,1
6612,15,224,285000 ,米郷,37.970559,138.24966,0,1
6613,15,224,286000 ,両津夷,38.084823,138.43225,0,1
6614,15,224,287000 ,両津夷新,38.086785,138.431305,0,1
6615,15,224,288000 ,両津大川,38.068127,138.550245,0,1
6616,15,224,289001 ,両津福浦一丁目,38.086157,138.428222,0,3
6617,15,224,289002 ,両津福浦二丁目,38.085976,138.426688,0,3
6618,15,224,289003 ,両津福浦三丁目,38.086793,138.424466,0,3
6619,15,224,290000 ,両津湊,38.07807,138.438464,0,1
6620,15,224,291000 ,和木,38.172547,138.437656,0,1
6621,15,224,292000 ,鷲崎,38.317516,138.502213,0,1
6622,15,224,293000 ,沢根炭屋町,38.007476,138.290553,0,1
6623,15,224,294000 ,沢根五十里,38.024351,138.280653,0,1
6624,15,224,295000 ,沢根篭町,38.006496,138.280079,0,1
6625,15,224,296000 ,沢根町,38.004292,138.275595,0,1
6626,15,224,297000 ,松ケ崎,37.920456,138.483161,1,1
6627,15,225,1000 ,青島,37.219496,138.951683,0,1
6628,15,225,2000 ,赤土,37.291054,139.010522,0,1
6629,15,225,3000 ,穴沢,37.355824,139.090915,0,1
6630,15,225,4000 ,池平,37.239895,139.019549,0,1
6631,15,225,5000 ,池平新田,37.235969,139.005815,0,1
6632,15,225,6000 ,泉沢,37.276203,138.955722,0,1
6633,15,225,7000 ,伊勢島,37.209653,138.95757,0,1
6634,15,225,8000 ,板木,37.202311,138.971133,0,1
6635,15,225,9001 ,稲荷町一丁目,37.2329,138.958369,0,3
6636,15,225,10000 ,井口新田,37.230336,138.975068,0,1
6637,15,225,11000 ,芋鞘,37.373999,139.094732,0,1
6638,15,225,12000 ,魚野地,37.204203,138.895542,0,1
6639,15,225,13000 ,宇津野,37.118733,139.154309,0,1
6640,15,225,14001 ,浦町一丁目,37.231425,138.959291,0,3
6641,15,225,15000 ,大石,37.224293,138.937118,0,1
6642,15,225,16000 ,大芋川,37.292694,138.926565,0,1
6643,15,225,17000 ,大浦,37.191316,138.957179,0,1
6644,15,225,18000 ,大浦新田,37.182217,138.952815,0,1
6645,15,225,19000 ,大倉,37.32346,139.001824,0,1
6646,15,225,20000 ,大倉沢,37.309352,139.005613,0,1
6647,15,225,21000 ,大沢,37.223683,139.00174,0,1
6648,15,225,22000 ,大白川,37.335556,139.168123,0,1
6649,15,225,23000 ,大塚新田,37.236455,138.968462,0,1
6650,15,225,24000 ,大栃山,37.34953,139.067779,0,1
6651,15,225,25000 ,大原新田,37.326579,139.027025,0,1
6652,15,225,26000 ,大湯温泉,37.162201,139.075374,0,1
6653,15,225,27000 ,岡新田,37.183198,138.934917,0,1
6654,15,225,28000 ,小平尾,37.319054,138.966497,0,1
6655,15,225,29000 ,親柄,37.281327,138.981632,0,1
6656,15,225,30000 ,折立又新田,37.17411,139.053525,0,1
6657,15,225,31000 ,金ケ沢,37.290108,138.987673,0,1
6658,15,225,32000 ,上折立,37.193848,139.08549,0,1
6659,15,225,33000 ,上長鳥新田,37.345515,139.040776,0,1
6660,15,225,34000 ,上原,37.219628,138.98182,0,1
6661,15,225,35000 ,栗山,37.302947,138.984497,0,1
6662,15,225,36000 ,小出島,37.236704,138.963609,0,1
6663,15,225,37000 ,古新田,37.219825,138.963261,0,1
6664,15,225,38000 ,小庭名,37.280088,138.972439,0,1
6665,15,225,39000 ,佐梨,37.225503,138.968347,0,1
6666,15,225,40000 ,下倉,37.251744,138.958172,0,1
6667,15,225,41000 ,渋川,37.33628,139.054402,0,1
6668,15,225,42000 ,下折立,37.207274,139.060152,0,1
6669,15,225,43000 ,下田,37.282641,138.987013,0,1
6670,15,225,44000 ,須川,37.306323,139.019601,0,1
6671,15,225,45000 ,須原,37.33545,139.011946,0,1
6672,15,225,46001 ,諏訪町一丁目,37.232713,138.960029,0,3
6673,15,225,47000 ,高倉,37.388714,139.073373,0,1
6674,15,225,48000 ,田川,37.24181,138.908559,0,1
6675,15,225,49000 ,田小屋,37.377545,139.085981,0,1
6676,15,225,50000 ,田戸,37.242186,138.941491,0,1
6677,15,225,51000 ,田中,37.293238,138.992849,0,1
6678,15,225,52000 ,中家,37.239789,138.998345,0,1
6679,15,225,53000 ,中家新田,37.2443,138.987861,0,1
6680,15,225,54000 ,中子沢,37.240396,139.039514,0,1
6681,15,225,55000 ,十日町,37.188544,138.945107,0,1
6682,15,225,56000 ,中島,37.245415,138.965366,0,1
6683,15,225,57000 ,長鳥,37.341905,139.039373,0,1
6684,15,225,58000 ,中ノ島,37.233532,138.95672,0,1
6685,15,225,59000 ,中原,37.218062,138.969493,0,1
6686,15,225,60000 ,長堀新田,37.28034,138.989777,0,1
6687,15,225,61000 ,七日市,37.237135,138.975853,0,1
6688,15,225,62000 ,七日市新田,37.234614,138.982756,0,1
6689,15,225,63000 ,西名,37.350404,139.038709,0,1
6690,15,225,64000 ,西名新田,37.357026,139.033166,0,1
6691,15,225,65000 ,根小屋,37.26546,138.93901,0,1
6692,15,225,66000 ,原,37.225572,138.886697,0,1
6693,15,225,67000 ,原虫野,37.209836,138.965552,0,1
6694,15,225,68000 ,東野名,37.364005,139.053141,0,1
6695,15,225,69000 ,一日市,37.242401,138.982339,0,1
6696,15,225,70000 ,干溝,37.202906,138.996721,0,1
6697,15,225,71000 ,平野又,37.363208,139.069823,0,1
6698,15,225,72000 ,日渡新田,37.238075,138.959059,0,1
6699,15,225,73000 ,福田新田,37.312736,139.011414,0,1
6700,15,225,74000 ,福山新田,37.351901,138.984577,0,1
6701,15,225,75000 ,細野,37.333414,139.034702,0,1
6702,15,225,76000 ,堀之内,37.224935,138.920167,0,1
6703,15,225,77001 ,本町一丁目,37.232149,138.958093,0,3
6704,15,225,77002 ,本町二丁目,37.231933,138.959481,0,3
6705,15,225,77003 ,本町三丁目,37.232081,138.960335,0,3
6706,15,225,78000 ,松川,37.311186,139.042077,0,1
6707,15,225,79000 ,水沢,37.301235,138.942635,0,1
6708,15,225,80000 ,三ツ又,37.222958,139.090524,0,1
6709,15,225,81000 ,蓑和田,37.221593,139.039546,0,1
6710,15,225,82000 ,三渕沢,37.308915,138.994403,0,1
6711,15,225,83000 ,宮沢新田,37.283598,138.985493,0,1
6712,15,225,84000 ,宮椿新田,37.356252,139.041414,0,1
6713,15,225,85000 ,明神,37.193555,138.861617,0,1
6714,15,225,86000 ,葎沢,37.218995,139.016363,0,1
6715,15,225,87000 ,虫野,37.204127,138.960418,0,1
6716,15,225,88000 ,茂沢,37.295183,138.95049,0,1
6717,15,225,89001 ,柳原一丁目,37.231497,138.957964,0,3
6718,15,225,90000 ,山口,37.268217,138.969158,0,1
6719,15,225,91000 ,湯之谷芋川,37.203346,139.0276,0,1
6720,15,225,92001 ,横町一丁目,37.232657,138.957046,0,3
6721,15,225,92002 ,横町二丁目,37.233552,138.957452,0,3
6722,15,225,93000 ,横根,37.374532,139.067987,0,1
6723,15,225,94000 ,与五郎新田,37.237481,138.932423,0,1
6724,15,225,95000 ,吉田,37.225682,138.985663,0,1
6725,15,225,96000 ,吉平,37.282035,138.966753,0,1
6726,15,225,97000 ,吉原,37.288479,138.957975,0,1
6727,15,225,98000 ,吉水,37.219505,138.906733,0,1
6728,15,225,99000 ,四日町,37.235268,138.95244,0,1
6729,15,225,100000 ,米沢,37.257848,139.028084,0,1
6730,15,225,101000 ,連日,37.277122,138.974438,0,1
6731,15,225,102000 ,和田,37.277299,138.980998,0,1
6732,15,225,103000 ,和長島,37.248002,138.918166,0,1
6733,15,225,104000 ,新保,37.246458,138.975275,0,1
6734,15,225,105000 ,徳田,37.268482,138.924905,0,1
6735,15,225,106000 ,竜光,37.276061,138.913423,0,1
6736,15,225,107000 ,下新田,37.264121,138.90136,0,1
6737,15,225,108000 ,中島新田,37.251499,138.969477,0,1
6738,15,225,109000 ,東中,37.259218,138.965858,0,1
6739,15,225,110000 ,田尻,37.261076,138.97124,0,1
6740,15,225,111000 ,並柳,37.267505,138.978767,0,1
6741,15,225,112000 ,横瀬,37.276376,138.98721,0,1
6742,15,225,113000 ,清本,37.277756,139.005849,0,1
6743,15,225,114000 ,江口,37.265706,139.012193,0,1
6744,15,225,115000 ,山田,37.251495,138.994269,0,1
6745,15,225,116000 ,今泉,37.257641,138.979252,0,1
6746,15,225,117000 ,新道島,37.268581,138.893704,0,1
6747,15,225,118000 ,下島,37.245601,138.895976,0,1
6748,15,226,1000 ,畔地,37.050756,138.960347,0,1
6749,15,226,2000 ,畔地新田,37.050633,138.950645,0,1
6750,15,226,3000 ,穴地,37.136026,138.961431,0,1
6751,15,226,4000 ,穴地新田,37.144306,138.956436,0,1
6752,15,226,5000 ,海士ケ島新田,37.149382,138.936232,0,1
6753,15,226,6000 ,天野沢,37.033156,138.839319,0,1
6754,15,226,7000 ,荒金,37.153098,138.970701,0,1
6755,15,226,8000 ,荒山,37.156308,139.014333,0,1
6756,15,226,9000 ,雷土,37.186496,138.964921,0,1
6757,15,226,10000 ,雷土新田,37.180784,138.962701,0,1
6758,15,226,11000 ,石打,36.969106,138.803483,0,1
6759,15,226,12000 ,泉,37.098884,138.912551,0,1
6760,15,226,13000 ,泉新田,37.097763,138.90621,0,1
6761,15,226,14000 ,市野江,37.167672,138.872086,0,1
6762,15,226,15000 ,一之沢,36.966198,138.874596,0,1
6763,15,226,16000 ,五日町,37.126538,138.900828,0,1
6764,15,226,17000 ,今町,37.130575,138.913264,0,1
6765,15,226,18000 ,今町新田,37.13842,138.926781,0,1
6766,15,226,19000 ,芋赤,37.184564,138.98988,0,1
6767,15,226,20000 ,岩崎,37.063619,138.90942,0,1
6768,15,226,21000 ,姥沢新田,36.997284,138.901741,0,1
6769,15,226,22000 ,姥島新田,36.990824,138.820601,0,1
6770,15,226,23000 ,浦佐,37.167477,138.922096,0,1
6771,15,226,24000 ,上野,36.977622,138.777168,0,1
6772,15,226,25000 ,雲洞,37.031502,138.899116,0,1
6773,15,226,26000 ,枝吉,37.02582,138.881856,0,1
6774,15,226,27000 ,鰕島,37.150013,138.927917,0,1
6775,15,226,28000 ,大木六,37.003052,138.872154,0,1
6776,15,226,29000 ,大木六新田,37.020872,138.851655,0,1
6777,15,226,30000 ,大倉,37.119257,139.041363,0,1
6778,15,226,31000 ,大桑原,37.173452,139.005745,0,1
6779,15,226,32000 ,大崎,37.128226,138.945361,0,1
6780,15,226,33000 ,大里,37.029041,138.86372,0,1
6781,15,226,34000 ,大沢,37.022537,138.806932,0,1
6782,15,226,35000 ,大杉新田,37.11774,138.873697,0,1
6783,15,226,36000 ,大月,37.045677,138.895067,0,1
6784,15,226,37000 ,岡,37.086486,138.962515,0,1
6785,15,226,38000 ,小川,37.065361,138.972161,0,1
6786,15,226,39000 ,奥,37.108639,138.903718,0,1
6787,15,226,40000 ,思川,37.055773,138.849956,0,1
6788,15,226,41000 ,欠之上,37.09627,138.84463,0,1
6789,15,226,42000 ,片田,37.064775,138.840889,0,1
6790,15,226,43000 ,蟹沢新田,36.980506,138.912727,0,1
6791,15,226,44000 ,樺野沢,37.033701,138.819404,0,1
6792,15,226,45000 ,樺野沢新田,37.025106,138.830385,0,1
6793,15,226,46000 ,上出浦,37.100063,138.952709,0,1
6794,15,226,47000 ,上十日町,37.037565,138.859238,0,1
6795,15,226,48000 ,上原,37.093372,138.927872,0,1
6796,15,226,49000 ,上原新田,37.092995,138.93256,0,1
6797,15,226,50000 ,上一日市,36.998033,138.813275,0,1
6798,15,226,51000 ,上薬師堂,37.093014,138.945622,0,1
6799,15,226,52000 ,川窪,37.089265,138.876444,0,1
6800,15,226,53000 ,北田中,37.114649,138.8649,0,1
6801,15,226,54000 ,君帰,37.083695,138.854415,0,1
6802,15,226,55000 ,君沢,37.013368,138.808265,0,1
6803,15,226,56000 ,京岡,37.035149,138.938885,0,1
6804,15,226,57000 ,京岡新田,37.042773,138.935536,0,1
6805,15,226,58000 ,桐沢,37.153746,138.993553,0,1
6806,15,226,59000 ,黒土,37.147552,138.969905,0,1
6807,15,226,60000 ,黒土新田,37.154739,138.954367,0,1
6808,15,226,61000 ,五箇,37.193007,138.924404,0,1
6809,15,226,62000 ,小木六,37.028045,138.857443,0,1
6810,15,226,63000 ,国際町,37.14643,138.946504,0,1
6811,15,226,64000 ,小栗山,37.067328,138.840028,0,1
6812,15,226,65000 ,九日町,37.139645,138.911706,0,1
6813,15,226,66000 ,小杉新田,37.020054,138.857437,0,1
6814,15,226,67000 ,小松沢,36.995236,138.873358,0,1
6815,15,226,68000 ,五郎丸,37.016536,138.836641,0,1
6816,15,226,69000 ,坂戸,37.062948,138.88967,0,1
6817,15,226,70000 ,三郎丸,37.035984,138.872929,0,1
6818,15,226,71000 ,塩沢,37.044683,138.809517,0,1
6819,15,226,72000 ,島新田,37.041466,138.869878,0,1
6820,15,226,73000 ,清水,36.935656,138.940684,0,1
6821,15,226,74000 ,清水瀬,37.075383,139.037111,0,1
6822,15,226,75000 ,下出浦,37.104568,138.945523,0,1
6823,15,226,76000 ,下原,37.102111,138.914397,0,1
6824,15,226,77000 ,下原新田,37.105545,138.916043,0,1
6825,15,226,78000 ,下一日市,37.004412,138.814719,0,1
6826,15,226,79000 ,下薬師堂,37.093711,138.94077,0,1
6827,15,226,80000 ,城山新田,37.131644,138.902252,0,1
6828,15,226,81000 ,関,36.985386,138.808435,0,1
6829,15,226,82000 ,芹田,37.154,138.922216,0,1
6830,15,226,83000 ,仙石,36.99648,138.850875,0,1
6831,15,226,84000 ,泉盛寺,37.040223,138.830425,0,1
6832,15,226,85000 ,台上,36.991239,138.900775,0,1
6833,15,226,86000 ,滝谷,36.967504,138.903513,0,1
6834,15,226,87000 ,竹俣,37.070426,138.838612,0,1
6835,15,226,88000 ,竹俣新田,37.049936,138.863529,0,1
6836,15,226,89000 ,田崎,37.079581,138.924935,0,1
6837,15,226,90000 ,津久野,37.07432,138.906796,0,1
6838,15,226,91000 ,津久野上新田,37.072981,138.91644,0,1
6839,15,226,92000 ,津久野下新田,37.083307,138.90984,0,1
6840,15,226,93000 ,土沢,37.057109,138.981459,0,1
6841,15,226,94000 ,寺尾,37.119041,138.890052,0,1
6842,15,226,95000 ,堂島新田,37.15128,138.977067,0,1
6843,15,226,96000 ,徳田新田,37.009156,138.848782,0,1
6844,15,226,97000 ,栃窪,37.052124,138.812966,0,1
6845,15,226,98000 ,中,37.027351,138.843094,0,1
6846,15,226,99000 ,中川,37.030241,138.927889,0,1
6847,15,226,100000 ,中川新田,37.046148,138.929541,0,1
6848,15,226,101000 ,中子新田乙,37.007616,138.830012,0,1
6849,15,226,102000 ,中子新田甲,37.015575,138.843891,0,1
6850,15,226,103000 ,長崎,37.004134,138.894138,0,1
6851,15,226,104000 ,中野,37.024674,138.848461,0,1
6852,15,226,105000 ,永松,37.014634,138.949069,0,1
6853,15,226,106000 ,長森,37.105322,138.932834,0,1
6854,15,226,107000 ,長森新田,37.108845,138.922306,0,1
6855,15,226,108000 ,名木沢,37.140356,138.892642,0,1
6856,15,226,109000 ,新堀,37.086989,138.924426,0,1
6857,15,226,110000 ,新堀新田,37.087457,138.913927,0,1
6858,15,226,111000 ,西泉田,37.049087,138.874661,0,1
6859,15,226,112000 ,野際,37.097392,138.938742,0,1
6860,15,226,113000 ,野田,37.105411,138.852276,0,1
6861,15,226,114000 ,野中,37.032729,138.994378,0,1
6862,15,226,115000 ,八竜新田,37.02105,138.86504,0,1
6863,15,226,116000 ,早川,37.029056,138.875049,0,1
6864,15,226,117000 ,原,37.051012,138.944062,0,1
6865,15,226,118000 ,東泉田,37.049598,138.883115,0,1
6866,15,226,119000 ,一村尾,37.147931,138.897721,0,1
6867,15,226,120000 ,蛭窪,37.020345,138.965644,0,1
6868,15,226,121000 ,深沢,37.069268,138.943289,0,1
6869,15,226,122000 ,藤原,37.082935,138.942537,0,1
6870,15,226,123000 ,舞台,37.033201,139.049288,0,1
6871,15,226,124000 ,二日町,37.087139,138.902227,0,1
6872,15,226,125000 ,船ケ沢新田,37.13679,138.974572,0,1
6873,15,226,126000 ,麓,37.11448,138.921329,0,1
6874,15,226,127000 ,法音寺,37.080936,138.932561,0,1
6875,15,226,128000 ,舞子,36.979495,138.833013,0,1
6876,15,226,129000 ,前原町,37.175932,138.97075,0,1
6877,15,226,130000 ,丸池新田,37.008081,138.826396,0,1
6878,15,226,131000 ,万条新田,36.99682,138.825703,0,1
6879,15,226,132000 ,美佐島,37.075538,138.889728,0,1
6880,15,226,133000 ,水尾,37.12212,138.929977,0,1
6881,15,226,134000 ,水尾新田,37.126307,138.923045,0,1
6882,15,226,135000 ,南田中,37.018047,138.829809,0,1
6883,15,226,136000 ,宮,37.065432,138.952817,0,1
6884,15,226,137000 ,宮野下,37.002036,138.791211,0,1
6885,15,226,138000 ,宮村下新田,37.063531,138.924169,0,1
6886,15,226,139000 ,妙音寺,37.085817,138.948335,0,1
6887,15,226,140000 ,茗荷沢,37.163506,138.954237,0,1
6888,15,226,141000 ,茗荷沢新田,37.164501,138.963255,0,1
6889,15,226,142000 ,六日町,37.069581,138.879048,1,1
6890,15,226,143000 ,目来田,37.032708,138.848677,0,1
6891,15,226,144000 ,門前,37.180198,138.998675,0,1
6892,15,226,145000 ,八色原,37.151249,138.951083,0,1
6893,15,226,146000 ,山口,37.098854,138.990663,0,1
6894,15,226,147000 ,山崎,37.168787,138.974798,0,1
6895,15,226,148000 ,山崎新田,37.172781,138.964017,0,1
6896,15,226,149000 ,山谷,37.05246,138.913074,0,1
6897,15,226,150000 ,八幡,37.071037,138.880966,1,1
6898,15,226,151000 ,湯谷,37.187652,138.97882,0,1
6899,15,226,152000 ,余川,37.077279,138.871658,0,1
6900,15,226,153000 ,吉里,37.058683,138.82844,0,1
6901,15,226,154000 ,吉山新田,37.006634,138.862038,0,1
6902,15,226,155000 ,柳古新田,37.139266,138.931625,0,1
6903,15,226,156000 ,青木新田,37.101077,138.899402,0,1
6904,15,226,157000 ,四十日,37.098623,138.88818,0,1
6905,15,226,158000 ,宇津野新田,37.09139,138.895848,0,1
6906,15,227,1000 ,あかね町,38.056152,139.397416,0,1
6907,15,227,2000 ,熱田坂,38.027846,139.479675,0,1
6908,15,227,3000 ,荒井浜,38.113079,139.382899,0,1
6909,15,227,4000 ,飯角,38.03713,139.424386,0,1
6910,15,227,5000 ,伊徳寺,38.088839,139.414238,0,1
6911,15,227,6000 ,江上,38.057089,139.391504,0,1
6912,15,227,7000 ,江尻,38.093595,139.393341,0,1
6913,15,227,8000 ,近江新,38.093185,139.440094,0,1
6914,15,227,9000 ,大出,38.102157,139.393184,0,1
6915,15,227,10000 ,大川町,38.051483,139.404986,0,1
6916,15,227,11000 ,太田野原,38.055872,139.46347,0,1
6917,15,227,12000 ,大長谷,38.05618,139.518948,0,1
6918,15,227,13000 ,小地谷,38.099781,139.42269,0,1
6919,15,227,14000 ,表町,38.04961,139.399532,0,1
6920,15,227,15000 ,加賀新,38.053862,139.393164,0,1
6921,15,227,16000 ,北成田,38.02688,139.342616,0,1
6922,15,227,17000 ,北本町,38.056551,139.403427,0,1
6923,15,227,18000 ,切田,38.094256,139.445372,0,1
6924,15,227,19000 ,乙,38.122236,139.399118,0,1
6925,15,227,20000 ,協和町,38.069534,139.405676,0,1
6926,15,227,21000 ,草野,38.055193,139.385395,0,1
6927,15,227,22000 ,久保田,38.063774,139.392274,0,1
6928,15,227,23000 ,倉敷町,38.064633,139.405706,0,1
6929,15,227,24000 ,栗木野新田,38.042423,139.472607,0,1
6930,15,227,25000 ,黒川,38.075712,139.439121,0,1
6931,15,227,26000 ,黒俣,38.040647,139.527721,0,1
6932,15,227,27000 ,鍬江,38.07901,139.505522,0,1
6933,15,227,28000 ,小出,38.097188,139.402894,0,1
6934,15,227,29000 ,鴻ノ巣,38.076487,139.387438,0,1
6935,15,227,30000 ,小長谷,38.070748,139.504386,0,1
6936,15,227,31000 ,小牧台,38.03389,139.406107,0,1
6937,15,227,32000 ,蔵王,38.084902,139.457875,0,1
6938,15,227,33000 ,坂井,38.018323,139.463761,0,1
6939,15,227,34000 ,笹口浜,38.090586,139.362799,0,1
6940,15,227,35000 ,塩沢,38.083078,139.448324,0,1
6941,15,227,36000 ,清水,38.075523,139.393448,0,1
6942,15,227,37000 ,下赤谷,38.061923,139.457109,0,1
6943,15,227,38000 ,下荒沢,38.063429,139.495592,0,1
6944,15,227,39000 ,下江端,38.074946,139.42565,0,1
6945,15,227,40000 ,下館,38.072781,139.461928,0,1
6946,15,227,41000 ,地本,38.089815,139.387953,0,1
6947,15,227,42000 ,十二天,38.093111,139.410998,0,1
6948,15,227,43000 ,新栄町,38.047169,139.401581,0,1
6949,15,227,44000 ,新和町,38.059607,139.411276,0,1
6950,15,227,45000 ,菅田,38.105608,139.406146,0,1
6951,15,227,46000 ,須巻,38.05702,139.487939,0,1
6952,15,227,47000 ,住吉町,38.062376,139.411191,0,1
6953,15,227,48000 ,関沢,38.033063,139.414638,0,1
6954,15,227,49000 ,高野,38.081459,139.406271,0,1
6955,15,227,50000 ,高野村新田,38.077022,139.397473,0,1
6956,15,227,51000 ,竹島,38.032213,139.346877,0,1
6957,15,227,52000 ,土作,38.085017,139.412954,0,1
6958,15,227,53000 ,つつじが丘,38.032982,139.393103,0,1
6959,15,227,54000 ,鼓岡,38.035571,139.464058,0,1
6960,15,227,55000 ,坪穴,38.051616,139.474567,0,1
6961,15,227,56000 ,東牧,38.080478,139.431241,0,1
6962,15,227,57000 ,富岡,38.099198,139.382293,0,1
6963,15,227,58000 ,中村浜,38.074023,139.349916,0,1
6964,15,227,59000 ,夏井,38.031843,139.496034,0,1
6965,15,227,60000 ,並槻,38.067631,139.417354,0,1
6966,15,227,61000 ,西栄町,38.051854,139.400821,0,1
6967,15,227,62000 ,西条,38.068376,139.398645,0,1
6968,15,227,63000 ,西条町,38.065452,139.397536,0,1
6969,15,227,64000 ,野中,38.060441,139.417173,0,1
6970,15,227,65000 ,羽黒,38.053912,139.430864,0,1
6971,15,227,66000 ,八幡,38.08505,139.394139,0,1
6972,15,227,67000 ,半山,38.04408,139.425322,0,1
6973,15,227,68000 ,東本町,38.057224,139.409465,0,1
6974,15,227,69000 ,平木田,38.093593,139.423622,0,1
6975,15,227,70000 ,平根台,38.087102,139.374707,0,1
6976,15,227,71000 ,二葉町,38.063326,139.417853,0,1
6977,15,227,72000 ,古舘,38.092192,139.401301,0,1
6978,15,227,73000 ,星の宮町,38.039993,139.400739,0,1
6979,15,227,74000 ,本郷,38.061125,139.393491,0,1
6980,15,227,75000 ,本郷町,38.060281,139.40121,0,1
6981,15,227,76000 ,本町,38.051785,139.403271,0,1
6982,15,227,77000 ,松波,38.091343,139.369552,0,1
6983,15,227,78000 ,水沢町,38.045282,139.396841,0,1
6984,15,227,79000 ,宮川,38.028217,139.347103,0,1
6985,15,227,80000 ,宮久,37.941481,139.531333,0,1
6986,15,227,81000 ,村松浜,38.052955,139.328356,0,1
6987,15,227,82000 ,持倉,38.035246,139.510802,0,1
6988,15,227,83000 ,桃崎浜,38.143189,139.406956,0,1
6989,15,227,84000 ,山屋,38.101371,139.413267,0,1
6990,15,227,85000 ,横道,38.079095,139.417302,0,1
6991,15,227,86000 ,若松町,38.064424,139.410839,0,1
6992,15,227,87000 ,西本町,38.052343,139.396584,0,1
6993,15,227,88000 ,弥彦岡,38.040686,139.364147,0,1
6994,15,227,89000 ,城塚,38.035242,139.371252,0,1
6995,15,227,90000 ,中条,38.044724,139.393024,0,1
6996,15,227,91000 ,船戸,38.03405,139.383005,0,1
6997,15,227,92000 ,長橋,38.036372,139.397058,0,1
6998,15,227,93000 ,小舟戸,38.03908,139.381762,0,1
6999,15,227,94000 ,八田,38.045357,139.389488,0,1
7000,15,227,95000 ,寅田,38.040953,139.384168,0,1
7001,15,227,96000 ,柴橋,38.049765,139.380315,0,1
7002,15,227,97000 ,東川内,38.045962,139.377063,0,1
7003,15,227,98000 ,大塚,38.042427,139.37557,0,1
7004,15,227,99000 ,宮瀬,38.078626,139.382101,0,1
7005,15,227,100000 ,高畑,38.083199,139.372561,0,1
7006,15,227,101000 ,赤川,38.066968,139.381904,0,1
7007,15,227,102000 ,山王,38.070382,139.369367,0,1
7008,15,227,103000 ,下高田,38.066985,139.3635,0,1
7009,15,227,104000 ,新舘,38.052172,139.373315,0,1
7010,15,227,105000 ,鷹ノ巣,38.060425,139.377574,0,1
7011,15,227,106000 ,西川内,38.05135,139.368806,0,1
7012,15,227,107000 ,苔実,38.036783,139.35179,0,1
7013,15,227,108000 ,高橋,38.047053,139.354044,0,1
7014,15,227,109000 ,築地,38.050084,139.342618,0,1
7015,15,227,110000 ,築地新,38.052093,139.356346,0,1
7016,15,227,111000 ,堀口,38.048495,139.357221,0,1
7017,15,227,112000 ,塩津,38.038457,139.367277,0,1
7018,15,227,113000 ,中倉,38.045504,139.361506,0,1
7019,15,307,1000 ,位守町,37.993366,139.245219,0,1
7020,15,307,2000 ,大字網代浜,38.001786,139.261641,0,1
7021,15,307,3000 ,大字上大谷内,37.978037,139.304062,0,1
7022,15,307,4000 ,大字亀塚,38.009111,139.264793,0,1
7023,15,307,5000 ,大字三賀,37.959363,139.283714,0,1
7024,15,307,6000 ,大字次第浜,38.01524,139.279384,0,1
7025,15,307,7000 ,大字諏訪山,37.974322,139.275316,0,1
7026,15,307,8000 ,大字大夫,37.965277,139.282623,0,1
7027,15,307,9000 ,大字大夫興野,37.960373,139.246913,0,1
7028,15,307,10000 ,大字道賀新田,37.983652,139.305692,0,1
7029,15,307,11000 ,大字二本松,37.958904,139.263053,0,1
7030,15,307,12000 ,大字蓮潟,37.985158,139.269491,0,1
7031,15,307,13000 ,大字蓮野,37.969267,139.256002,0,1
7032,15,307,14000 ,大字藤寄,37.952556,139.241005,0,1
7033,15,307,15000 ,大字別條,37.96999,139.26913,0,1
7034,15,307,16000 ,大字真野,37.983469,139.290352,0,1
7035,15,307,17000 ,大字丸潟,37.974279,139.299469,0,1
7036,15,307,18000 ,大字桃山,37.97791,139.292131,0,1
7037,15,307,19000 ,大字山倉,37.974653,139.285863,0,1
7038,15,307,20001 ,東港一丁目,37.998689,139.239572,0,3
7039,15,307,20002 ,東港二丁目,37.986766,139.236817,0,3
7040,15,307,20003 ,東港三丁目,37.97704,139.24263,0,3
7041,15,307,20004 ,東港四丁目,37.969552,139.243258,0,3
7042,15,307,20005 ,東港五丁目,37.991263,139.251095,0,3
7043,15,307,20006 ,東港六丁目,37.98471,139.249912,0,3
7044,15,307,20007 ,東港七丁目,37.979681,139.253758,0,3
7045,15,342,1000 ,大字井田,37.700262,138.849326,0,1
7046,15,342,2000 ,大字えび穴,37.703802,138.860037,0,1
7047,15,342,3000 ,大字大戸,37.676463,138.864018,0,1
7048,15,342,4000 ,大字荻野,37.698287,138.864106,0,1
7049,15,342,5000 ,大字上泉,37.711094,138.837611,0,1
7050,15,342,6000 ,大字川崎,37.68027,138.868407,0,1
7051,15,342,7000 ,大字観音寺,37.691398,138.820541,0,1
7052,15,342,8000 ,大字境江,37.673199,138.826301,0,1
7053,15,342,9000 ,大字田中新田,37.693835,138.864989,0,1
7054,15,342,10000 ,大字中山,37.68626,138.854762,0,1
7055,15,342,11000 ,大字走出,37.696122,138.832584,0,1
7056,15,342,12000 ,大字浜首,37.696777,138.871098,0,1
7057,15,342,13000 ,大字平野,37.697071,138.869146,0,1
7058,15,342,14000 ,大字麓,37.68082,138.81792,0,1
7059,15,342,15000 ,大字麓村新田,37.664803,138.84582,0,1
7060,15,342,16000 ,大字村山,37.680855,138.845152,0,1
7061,15,342,17000 ,大字矢作,37.693577,138.855881,0,1
7062,15,342,18000 ,大字弥彦,37.703418,138.82798,0,1
7063,15,342,19000 ,大字山岸,37.687186,138.839942,0,1
7064,15,342,20000 ,大字山崎,37.68705,138.848114,0,1
7065,15,342,21000 ,峰見,37.684754,138.870145,0,1
7066,15,342,22000 ,美山,37.687409,138.866119,0,1
7067,15,361,1000 ,大字石田新田,37.682504,139.044367,0,1
7068,15,361,2000 ,大字川船河,37.676085,139.065316,0,1
7069,15,361,3000 ,大字坂田,37.675486,139.046851,0,1
7070,15,361,4000 ,大字千苅新田,37.682696,139.050125,0,1
7071,15,361,5000 ,大字曽根新田,37.722643,139.058322,0,1
7072,15,361,6000 ,大字田上,37.709578,139.074247,0,1
7073,15,361,7000 ,大字羽生田,37.68766,139.078422,0,1
7074,15,361,8000 ,大字原ケ崎新田,37.700844,139.055563,0,1
7075,15,361,9000 ,大字保明新田,37.69179,139.039305,0,1
7076,15,361,10000 ,大字湯川,37.727868,139.095516,0,1
7077,15,361,11000 ,大字横場新田,37.708371,139.045307,0,1
7078,15,361,12000 ,大字吉田新田,37.692014,139.070622,0,1
7079,15,385,1000 ,赤岩,37.689142,139.419342,0,1
7080,15,385,2000 ,あが野北,37.715864,139.378257,0,1
7081,15,385,3000 ,あが野南,37.710319,139.366731,0,1
7082,15,385,4000 ,新谷,37.755757,139.466503,0,1
7083,15,385,5000 ,五十沢,37.731863,139.392863,0,1
7084,15,385,6000 ,五十島,37.683196,139.332276,0,1
7085,15,385,7000 ,石戸,37.757151,139.335847,0,1
7086,15,385,8000 ,石間,37.751534,139.304304,0,1
7087,15,385,9000 ,岩谷,37.722086,139.363029,0,1
7088,15,385,10000 ,上ノ山,37.675335,139.454906,0,1
7089,15,385,11000 ,大牧,37.69049,139.409187,0,1
7090,15,385,12000 ,岡沢,37.777422,139.487399,0,1
7091,15,385,13000 ,小手茂,37.579949,139.45758,0,1
7092,15,385,14000 ,鹿瀬,37.706567,139.466162,0,1
7093,15,385,15000 ,上島,37.742911,139.382402,0,1
7094,15,385,16000 ,神谷,37.528463,139.365053,0,1
7095,15,385,17000 ,川口,37.721547,139.391685,0,1
7096,15,385,18000 ,京ノ瀬,37.705574,139.439962,0,1
7097,15,385,19000 ,九島,37.644058,139.458552,0,1
7098,15,385,20000 ,熊渡,37.735501,139.320486,0,1
7099,15,385,21000 ,雲和田,37.662356,139.427103,0,1
7100,15,385,22000 ,倉ノ平,37.680179,139.524208,0,1
7101,15,385,23000 ,黒岩,37.695907,139.383317,0,1
7102,15,385,24000 ,小出,37.628478,139.490236,0,1
7103,15,385,25000 ,小花地,37.700363,139.395506,0,1
7104,15,385,26000 ,三宝分,37.598375,139.488342,0,1
7105,15,385,27000 ,白崎,37.710435,139.385507,0,1
7106,15,385,28000 ,大倉,37.563739,139.557722,0,1
7107,15,385,29000 ,田沢,37.632465,139.526828,0,1
7108,15,385,30000 ,津川,37.676236,139.450069,0,1
7109,15,385,31000 ,綱木,37.795596,139.422528,0,1
7110,15,385,32000 ,角島,37.695737,139.45322,0,1
7111,15,385,33000 ,釣浜,37.727925,139.305268,0,1
7112,15,385,34000 ,天満,37.661716,139.4846,0,1
7113,15,385,35000 ,豊川,37.613457,139.462825,0,1
7114,15,385,36000 ,豊実,37.759764,139.635784,0,1
7115,15,385,37000 ,取上,37.733871,139.330981,0,1
7116,15,385,38000 ,長谷,37.709882,139.308434,0,1
7117,15,385,39000 ,中ノ沢,37.768551,139.366211,0,1
7118,15,385,40000 ,七名,37.547158,139.52947,0,1
7119,15,385,41000 ,西,37.666432,139.413511,0,1
7120,15,385,42000 ,野村,37.654237,139.48035,0,1
7121,15,385,43000 ,花立,37.661643,139.50544,0,1
7122,15,385,44000 ,払川,37.651921,139.444375,0,1
7123,15,385,45000 ,東山,37.602517,139.522621,0,1
7124,15,385,46000 ,日出谷,37.750197,139.551394,0,1
7125,15,385,47000 ,日野川,37.61066,139.442436,0,1
7126,15,385,48000 ,平堀,37.66863,139.472606,0,1
7127,15,385,49000 ,広沢,37.661814,139.469237,0,1
7128,15,385,50000 ,広谷,37.576903,139.438474,0,1
7129,15,385,51000 ,福取,37.66252,139.552957,0,1
7130,15,385,52000 ,古岐,37.783396,139.356207,0,1
7131,15,385,53000 ,細越,37.745719,139.407159,0,1
7132,15,385,54000 ,三方,37.552854,139.484708,0,1
7133,15,385,55000 ,向鹿瀬,37.700062,139.481937,0,1
7134,15,385,56000 ,八木山,37.667219,139.534223,0,1
7135,15,385,57000 ,谷沢,37.654263,139.378224,0,1
7136,15,385,58000 ,八ツ田,37.662054,139.573242,0,1
7137,15,385,59000 ,行地,37.734593,139.439618,0,1
7138,15,385,60000 ,吉津,37.716551,139.371668,0,1
7139,15,385,61000 ,両郷,37.636635,139.467053,0,1
7140,15,405,1000 ,大字相田,37.502464,138.728008,0,1
7141,15,405,2000 ,大字尼瀬,37.536972,138.67963,0,1
7142,15,405,3000 ,大字石井町,37.543877,138.688663,0,1
7143,15,405,4000 ,大字市野坪,37.500464,138.70199,0,1
7144,15,405,5000 ,大字稲川,37.519208,138.691324,0,1
7145,15,405,6000 ,大字井鼻,37.553405,138.706406,0,1
7146,15,405,7000 ,大字上野山,37.548196,138.704257,0,1
7147,15,405,8000 ,大字大釜谷,37.516543,138.728206,0,1
7148,15,405,9000 ,大字大寺,37.558746,138.742188,0,1
7149,15,405,10000 ,大字小木,37.51442,138.706113,0,1
7150,15,405,11000 ,大字乙茂,37.558599,138.729773,0,1
7151,15,405,12000 ,大字柿木,37.539323,138.745139,0,1
7152,15,405,13000 ,大字勝見,37.528454,138.672584,0,1
7153,15,405,14000 ,大字桂沢,37.513689,138.7208,0,1
7154,15,405,15000 ,大字神条,37.528572,138.730921,0,1
7155,15,405,16000 ,大字上中条,37.549166,138.717694,0,1
7156,15,405,17000 ,大字川西,37.527448,138.707748,0,1
7157,15,405,18000 ,大字木折町,37.549341,138.698409,0,1
7158,15,405,19000 ,大字久田,37.566665,138.721095,0,1
7159,15,405,20000 ,大字小釜谷,37.519547,138.731449,0,1
7160,15,405,21000 ,大字小竹,37.532507,138.695187,0,1
7161,15,405,22000 ,大字米田,37.53906,138.702443,0,1
7162,15,405,23000 ,大字沢田,37.543741,138.725804,0,1
7163,15,405,24000 ,大字常楽寺,37.501062,138.718138,0,1
7164,15,405,25000 ,大字住吉町,37.541916,138.687118,0,1
7165,15,405,26000 ,大字大門,37.532574,138.716995,0,1
7166,15,405,27000 ,大字滝谷,37.532675,138.743279,0,1
7167,15,405,28000 ,大字立石,37.532243,138.703193,0,1
7168,15,405,29000 ,大字田中,37.503006,138.683082,0,1
7169,15,405,30000 ,大字豊橋,37.501484,138.707907,0,1
7170,15,405,31000 ,大字中山,37.534024,138.687301,0,1
7171,15,405,32000 ,大字鳴滝町,37.547302,138.696112,0,1
7172,15,405,33000 ,大字羽黒町,37.545302,138.693338,0,1
7173,15,405,34000 ,大字藤巻,37.546996,138.734089,0,1
7174,15,405,35000 ,大字船橋,37.510112,138.693649,0,1
7175,15,405,36000 ,大字別ケ谷,37.522422,138.714677,0,1
7176,15,405,37000 ,大字馬草,37.554488,138.736365,0,1
7177,15,405,38000 ,大字松本,37.528413,138.721715,0,1
7178,15,405,39000 ,大字山谷,37.524392,138.718495,0,1
7179,15,405,40000 ,大字吉川,37.523915,138.745906,0,1
7180,15,405,41000 ,大字吉水,37.511959,138.728171,0,1
7181,15,461,1000 ,大字神立,36.923889,138.813471,3,1
7182,15,461,2000 ,大字土樽,36.887479,138.866887,0,1
7183,15,461,3000 ,大字三国,36.804073,138.759987,0,1
7184,15,461,4000 ,大字三俣,36.890315,138.761671,0,1
7185,15,461,5000 ,大字湯沢,36.944065,138.795272,0,1
7186,15,461,6001 ,湯沢一丁目,36.935909,138.811653,0,3
7187,15,461,6002 ,湯沢二丁目,36.93796,138.808996,0,3
7188,15,461,6003 ,湯沢三丁目,36.938104,138.811072,0,3
7189,15,461,6004 ,湯沢四丁目,36.936662,138.813428,0,3
7190,15,461,6005 ,湯沢五丁目,36.936363,138.814554,0,3
7191,15,482,1000 ,大字赤沢,36.974486,138.651092,0,1
7192,15,482,2000 ,大字秋成,36.944769,138.670733,0,1
7193,15,482,3000 ,大字芦ケ崎,37.00238,138.64057,0,1
7194,15,482,4000 ,大字大赤沢,36.884423,138.658094,0,1
7195,15,482,5000 ,大字上郷上田,37.01913,138.616732,0,1
7196,15,482,6000 ,大字上郷大井平,36.986663,138.606719,0,1
7197,15,482,7000 ,大字上郷子種新田,36.961122,138.608769,0,1
7198,15,482,8000 ,大字上郷寺石,37.0101,138.587054,0,1
7199,15,482,9000 ,大字上郷宮野原,36.959051,138.594098,0,1
7200,15,482,10000 ,大字穴藤,36.949361,138.655837,0,1
7201,15,482,11000 ,大字結東,36.925655,138.626272,0,1
7202,15,482,12000 ,大字三箇,37.05296,138.664252,0,1
7203,15,482,13000 ,大字下船渡,37.026824,138.672542,0,1
7204,15,482,14000 ,大字外丸,37.030326,138.638923,0,1
7205,15,482,15000 ,大字中深見,36.978488,138.698494,0,1
7206,15,482,16000 ,大字米原,37.004072,138.69264,0,1
7207,15,482,17000 ,大字谷内,36.970758,138.627492,0,1
7208,15,504,1000 ,大字赤田北方,37.41773,138.651354,0,1
7209,15,504,2000 ,大字赤田町方,37.412988,138.645044,0,1
7210,15,504,3000 ,大字油田,37.424707,138.689821,0,1
7211,15,504,4000 ,大字新屋敷,37.413465,138.62767,0,1
7212,15,504,5000 ,大字井岡,37.428361,138.637827,0,1
7213,15,504,6000 ,大字入和田,37.453376,138.639209,0,1
7214,15,504,7000 ,大字大塚,37.421445,138.629895,0,1
7215,15,504,8000 ,大字上高町,37.40767,138.618865,0,1
7216,15,504,9000 ,大字刈羽,37.427818,138.616617,0,1
7217,15,504,10000 ,大字枯木,37.413977,138.636552,0,1
7218,15,504,11000 ,大字黒川,37.408759,138.696187,0,1
7219,15,504,12000 ,大字西元寺,37.442001,138.625979,3,1
7220,15,504,13000 ,大字下高町,37.408243,138.604919,0,1
7221,15,504,14000 ,大字正明寺,37.403471,138.602098,0,1
7222,15,504,15000 ,大字滝谷,37.448124,138.630198,3,1
7223,15,504,16000 ,大字滝谷新田,37.44741,138.637039,0,1
7224,15,504,17000 ,大字寺尾,37.446337,138.617954,0,1
7225,15,504,18000 ,大字十日市,37.436134,138.627881,0,1
7226,15,504,19000 ,大字西谷,37.423102,138.634575,0,1
7227,15,504,20000 ,大字割町新田,37.417577,138.619038,0,1
7228,15,581,1000 ,大字安角,38.045989,139.581402,0,1
7229,15,581,2000 ,大字幾地,38.048792,139.539147,0,1
7230,15,581,3000 ,大字上野,38.134332,139.551477,0,1
7231,15,581,4000 ,大字上野新,38.125726,139.535282,0,1
7232,15,581,5000 ,大字上野山,38.107885,139.557018,0,1
7233,15,581,6000 ,大字打上,38.096993,139.54302,0,1
7234,15,581,7000 ,大字内須川,38.066977,139.552274,0,1
7235,15,581,8000 ,大字大石,37.98252,139.602965,0,1
7236,15,581,9000 ,大字大内渕,38.066028,139.599378,0,1
7237,15,581,10000 ,大字大島,38.104523,139.517264,0,1
7238,15,581,11000 ,大字小見,38.111776,139.552017,0,1
7239,15,581,12000 ,大字小見前新田,38.103255,139.542016,0,1
7240,15,581,13000 ,大字鮖谷,38.054184,139.56164,0,1
7241,15,581,14000 ,大字片貝,38.071013,139.628517,0,1
7242,15,581,15000 ,大字桂,38.11863,139.517487,0,1
7243,15,581,16000 ,大字金丸,38.060397,139.669226,0,1
7244,15,581,17000 ,大字金俣,38.019293,139.544306,0,1
7245,15,581,18000 ,大字上川口,38.067066,139.58218,0,1
7246,15,581,19000 ,大字上新保,38.138053,139.551254,0,1
7247,15,581,20000 ,大字上関,38.082029,139.574517,0,1
7248,15,581,21000 ,大字聞出,38.079229,139.622328,0,1
7249,15,581,22000 ,大字久保,38.064566,139.568244,0,1
7250,15,581,23000 ,大字鍬江沢,38.089755,139.506393,0,1
7251,15,581,24000 ,大字小和田,38.122294,139.614903,0,1
7252,15,581,25000 ,大字下川口,38.075349,139.586739,0,1
7253,15,581,26000 ,大字下関,38.083346,139.555484,0,1
7254,15,581,27000 ,大字蛇喰,38.140548,139.546956,0,1
7255,15,581,28000 ,大字勝蔵,38.089813,139.545415,0,1
7256,15,581,29000 ,大字蔵田島,38.063876,139.577475,0,1
7257,15,581,30000 ,大字高田,38.11133,139.534262,0,1
7258,15,581,31000 ,大字滝原,38.10445,139.567071,0,1
7259,15,581,32000 ,大字辰田新,38.095435,139.548651,0,1
7260,15,581,33000 ,大字土沢,38.093169,139.52074,0,1
7261,15,581,34000 ,大字中束,38.144309,139.624842,0,1
7262,15,581,35000 ,大字楢木新田,38.076188,139.594556,0,1
7263,15,581,36000 ,大字沼,38.032499,139.62534,0,1
7264,15,581,37000 ,大字畑,38.040208,139.646274,0,1
7265,15,581,38000 ,大字深沢,38.123744,139.540358,0,1
7266,15,581,39000 ,大字平内新,38.106498,139.536618,0,1
7267,15,581,40000 ,大字朴坂,38.130187,139.522239,0,1
7268,15,581,41000 ,大字南赤谷,38.085919,139.539684,0,1
7269,15,581,42000 ,大字南中,38.142,139.539442,0,1
7270,15,581,43000 ,大字宮前,38.13932,139.522768,0,1
7271,15,581,44000 ,大字八ツ口,38.087396,139.653186,0,1
7272,15,581,45000 ,大字山本,38.071333,139.530815,0,1
7273,15,581,46000 ,大字湯沢,38.094424,139.604804,0,1
7274,15,581,47000 ,大字若山,38.126765,139.552359,0,1
7275,15,586,1000 ,釜谷,38.44737,139.226326,0,2
7276,15,586,2000 ,内浦,38.465471,139.251767,0,2
7277,15,586,3000 ,字日ノ見山,38.468436,139.254837,0,2
